ISO-10303-21;
HEADER;
/* Generated by software containing ST-Developer
 * from STEP Tools, Inc. (www.steptools.com) 
 */

FILE_DESCRIPTION(
/* description */ (''),
/* implementation_level */ '2;1');

FILE_NAME(
/* name */ '172448-0004_DarkGray.stp',
/* time_stamp */ '2025-04-15T11:44:33-05:00',
/* author */ ('barre'),
/* organization */ (''),
/* preprocessor_version */ 'ST-DEVELOPER v20',
/* originating_system */ 'Autodesk Inventor 2025',
/* authorisation */ '');

FILE_SCHEMA (('AUTOMOTIVE_DESIGN { 1 0 10303 214 3 1 1 }'));
ENDSEC;

DATA;
#10=MECHANICAL_DESIGN_GEOMETRIC_PRESENTATION_REPRESENTATION('',(#2139,#2140,
#2141,#2142,#2143,#2144,#2145,#2146,#2147,#2148,#2149,#2150,#2151,#2152,
#2153,#2154,#2155,#2156,#2157,#2158,#2159,#2160,#2161,#2162,#2163,#2164,
#2165,#2166,#2167,#2168,#2169,#2170,#2171,#2172,#2173,#2174,#2175,#2176,
#2177,#2178,#2179,#2180,#2181,#2182,#2183,#2184,#2185,#2186,#2187,#2188,
#2189,#2190,#2191,#2192,#2193,#2194,#2195,#2196,#2197,#2198,#2199,#2200,
#2201,#2202,#2203,#2204,#2205,#2206,#2207,#2208,#2209,#2210,#2211,#2212,
#2213,#2214,#2215,#2216,#2217,#2218,#2219,#2220,#2221,#2222,#2223,#2224,
#2225,#2226,#2227,#2228,#2229,#2230,#2231,#2232,#2233,#2234,#2235,#2236,
#2237,#2238,#2239,#2240,#2241,#2242,#2243,#2244,#2245,#2246,#2247,#2248,
#2249,#2250,#2251,#2252,#2253,#2254,#2255,#2256,#2257,#2258,#2259,#2260,
#2261,#2262,#2263,#2264,#2265),#3836);
#11=GEOMETRICALLY_BOUNDED_WIREFRAME_SHAPE_REPRESENTATION('',(#12),#3835);
#12=GEOMETRIC_CURVE_SET('3D Sketch1',(#16,#351,#352,#353,#354,#355));
#13=SHAPE_REPRESENTATION_RELATIONSHIP('SRR','None',#3843,#15);
#14=SHAPE_REPRESENTATION_RELATIONSHIP('SRR','None',#3843,#11);
#15=ADVANCED_BREP_SHAPE_REPRESENTATION('',(#17),#3835);
#16=POLYLINE('',(#3826,#3827));
#17=MANIFOLD_SOLID_BREP('Solid1',#2389);
#18=(
BOUNDED_CURVE()
B_SPLINE_CURVE(2,(#3351,#3352,#3353),.UNSPECIFIED.,.F.,.F.)
B_SPLINE_CURVE_WITH_KNOTS((3,3),(0.140971980216928,0.247853607545202),
 .UNSPECIFIED.)
CURVE()
GEOMETRIC_REPRESENTATION_ITEM()
RATIONAL_B_SPLINE_CURVE((0.973229577082295,0.970037175107299,0.977392446300789))
REPRESENTATION_ITEM('')
);
#19=(
BOUNDED_CURVE()
B_SPLINE_CURVE(2,(#3359,#3360,#3361),.UNSPECIFIED.,.F.,.F.)
B_SPLINE_CURVE_WITH_KNOTS((3,3),(0.0987888153311711,0.205670442659446),
 .UNSPECIFIED.)
CURVE()
GEOMETRIC_REPRESENTATION_ITEM()
RATIONAL_B_SPLINE_CURVE((0.977392446300789,0.970037175107299,0.973229577082296))
REPRESENTATION_ITEM('')
);
#20=CONICAL_SURFACE('',#2439,1.5,0.475942071478992);
#21=CONICAL_SURFACE('',#2442,1.5,0.475942071478992);
#22=ELLIPSE('',#2436,6.74483917860769,1.37250312712226);
#23=ELLIPSE('',#2438,6.74483917860769,1.37250312712226);
#24=CYLINDRICAL_SURFACE('',#2421,0.3);
#25=CYLINDRICAL_SURFACE('',#2424,0.3);
#26=CYLINDRICAL_SURFACE('',#2430,1.5);
#27=CYLINDRICAL_SURFACE('',#2432,1.5);
#28=CYLINDRICAL_SURFACE('',#2458,1.75);
#29=CYLINDRICAL_SURFACE('',#2459,1.75);
#30=CYLINDRICAL_SURFACE('',#2462,0.3);
#31=CYLINDRICAL_SURFACE('',#2465,0.3);
#32=CYLINDRICAL_SURFACE('',#2473,0.4);
#33=CYLINDRICAL_SURFACE('',#2486,0.5);
#34=CYLINDRICAL_SURFACE('',#2490,1.57);
#35=CYLINDRICAL_SURFACE('',#2515,0.3);
#36=CYLINDRICAL_SURFACE('',#2519,1.37);
#37=CYLINDRICAL_SURFACE('',#2534,0.5);
#38=CYLINDRICAL_SURFACE('',#2538,1.57);
#39=CYLINDRICAL_SURFACE('',#2563,0.3);
#40=CYLINDRICAL_SURFACE('',#2567,1.37);
#41=FACE_BOUND('',#179,.T.);
#42=FACE_BOUND('',#180,.T.);
#43=FACE_BOUND('',#181,.T.);
#44=FACE_BOUND('',#182,.T.);
#45=FACE_BOUND('',#191,.T.);
#46=FACE_BOUND('',#192,.T.);
#47=FACE_BOUND('',#219,.T.);
#48=FACE_BOUND('',#220,.T.);
#49=FACE_BOUND('',#221,.T.);
#50=FACE_BOUND('',#222,.T.);
#51=FACE_BOUND('',#242,.T.);
#52=FACE_BOUND('',#244,.T.);
#53=FACE_BOUND('',#284,.T.);
#54=FACE_BOUND('',#286,.T.);
#55=FACE_OUTER_BOUND('',#178,.T.);
#56=FACE_OUTER_BOUND('',#183,.T.);
#57=FACE_OUTER_BOUND('',#184,.T.);
#58=FACE_OUTER_BOUND('',#185,.T.);
#59=FACE_OUTER_BOUND('',#186,.T.);
#60=FACE_OUTER_BOUND('',#187,.T.);
#61=FACE_OUTER_BOUND('',#188,.T.);
#62=FACE_OUTER_BOUND('',#189,.T.);
#63=FACE_OUTER_BOUND('',#190,.T.);
#64=FACE_OUTER_BOUND('',#193,.T.);
#65=FACE_OUTER_BOUND('',#194,.T.);
#66=FACE_OUTER_BOUND('',#195,.T.);
#67=FACE_OUTER_BOUND('',#196,.T.);
#68=FACE_OUTER_BOUND('',#197,.T.);
#69=FACE_OUTER_BOUND('',#198,.T.);
#70=FACE_OUTER_BOUND('',#199,.T.);
#71=FACE_OUTER_BOUND('',#200,.T.);
#72=FACE_OUTER_BOUND('',#201,.T.);
#73=FACE_OUTER_BOUND('',#202,.T.);
#74=FACE_OUTER_BOUND('',#203,.T.);
#75=FACE_OUTER_BOUND('',#204,.T.);
#76=FACE_OUTER_BOUND('',#205,.T.);
#77=FACE_OUTER_BOUND('',#206,.T.);
#78=FACE_OUTER_BOUND('',#207,.T.);
#79=FACE_OUTER_BOUND('',#208,.T.);
#80=FACE_OUTER_BOUND('',#209,.T.);
#81=FACE_OUTER_BOUND('',#210,.T.);
#82=FACE_OUTER_BOUND('',#211,.T.);
#83=FACE_OUTER_BOUND('',#212,.T.);
#84=FACE_OUTER_BOUND('',#213,.T.);
#85=FACE_OUTER_BOUND('',#214,.T.);
#86=FACE_OUTER_BOUND('',#215,.T.);
#87=FACE_OUTER_BOUND('',#216,.T.);
#88=FACE_OUTER_BOUND('',#217,.T.);
#89=FACE_OUTER_BOUND('',#218,.T.);
#90=FACE_OUTER_BOUND('',#223,.T.);
#91=FACE_OUTER_BOUND('',#224,.T.);
#92=FACE_OUTER_BOUND('',#225,.T.);
#93=FACE_OUTER_BOUND('',#226,.T.);
#94=FACE_OUTER_BOUND('',#227,.T.);
#95=FACE_OUTER_BOUND('',#228,.T.);
#96=FACE_OUTER_BOUND('',#229,.T.);
#97=FACE_OUTER_BOUND('',#230,.T.);
#98=FACE_OUTER_BOUND('',#231,.T.);
#99=FACE_OUTER_BOUND('',#232,.T.);
#100=FACE_OUTER_BOUND('',#233,.T.);
#101=FACE_OUTER_BOUND('',#234,.T.);
#102=FACE_OUTER_BOUND('',#235,.T.);
#103=FACE_OUTER_BOUND('',#236,.T.);
#104=FACE_OUTER_BOUND('',#237,.T.);
#105=FACE_OUTER_BOUND('',#238,.T.);
#106=FACE_OUTER_BOUND('',#239,.T.);
#107=FACE_OUTER_BOUND('',#240,.T.);
#108=FACE_OUTER_BOUND('',#241,.T.);
#109=FACE_OUTER_BOUND('',#243,.T.);
#110=FACE_OUTER_BOUND('',#245,.T.);
#111=FACE_OUTER_BOUND('',#246,.T.);
#112=FACE_OUTER_BOUND('',#247,.T.);
#113=FACE_OUTER_BOUND('',#248,.T.);
#114=FACE_OUTER_BOUND('',#249,.T.);
#115=FACE_OUTER_BOUND('',#250,.T.);
#116=FACE_OUTER_BOUND('',#251,.T.);
#117=FACE_OUTER_BOUND('',#252,.T.);
#118=FACE_OUTER_BOUND('',#253,.T.);
#119=FACE_OUTER_BOUND('',#254,.T.);
#120=FACE_OUTER_BOUND('',#255,.T.);
#121=FACE_OUTER_BOUND('',#256,.T.);
#122=FACE_OUTER_BOUND('',#257,.T.);
#123=FACE_OUTER_BOUND('',#258,.T.);
#124=FACE_OUTER_BOUND('',#259,.T.);
#125=FACE_OUTER_BOUND('',#260,.T.);
#126=FACE_OUTER_BOUND('',#261,.T.);
#127=FACE_OUTER_BOUND('',#262,.T.);
#128=FACE_OUTER_BOUND('',#263,.T.);
#129=FACE_OUTER_BOUND('',#264,.T.);
#130=FACE_OUTER_BOUND('',#265,.T.);
#131=FACE_OUTER_BOUND('',#266,.T.);
#132=FACE_OUTER_BOUND('',#267,.T.);
#133=FACE_OUTER_BOUND('',#268,.T.);
#134=FACE_OUTER_BOUND('',#269,.T.);
#135=FACE_OUTER_BOUND('',#270,.T.);
#136=FACE_OUTER_BOUND('',#271,.T.);
#137=FACE_OUTER_BOUND('',#272,.T.);
#138=FACE_OUTER_BOUND('',#273,.T.);
#139=FACE_OUTER_BOUND('',#274,.T.);
#140=FACE_OUTER_BOUND('',#275,.T.);
#141=FACE_OUTER_BOUND('',#276,.T.);
#142=FACE_OUTER_BOUND('',#277,.T.);
#143=FACE_OUTER_BOUND('',#278,.T.);
#144=FACE_OUTER_BOUND('',#279,.T.);
#145=FACE_OUTER_BOUND('',#280,.T.);
#146=FACE_OUTER_BOUND('',#281,.T.);
#147=FACE_OUTER_BOUND('',#282,.T.);
#148=FACE_OUTER_BOUND('',#283,.T.);
#149=FACE_OUTER_BOUND('',#285,.T.);
#150=FACE_OUTER_BOUND('',#287,.T.);
#151=FACE_OUTER_BOUND('',#288,.T.);
#152=FACE_OUTER_BOUND('',#289,.T.);
#153=FACE_OUTER_BOUND('',#290,.T.);
#154=FACE_OUTER_BOUND('',#291,.T.);
#155=FACE_OUTER_BOUND('',#292,.T.);
#156=FACE_OUTER_BOUND('',#293,.T.);
#157=FACE_OUTER_BOUND('',#294,.T.);
#158=FACE_OUTER_BOUND('',#295,.T.);
#159=FACE_OUTER_BOUND('',#296,.T.);
#160=FACE_OUTER_BOUND('',#297,.T.);
#161=FACE_OUTER_BOUND('',#298,.T.);
#162=FACE_OUTER_BOUND('',#299,.T.);
#163=FACE_OUTER_BOUND('',#300,.T.);
#164=FACE_OUTER_BOUND('',#301,.T.);
#165=FACE_OUTER_BOUND('',#302,.T.);
#166=FACE_OUTER_BOUND('',#303,.T.);
#167=FACE_OUTER_BOUND('',#304,.T.);
#168=FACE_OUTER_BOUND('',#305,.T.);
#169=FACE_OUTER_BOUND('',#306,.T.);
#170=FACE_OUTER_BOUND('',#307,.T.);
#171=FACE_OUTER_BOUND('',#308,.T.);
#172=FACE_OUTER_BOUND('',#309,.T.);
#173=FACE_OUTER_BOUND('',#310,.T.);
#174=FACE_OUTER_BOUND('',#311,.T.);
#175=FACE_OUTER_BOUND('',#312,.T.);
#176=FACE_OUTER_BOUND('',#313,.T.);
#177=FACE_OUTER_BOUND('',#314,.T.);
#178=EDGE_LOOP('',(#1413,#1414,#1415,#1416,#1417,#1418,#1419,#1420,#1421,
#1422,#1423,#1424));
#179=EDGE_LOOP('',(#1425,#1426,#1427,#1428));
#180=EDGE_LOOP('',(#1429,#1430,#1431,#1432,#1433,#1434));
#181=EDGE_LOOP('',(#1435,#1436,#1437,#1438,#1439,#1440));
#182=EDGE_LOOP('',(#1441,#1442,#1443,#1444));
#183=EDGE_LOOP('',(#1445,#1446,#1447,#1448));
#184=EDGE_LOOP('',(#1449,#1450,#1451,#1452));
#185=EDGE_LOOP('',(#1453,#1454,#1455,#1456,#1457,#1458,#1459,#1460));
#186=EDGE_LOOP('',(#1461,#1462,#1463,#1464));
#187=EDGE_LOOP('',(#1465,#1466,#1467,#1468,#1469,#1470));
#188=EDGE_LOOP('',(#1471,#1472,#1473,#1474));
#189=EDGE_LOOP('',(#1475,#1476,#1477,#1478,#1479));
#190=EDGE_LOOP('',(#1480,#1481,#1482,#1483,#1484,#1485,#1486,#1487));
#191=EDGE_LOOP('',(#1488,#1489));
#192=EDGE_LOOP('',(#1490,#1491));
#193=EDGE_LOOP('',(#1492,#1493,#1494,#1495));
#194=EDGE_LOOP('',(#1496,#1497,#1498,#1499));
#195=EDGE_LOOP('',(#1500,#1501,#1502,#1503,#1504,#1505,#1506,#1507));
#196=EDGE_LOOP('',(#1508,#1509,#1510,#1511));
#197=EDGE_LOOP('',(#1512,#1513,#1514,#1515));
#198=EDGE_LOOP('',(#1516,#1517,#1518,#1519));
#199=EDGE_LOOP('',(#1520,#1521,#1522,#1523));
#200=EDGE_LOOP('',(#1524,#1525,#1526,#1527));
#201=EDGE_LOOP('',(#1528,#1529,#1530,#1531));
#202=EDGE_LOOP('',(#1532,#1533,#1534,#1535));
#203=EDGE_LOOP('',(#1536,#1537,#1538,#1539));
#204=EDGE_LOOP('',(#1540,#1541,#1542,#1543,#1544,#1545,#1546,#1547));
#205=EDGE_LOOP('',(#1548,#1549,#1550,#1551));
#206=EDGE_LOOP('',(#1552,#1553,#1554,#1555));
#207=EDGE_LOOP('',(#1556,#1557,#1558,#1559));
#208=EDGE_LOOP('',(#1560,#1561,#1562,#1563));
#209=EDGE_LOOP('',(#1564,#1565,#1566,#1567));
#210=EDGE_LOOP('',(#1568,#1569,#1570,#1571));
#211=EDGE_LOOP('',(#1572,#1573,#1574,#1575));
#212=EDGE_LOOP('',(#1576,#1577,#1578,#1579));
#213=EDGE_LOOP('',(#1580,#1581,#1582,#1583,#1584));
#214=EDGE_LOOP('',(#1585,#1586,#1587,#1588));
#215=EDGE_LOOP('',(#1589,#1590,#1591,#1592));
#216=EDGE_LOOP('',(#1593,#1594,#1595,#1596,#1597,#1598));
#217=EDGE_LOOP('',(#1599,#1600,#1601,#1602));
#218=EDGE_LOOP('',(#1603,#1604,#1605,#1606,#1607,#1608,#1609,#1610,#1611,
#1612,#1613,#1614));
#219=EDGE_LOOP('',(#1615,#1616,#1617,#1618));
#220=EDGE_LOOP('',(#1619,#1620,#1621,#1622));
#221=EDGE_LOOP('',(#1623,#1624,#1625,#1626));
#222=EDGE_LOOP('',(#1627,#1628,#1629,#1630));
#223=EDGE_LOOP('',(#1631,#1632,#1633,#1634));
#224=EDGE_LOOP('',(#1635,#1636,#1637,#1638));
#225=EDGE_LOOP('',(#1639,#1640,#1641,#1642));
#226=EDGE_LOOP('',(#1643,#1644,#1645,#1646));
#227=EDGE_LOOP('',(#1647,#1648,#1649,#1650));
#228=EDGE_LOOP('',(#1651,#1652,#1653,#1654,#1655,#1656,#1657,#1658));
#229=EDGE_LOOP('',(#1659,#1660,#1661,#1662));
#230=EDGE_LOOP('',(#1663,#1664,#1665,#1666));
#231=EDGE_LOOP('',(#1667,#1668,#1669,#1670));
#232=EDGE_LOOP('',(#1671,#1672,#1673,#1674,#1675,#1676,#1677,#1678));
#233=EDGE_LOOP('',(#1679,#1680,#1681,#1682));
#234=EDGE_LOOP('',(#1683,#1684,#1685,#1686));
#235=EDGE_LOOP('',(#1687,#1688,#1689,#1690));
#236=EDGE_LOOP('',(#1691,#1692,#1693,#1694));
#237=EDGE_LOOP('',(#1695,#1696,#1697,#1698));
#238=EDGE_LOOP('',(#1699,#1700,#1701,#1702));
#239=EDGE_LOOP('',(#1703,#1704,#1705,#1706));
#240=EDGE_LOOP('',(#1707,#1708,#1709,#1710));
#241=EDGE_LOOP('',(#1711,#1712,#1713,#1714));
#242=EDGE_LOOP('',(#1715,#1716,#1717,#1718));
#243=EDGE_LOOP('',(#1719,#1720,#1721,#1722,#1723,#1724));
#244=EDGE_LOOP('',(#1725,#1726,#1727,#1728));
#245=EDGE_LOOP('',(#1729,#1730,#1731,#1732));
#246=EDGE_LOOP('',(#1733,#1734,#1735,#1736));
#247=EDGE_LOOP('',(#1737,#1738,#1739,#1740));
#248=EDGE_LOOP('',(#1741,#1742,#1743,#1744));
#249=EDGE_LOOP('',(#1745,#1746,#1747,#1748));
#250=EDGE_LOOP('',(#1749,#1750,#1751,#1752));
#251=EDGE_LOOP('',(#1753,#1754,#1755,#1756));
#252=EDGE_LOOP('',(#1757,#1758,#1759,#1760));
#253=EDGE_LOOP('',(#1761,#1762,#1763,#1764));
#254=EDGE_LOOP('',(#1765,#1766,#1767,#1768));
#255=EDGE_LOOP('',(#1769,#1770,#1771,#1772,#1773,#1774,#1775,#1776));
#256=EDGE_LOOP('',(#1777,#1778,#1779,#1780));
#257=EDGE_LOOP('',(#1781,#1782,#1783,#1784));
#258=EDGE_LOOP('',(#1785,#1786,#1787,#1788));
#259=EDGE_LOOP('',(#1789,#1790,#1791,#1792,#1793,#1794,#1795,#1796));
#260=EDGE_LOOP('',(#1797,#1798,#1799,#1800));
#261=EDGE_LOOP('',(#1801,#1802,#1803,#1804));
#262=EDGE_LOOP('',(#1805,#1806,#1807,#1808));
#263=EDGE_LOOP('',(#1809,#1810,#1811,#1812));
#264=EDGE_LOOP('',(#1813,#1814,#1815,#1816));
#265=EDGE_LOOP('',(#1817,#1818,#1819,#1820));
#266=EDGE_LOOP('',(#1821,#1822,#1823,#1824));
#267=EDGE_LOOP('',(#1825,#1826,#1827,#1828));
#268=EDGE_LOOP('',(#1829,#1830,#1831,#1832));
#269=EDGE_LOOP('',(#1833,#1834,#1835,#1836));
#270=EDGE_LOOP('',(#1837,#1838,#1839,#1840,#1841,#1842,#1843,#1844));
#271=EDGE_LOOP('',(#1845,#1846,#1847,#1848));
#272=EDGE_LOOP('',(#1849,#1850,#1851,#1852));
#273=EDGE_LOOP('',(#1853,#1854,#1855,#1856));
#274=EDGE_LOOP('',(#1857,#1858,#1859,#1860,#1861,#1862,#1863,#1864));
#275=EDGE_LOOP('',(#1865,#1866,#1867,#1868));
#276=EDGE_LOOP('',(#1869,#1870,#1871,#1872));
#277=EDGE_LOOP('',(#1873,#1874,#1875,#1876));
#278=EDGE_LOOP('',(#1877,#1878,#1879,#1880));
#279=EDGE_LOOP('',(#1881,#1882,#1883,#1884));
#280=EDGE_LOOP('',(#1885,#1886,#1887,#1888));
#281=EDGE_LOOP('',(#1889,#1890,#1891,#1892));
#282=EDGE_LOOP('',(#1893,#1894,#1895,#1896));
#283=EDGE_LOOP('',(#1897,#1898,#1899,#1900,#1901,#1902));
#284=EDGE_LOOP('',(#1903,#1904,#1905,#1906));
#285=EDGE_LOOP('',(#1907,#1908,#1909,#1910));
#286=EDGE_LOOP('',(#1911,#1912,#1913,#1914));
#287=EDGE_LOOP('',(#1915,#1916,#1917,#1918));
#288=EDGE_LOOP('',(#1919,#1920,#1921,#1922));
#289=EDGE_LOOP('',(#1923,#1924,#1925,#1926));
#290=EDGE_LOOP('',(#1927,#1928,#1929,#1930));
#291=EDGE_LOOP('',(#1931,#1932,#1933,#1934));
#292=EDGE_LOOP('',(#1935,#1936,#1937,#1938));
#293=EDGE_LOOP('',(#1939,#1940,#1941,#1942));
#294=EDGE_LOOP('',(#1943,#1944,#1945,#1946));
#295=EDGE_LOOP('',(#1947,#1948,#1949,#1950));
#296=EDGE_LOOP('',(#1951,#1952,#1953,#1954));
#297=EDGE_LOOP('',(#1955,#1956,#1957,#1958,#1959,#1960,#1961,#1962));
#298=EDGE_LOOP('',(#1963,#1964,#1965,#1966));
#299=EDGE_LOOP('',(#1967,#1968,#1969,#1970));
#300=EDGE_LOOP('',(#1971,#1972,#1973,#1974));
#301=EDGE_LOOP('',(#1975,#1976,#1977,#1978,#1979,#1980,#1981,#1982));
#302=EDGE_LOOP('',(#1983,#1984,#1985,#1986));
#303=EDGE_LOOP('',(#1987,#1988,#1989,#1990));
#304=EDGE_LOOP('',(#1991,#1992,#1993,#1994));
#305=EDGE_LOOP('',(#1995,#1996,#1997,#1998));
#306=EDGE_LOOP('',(#1999,#2000,#2001,#2002));
#307=EDGE_LOOP('',(#2003,#2004,#2005,#2006));
#308=EDGE_LOOP('',(#2007,#2008,#2009,#2010));
#309=EDGE_LOOP('',(#2011,#2012,#2013,#2014));
#310=EDGE_LOOP('',(#2015,#2016,#2017,#2018));
#311=EDGE_LOOP('',(#2019,#2020,#2021,#2022));
#312=EDGE_LOOP('',(#2023,#2024,#2025,#2026));
#313=EDGE_LOOP('',(#2027,#2028,#2029,#2030));
#314=EDGE_LOOP('',(#2031,#2032,#2033,#2034));
#315=CIRCLE('',#2413,0.3);
#316=CIRCLE('',#2414,0.3);
#317=CIRCLE('',#2415,0.3);
#318=CIRCLE('',#2416,0.4);
#319=CIRCLE('',#2417,0.3);
#320=CIRCLE('',#2422,0.3);
#321=CIRCLE('',#2425,0.3);
#322=CIRCLE('',#2428,1.5);
#323=CIRCLE('',#2429,1.5);
#324=CIRCLE('',#2431,1.5);
#325=CIRCLE('',#2433,1.5);
#326=CIRCLE('',#2440,1.75);
#327=CIRCLE('',#2441,1.25);
#328=CIRCLE('',#2443,1.25);
#329=CIRCLE('',#2444,1.75);
#330=CIRCLE('',#2453,1.75);
#331=CIRCLE('',#2455,1.75);
#332=CIRCLE('',#2461,0.3);
#333=CIRCLE('',#2466,0.3);
#334=CIRCLE('',#2468,0.4);
#335=CIRCLE('',#2475,0.5);
#336=CIRCLE('',#2476,1.57);
#337=CIRCLE('',#2481,1.57);
#338=CIRCLE('',#2482,0.5);
#339=CIRCLE('',#2504,0.3);
#340=CIRCLE('',#2505,1.37);
#341=CIRCLE('',#2510,1.37);
#342=CIRCLE('',#2511,0.3);
#343=CIRCLE('',#2523,0.5);
#344=CIRCLE('',#2524,1.57);
#345=CIRCLE('',#2529,1.57);
#346=CIRCLE('',#2530,0.5);
#347=CIRCLE('',#2552,0.3);
#348=CIRCLE('',#2553,1.37);
#349=CIRCLE('',#2558,1.37);
#350=CIRCLE('',#2559,0.3);
#351=CIRCLE('',#2573,1.5);
#352=CIRCLE('',#2574,0.9);
#353=CIRCLE('',#2575,0.9);
#354=CIRCLE('',#2576,0.9);
#355=CIRCLE('',#2577,0.9);
#356=LINE('',#3187,#627);
#357=LINE('',#3189,#628);
#358=LINE('',#3193,#629);
#359=LINE('',#3197,#630);
#360=LINE('',#3201,#631);
#361=LINE('',#3205,#632);
#362=LINE('',#3208,#633);
#363=LINE('',#3211,#634);
#364=LINE('',#3213,#635);
#365=LINE('',#3215,#636);
#366=LINE('',#3216,#637);
#367=LINE('',#3219,#638);
#368=LINE('',#3221,#639);
#369=LINE('',#3223,#640);
#370=LINE('',#3225,#641);
#371=LINE('',#3227,#642);
#372=LINE('',#3228,#643);
#373=LINE('',#3231,#644);
#374=LINE('',#3233,#645);
#375=LINE('',#3235,#646);
#376=LINE('',#3237,#647);
#377=LINE('',#3239,#648);
#378=LINE('',#3240,#649);
#379=LINE('',#3243,#650);
#380=LINE('',#3245,#651);
#381=LINE('',#3247,#652);
#382=LINE('',#3248,#653);
#383=LINE('',#3251,#654);
#384=LINE('',#3253,#655);
#385=LINE('',#3254,#656);
#386=LINE('',#3257,#657);
#387=LINE('',#3259,#658);
#388=LINE('',#3260,#659);
#389=LINE('',#3263,#660);
#390=LINE('',#3264,#661);
#391=LINE('',#3266,#662);
#392=LINE('',#3268,#663);
#393=LINE('',#3269,#664);
#394=LINE('',#3273,#665);
#395=LINE('',#3276,#666);
#396=LINE('',#3278,#667);
#397=LINE('',#3280,#668);
#398=LINE('',#3281,#669);
#399=LINE('',#3285,#670);
#400=LINE('',#3288,#671);
#401=LINE('',#3290,#672);
#402=LINE('',#3291,#673);
#403=LINE('',#3295,#674);
#404=LINE('',#3296,#675);
#405=LINE('',#3298,#676);
#406=LINE('',#3300,#677);
#407=LINE('',#3301,#678);
#408=LINE('',#3305,#679);
#409=LINE('',#3309,#680);
#410=LINE('',#3312,#681);
#411=LINE('',#3314,#682);
#412=LINE('',#3318,#683);
#413=LINE('',#3321,#684);
#414=LINE('',#3325,#685);
#415=LINE('',#3326,#686);
#416=LINE('',#3328,#687);
#417=LINE('',#3330,#688);
#418=LINE('',#3331,#689);
#419=LINE('',#3337,#690);
#420=LINE('',#3339,#691);
#421=LINE('',#3340,#692);
#422=LINE('',#3345,#693);
#423=LINE('',#3346,#694);
#424=LINE('',#3364,#695);
#425=LINE('',#3367,#696);
#426=LINE('',#3368,#697);
#427=LINE('',#3371,#698);
#428=LINE('',#3372,#699);
#429=LINE('',#3374,#700);
#430=LINE('',#3376,#701);
#431=LINE('',#3377,#702);
#432=LINE('',#3380,#703);
#433=LINE('',#3381,#704);
#434=LINE('',#3384,#705);
#435=LINE('',#3385,#706);
#436=LINE('',#3389,#707);
#437=LINE('',#3392,#708);
#438=LINE('',#3395,#709);
#439=LINE('',#3397,#710);
#440=LINE('',#3402,#711);
#441=LINE('',#3404,#712);
#442=LINE('',#3406,#713);
#443=LINE('',#3409,#714);
#444=LINE('',#3412,#715);
#445=LINE('',#3414,#716);
#446=LINE('',#3415,#717);
#447=LINE('',#3419,#718);
#448=LINE('',#3420,#719);
#449=LINE('',#3421,#720);
#450=LINE('',#3427,#721);
#451=LINE('',#3428,#722);
#452=LINE('',#3430,#723);
#453=LINE('',#3431,#724);
#454=LINE('',#3434,#725);
#455=LINE('',#3436,#726);
#456=LINE('',#3438,#727);
#457=LINE('',#3439,#728);
#458=LINE('',#3442,#729);
#459=LINE('',#3444,#730);
#460=LINE('',#3446,#731);
#461=LINE('',#3447,#732);
#462=LINE('',#3450,#733);
#463=LINE('',#3452,#734);
#464=LINE('',#3454,#735);
#465=LINE('',#3455,#736);
#466=LINE('',#3458,#737);
#467=LINE('',#3460,#738);
#468=LINE('',#3462,#739);
#469=LINE('',#3463,#740);
#470=LINE('',#3465,#741);
#471=LINE('',#3467,#742);
#472=LINE('',#3473,#743);
#473=LINE('',#3477,#744);
#474=LINE('',#3479,#745);
#475=LINE('',#3481,#746);
#476=LINE('',#3484,#747);
#477=LINE('',#3488,#748);
#478=LINE('',#3490,#749);
#479=LINE('',#3492,#750);
#480=LINE('',#3493,#751);
#481=LINE('',#3496,#752);
#482=LINE('',#3497,#753);
#483=LINE('',#3500,#754);
#484=LINE('',#3502,#755);
#485=LINE('',#3503,#756);
#486=LINE('',#3508,#757);
#487=LINE('',#3510,#758);
#488=LINE('',#3512,#759);
#489=LINE('',#3515,#760);
#490=LINE('',#3518,#761);
#491=LINE('',#3520,#762);
#492=LINE('',#3521,#763);
#493=LINE('',#3523,#764);
#494=LINE('',#3525,#765);
#495=LINE('',#3526,#766);
#496=LINE('',#3528,#767);
#497=LINE('',#3530,#768);
#498=LINE('',#3532,#769);
#499=LINE('',#3534,#770);
#500=LINE('',#3539,#771);
#501=LINE('',#3541,#772);
#502=LINE('',#3543,#773);
#503=LINE('',#3544,#774);
#504=LINE('',#3547,#775);
#505=LINE('',#3549,#776);
#506=LINE('',#3551,#777);
#507=LINE('',#3552,#778);
#508=LINE('',#3556,#779);
#509=LINE('',#3558,#780);
#510=LINE('',#3560,#781);
#511=LINE('',#3562,#782);
#512=LINE('',#3564,#783);
#513=LINE('',#3565,#784);
#514=LINE('',#3567,#785);
#515=LINE('',#3568,#786);
#516=LINE('',#3570,#787);
#517=LINE('',#3572,#788);
#518=LINE('',#3575,#789);
#519=LINE('',#3576,#790);
#520=LINE('',#3578,#791);
#521=LINE('',#3580,#792);
#522=LINE('',#3582,#793);
#523=LINE('',#3584,#794);
#524=LINE('',#3588,#795);
#525=LINE('',#3592,#796);
#526=LINE('',#3594,#797);
#527=LINE('',#3596,#798);
#528=LINE('',#3599,#799);
#529=LINE('',#3602,#800);
#530=LINE('',#3604,#801);
#531=LINE('',#3605,#802);
#532=LINE('',#3608,#803);
#533=LINE('',#3609,#804);
#534=LINE('',#3612,#805);
#535=LINE('',#3613,#806);
#536=LINE('',#3618,#807);
#537=LINE('',#3620,#808);
#538=LINE('',#3622,#809);
#539=LINE('',#3625,#810);
#540=LINE('',#3628,#811);
#541=LINE('',#3629,#812);
#542=LINE('',#3631,#813);
#543=LINE('',#3633,#814);
#544=LINE('',#3635,#815);
#545=LINE('',#3637,#816);
#546=LINE('',#3639,#817);
#547=LINE('',#3641,#818);
#548=LINE('',#3647,#819);
#549=LINE('',#3651,#820);
#550=LINE('',#3653,#821);
#551=LINE('',#3655,#822);
#552=LINE('',#3658,#823);
#553=LINE('',#3662,#824);
#554=LINE('',#3664,#825);
#555=LINE('',#3666,#826);
#556=LINE('',#3667,#827);
#557=LINE('',#3670,#828);
#558=LINE('',#3671,#829);
#559=LINE('',#3674,#830);
#560=LINE('',#3676,#831);
#561=LINE('',#3677,#832);
#562=LINE('',#3682,#833);
#563=LINE('',#3684,#834);
#564=LINE('',#3686,#835);
#565=LINE('',#3689,#836);
#566=LINE('',#3692,#837);
#567=LINE('',#3694,#838);
#568=LINE('',#3695,#839);
#569=LINE('',#3697,#840);
#570=LINE('',#3699,#841);
#571=LINE('',#3700,#842);
#572=LINE('',#3702,#843);
#573=LINE('',#3704,#844);
#574=LINE('',#3706,#845);
#575=LINE('',#3708,#846);
#576=LINE('',#3713,#847);
#577=LINE('',#3715,#848);
#578=LINE('',#3717,#849);
#579=LINE('',#3719,#850);
#580=LINE('',#3721,#851);
#581=LINE('',#3722,#852);
#582=LINE('',#3725,#853);
#583=LINE('',#3727,#854);
#584=LINE('',#3729,#855);
#585=LINE('',#3730,#856);
#586=LINE('',#3734,#857);
#587=LINE('',#3736,#858);
#588=LINE('',#3738,#859);
#589=LINE('',#3739,#860);
#590=LINE('',#3741,#861);
#591=LINE('',#3742,#862);
#592=LINE('',#3744,#863);
#593=LINE('',#3746,#864);
#594=LINE('',#3748,#865);
#595=LINE('',#3750,#866);
#596=LINE('',#3753,#867);
#597=LINE('',#3754,#868);
#598=LINE('',#3756,#869);
#599=LINE('',#3758,#870);
#600=LINE('',#3762,#871);
#601=LINE('',#3766,#872);
#602=LINE('',#3768,#873);
#603=LINE('',#3770,#874);
#604=LINE('',#3773,#875);
#605=LINE('',#3776,#876);
#606=LINE('',#3778,#877);
#607=LINE('',#3779,#878);
#608=LINE('',#3782,#879);
#609=LINE('',#3783,#880);
#610=LINE('',#3786,#881);
#611=LINE('',#3787,#882);
#612=LINE('',#3792,#883);
#613=LINE('',#3794,#884);
#614=LINE('',#3796,#885);
#615=LINE('',#3799,#886);
#616=LINE('',#3802,#887);
#617=LINE('',#3803,#888);
#618=LINE('',#3805,#889);
#619=LINE('',#3807,#890);
#620=LINE('',#3809,#891);
#621=LINE('',#3811,#892);
#622=LINE('',#3813,#893);
#623=LINE('',#3815,#894);
#624=LINE('',#3821,#895);
#625=LINE('',#3822,#896);
#626=LINE('',#3824,#897);
#627=VECTOR('',#2582,3.4);
#628=VECTOR('',#2583,2.8);
#629=VECTOR('',#2586,9.);
#630=VECTOR('',#2589,9.);
#631=VECTOR('',#2592,1.8);
#632=VECTOR('',#2595,6.4);
#633=VECTOR('',#2598,2.8);
#634=VECTOR('',#2599,3.8);
#635=VECTOR('',#2600,3.8);
#636=VECTOR('',#2601,3.8);
#637=VECTOR('',#2602,3.8);
#638=VECTOR('',#2603,2.85);
#639=VECTOR('',#2604,3.8);
#640=VECTOR('',#2605,2.85);
#641=VECTOR('',#2606,1.34350288425391);
#642=VECTOR('',#2607,1.9);
#643=VECTOR('',#2608,1.34350288425391);
#644=VECTOR('',#2609,2.85);
#645=VECTOR('',#2610,3.8);
#646=VECTOR('',#2611,2.85);
#647=VECTOR('',#2612,1.34350288425391);
#648=VECTOR('',#2613,1.9);
#649=VECTOR('',#2614,1.34350288425391);
#650=VECTOR('',#2615,3.8);
#651=VECTOR('',#2616,3.8);
#652=VECTOR('',#2617,3.8);
#653=VECTOR('',#2618,3.8);
#654=VECTOR('',#2621,2.73541587331813);
#655=VECTOR('',#2622,3.4);
#656=VECTOR('',#2623,2.73541587331813);
#657=VECTOR('',#2626,3.05);
#658=VECTOR('',#2627,0.8224841289363);
#659=VECTOR('',#2628,1.40534777256094);
#660=VECTOR('',#2631,3.4);
#661=VECTOR('',#2632,3.05);
#662=VECTOR('',#2633,12.8);
#663=VECTOR('',#2634,9.);
#664=VECTOR('',#2635,12.8);
#665=VECTOR('',#2640,12.8);
#666=VECTOR('',#2643,2.);
#667=VECTOR('',#2644,9.7);
#668=VECTOR('',#2645,10.8);
#669=VECTOR('',#2646,0.7);
#670=VECTOR('',#2651,2.);
#671=VECTOR('',#2654,0.2);
#672=VECTOR('',#2655,0.5);
#673=VECTOR('',#2656,0.4);
#674=VECTOR('',#2659,0.2);
#675=VECTOR('',#2660,2.);
#676=VECTOR('',#2661,10.8);
#677=VECTOR('',#2662,8.6);
#678=VECTOR('',#2663,10.8);
#679=VECTOR('',#2666,2.59807158385);
#680=VECTOR('',#2669,2.59807158385);
#681=VECTOR('',#2672,2.18000000000092);
#682=VECTOR('',#2673,2.18000000000092);
#683=VECTOR('',#2678,2.18000000000092);
#684=VECTOR('',#2681,2.18000000000092);
#685=VECTOR('',#2684,1.114604343023);
#686=VECTOR('',#2685,0.15);
#687=VECTOR('',#2686,0.15);
#688=VECTOR('',#2687,1.114604343023);
#689=VECTOR('',#2688,1.5);
#690=VECTOR('',#2693,0.25);
#691=VECTOR('',#2694,1.114604343023);
#692=VECTOR('',#2695,0.4226039399559);
#693=VECTOR('',#2700,0.4226039399559);
#694=VECTOR('',#2701,0.25);
#695=VECTOR('',#2716,0.25);
#696=VECTOR('',#2719,1.5);
#697=VECTOR('',#2720,0.25);
#698=VECTOR('',#2723,0.4226039399559);
#699=VECTOR('',#2724,1.114604343023);
#700=VECTOR('',#2727,0.4226039399559);
#701=VECTOR('',#2730,0.15);
#702=VECTOR('',#2731,0.15);
#703=VECTOR('',#2734,0.4226039399559);
#704=VECTOR('',#2735,0.15);
#705=VECTOR('',#2738,0.4226039399559);
#706=VECTOR('',#2739,0.15);
#707=VECTOR('',#2744,0.4226039399559);
#708=VECTOR('',#2747,0.4226039399559);
#709=VECTOR('',#2752,0.15);
#710=VECTOR('',#2755,0.15);
#711=VECTOR('',#2762,0.4);
#712=VECTOR('',#2763,0.5);
#713=VECTOR('',#2764,0.7);
#714=VECTOR('',#2769,2.);
#715=VECTOR('',#2772,12.8);
#716=VECTOR('',#2773,12.8);
#717=VECTOR('',#2774,6.4);
#718=VECTOR('',#2777,2.5);
#719=VECTOR('',#2778,12.8);
#720=VECTOR('',#2779,10.8);
#721=VECTOR('',#2788,0.5);
#722=VECTOR('',#2789,0.4);
#723=VECTOR('',#2790,0.4);
#724=VECTOR('',#2791,0.5);
#725=VECTOR('',#2792,1.07);
#726=VECTOR('',#2793,1.07);
#727=VECTOR('',#2794,1.07);
#728=VECTOR('',#2795,1.07);
#729=VECTOR('',#2796,1.07);
#730=VECTOR('',#2797,1.07);
#731=VECTOR('',#2798,1.07);
#732=VECTOR('',#2799,1.07);
#733=VECTOR('',#2800,1.07);
#734=VECTOR('',#2801,1.07);
#735=VECTOR('',#2802,1.07);
#736=VECTOR('',#2803,1.07);
#737=VECTOR('',#2804,1.07);
#738=VECTOR('',#2805,1.07);
#739=VECTOR('',#2806,1.07);
#740=VECTOR('',#2807,1.07);
#741=VECTOR('',#2810,10.8);
#742=VECTOR('',#2813,10.8);
#743=VECTOR('',#2822,5.565);
#744=VECTOR('',#2825,10.065);
#745=VECTOR('',#2826,1.07);
#746=VECTOR('',#2827,10.065);
#747=VECTOR('',#2830,5.565);
#748=VECTOR('',#2833,1.07);
#749=VECTOR('',#2834,3.);
#750=VECTOR('',#2835,1.07);
#751=VECTOR('',#2836,3.);
#752=VECTOR('',#2839,1.07);
#753=VECTOR('',#2840,5.565);
#754=VECTOR('',#2843,1.07);
#755=VECTOR('',#2844,3.);
#756=VECTOR('',#2845,1.07);
#757=VECTOR('',#2850,10.065);
#758=VECTOR('',#2851,1.07);
#759=VECTOR('',#2852,10.065);
#760=VECTOR('',#2855,5.565);
#761=VECTOR('',#2858,1.07);
#762=VECTOR('',#2859,3.);
#763=VECTOR('',#2860,1.07);
#764=VECTOR('',#2863,1.07);
#765=VECTOR('',#2866,1.07);
#766=VECTOR('',#2867,1.07);
#767=VECTOR('',#2870,1.07);
#768=VECTOR('',#2873,1.07);
#769=VECTOR('',#2876,1.07);
#770=VECTOR('',#2879,1.07);
#771=VECTOR('',#2884,3.8);
#772=VECTOR('',#2885,3.8);
#773=VECTOR('',#2886,3.8);
#774=VECTOR('',#2887,3.8);
#775=VECTOR('',#2888,1.07);
#776=VECTOR('',#2889,1.07);
#777=VECTOR('',#2890,1.07);
#778=VECTOR('',#2891,1.07);
#779=VECTOR('',#2894,2.85);
#780=VECTOR('',#2895,1.34350288425391);
#781=VECTOR('',#2896,1.9);
#782=VECTOR('',#2897,1.34350288425391);
#783=VECTOR('',#2898,2.85);
#784=VECTOR('',#2899,3.8);
#785=VECTOR('',#2902,9.1);
#786=VECTOR('',#2903,9.1);
#787=VECTOR('',#2906,9.1);
#788=VECTOR('',#2909,9.1);
#789=VECTOR('',#2914,9.1);
#790=VECTOR('',#2915,9.1);
#791=VECTOR('',#2918,9.1);
#792=VECTOR('',#2921,9.1);
#793=VECTOR('',#2924,9.1);
#794=VECTOR('',#2927,9.1);
#795=VECTOR('',#2932,0.265);
#796=VECTOR('',#2935,6.065);
#797=VECTOR('',#2936,1.07);
#798=VECTOR('',#2937,6.065);
#799=VECTOR('',#2940,0.265);
#800=VECTOR('',#2943,3.);
#801=VECTOR('',#2944,1.07);
#802=VECTOR('',#2945,3.);
#803=VECTOR('',#2948,1.07);
#804=VECTOR('',#2949,0.265);
#805=VECTOR('',#2952,3.);
#806=VECTOR('',#2953,1.07);
#807=VECTOR('',#2958,6.065);
#808=VECTOR('',#2959,1.07);
#809=VECTOR('',#2960,6.065);
#810=VECTOR('',#2963,0.265);
#811=VECTOR('',#2966,3.);
#812=VECTOR('',#2967,1.07);
#813=VECTOR('',#2970,1.07);
#814=VECTOR('',#2973,1.07);
#815=VECTOR('',#2976,1.07);
#816=VECTOR('',#2979,1.07);
#817=VECTOR('',#2982,1.07);
#818=VECTOR('',#2985,1.07);
#819=VECTOR('',#2994,5.565);
#820=VECTOR('',#2997,10.065);
#821=VECTOR('',#2998,1.07);
#822=VECTOR('',#2999,10.065);
#823=VECTOR('',#3002,5.565);
#824=VECTOR('',#3005,3.);
#825=VECTOR('',#3006,1.07);
#826=VECTOR('',#3007,3.);
#827=VECTOR('',#3008,1.07);
#828=VECTOR('',#3011,1.07);
#829=VECTOR('',#3012,5.565);
#830=VECTOR('',#3015,1.07);
#831=VECTOR('',#3016,3.);
#832=VECTOR('',#3017,1.07);
#833=VECTOR('',#3022,10.065);
#834=VECTOR('',#3023,1.07);
#835=VECTOR('',#3024,10.065);
#836=VECTOR('',#3027,5.565);
#837=VECTOR('',#3030,1.07);
#838=VECTOR('',#3031,3.);
#839=VECTOR('',#3032,1.07);
#840=VECTOR('',#3035,1.07);
#841=VECTOR('',#3038,1.07);
#842=VECTOR('',#3039,1.07);
#843=VECTOR('',#3042,1.07);
#844=VECTOR('',#3045,1.07);
#845=VECTOR('',#3048,1.07);
#846=VECTOR('',#3051,1.07);
#847=VECTOR('',#3056,2.85);
#848=VECTOR('',#3057,1.34350288425391);
#849=VECTOR('',#3058,1.9);
#850=VECTOR('',#3059,1.34350288425391);
#851=VECTOR('',#3060,2.85);
#852=VECTOR('',#3061,3.8);
#853=VECTOR('',#3062,1.07);
#854=VECTOR('',#3063,1.07);
#855=VECTOR('',#3064,1.07);
#856=VECTOR('',#3065,1.07);
#857=VECTOR('',#3068,3.8);
#858=VECTOR('',#3069,3.8);
#859=VECTOR('',#3070,3.8);
#860=VECTOR('',#3071,3.8);
#861=VECTOR('',#3074,9.1);
#862=VECTOR('',#3075,9.1);
#863=VECTOR('',#3078,9.1);
#864=VECTOR('',#3081,9.1);
#865=VECTOR('',#3084,9.1);
#866=VECTOR('',#3087,9.1);
#867=VECTOR('',#3092,9.1);
#868=VECTOR('',#3093,9.1);
#869=VECTOR('',#3096,9.1);
#870=VECTOR('',#3099,9.1);
#871=VECTOR('',#3104,0.265);
#872=VECTOR('',#3107,6.065);
#873=VECTOR('',#3108,1.07);
#874=VECTOR('',#3109,6.065);
#875=VECTOR('',#3112,0.265);
#876=VECTOR('',#3115,3.);
#877=VECTOR('',#3116,1.07);
#878=VECTOR('',#3117,3.);
#879=VECTOR('',#3120,1.07);
#880=VECTOR('',#3121,0.265);
#881=VECTOR('',#3124,3.);
#882=VECTOR('',#3125,1.07);
#883=VECTOR('',#3130,6.065);
#884=VECTOR('',#3131,1.07);
#885=VECTOR('',#3132,6.065);
#886=VECTOR('',#3135,0.265);
#887=VECTOR('',#3138,3.);
#888=VECTOR('',#3139,1.07);
#889=VECTOR('',#3142,1.07);
#890=VECTOR('',#3145,1.07);
#891=VECTOR('',#3148,1.07);
#892=VECTOR('',#3151,1.07);
#893=VECTOR('',#3154,1.07);
#894=VECTOR('',#3157,1.07);
#895=VECTOR('',#3166,1.40534777256094);
#896=VECTOR('',#3167,0.8224841289363);
#897=VECTOR('',#3170,3.4);
#898=VERTEX_POINT('',#3185);
#899=VERTEX_POINT('',#3186);
#900=VERTEX_POINT('',#3188);
#901=VERTEX_POINT('',#3190);
#902=VERTEX_POINT('',#3192);
#903=VERTEX_POINT('',#3194);
#904=VERTEX_POINT('',#3196);
#905=VERTEX_POINT('',#3198);
#906=VERTEX_POINT('',#3200);
#907=VERTEX_POINT('',#3202);
#908=VERTEX_POINT('',#3204);
#909=VERTEX_POINT('',#3206);
#910=VERTEX_POINT('',#3209);
#911=VERTEX_POINT('',#3210);
#912=VERTEX_POINT('',#3212);
#913=VERTEX_POINT('',#3214);
#914=VERTEX_POINT('',#3217);
#915=VERTEX_POINT('',#3218);
#916=VERTEX_POINT('',#3220);
#917=VERTEX_POINT('',#3222);
#918=VERTEX_POINT('',#3224);
#919=VERTEX_POINT('',#3226);
#920=VERTEX_POINT('',#3229);
#921=VERTEX_POINT('',#3230);
#922=VERTEX_POINT('',#3232);
#923=VERTEX_POINT('',#3234);
#924=VERTEX_POINT('',#3236);
#925=VERTEX_POINT('',#3238);
#926=VERTEX_POINT('',#3241);
#927=VERTEX_POINT('',#3242);
#928=VERTEX_POINT('',#3244);
#929=VERTEX_POINT('',#3246);
#930=VERTEX_POINT('',#3250);
#931=VERTEX_POINT('',#3252);
#932=VERTEX_POINT('',#3256);
#933=VERTEX_POINT('',#3258);
#934=VERTEX_POINT('',#3262);
#935=VERTEX_POINT('',#3265);
#936=VERTEX_POINT('',#3267);
#937=VERTEX_POINT('',#3271);
#938=VERTEX_POINT('',#3275);
#939=VERTEX_POINT('',#3277);
#940=VERTEX_POINT('',#3279);
#941=VERTEX_POINT('',#3283);
#942=VERTEX_POINT('',#3287);
#943=VERTEX_POINT('',#3289);
#944=VERTEX_POINT('',#3293);
#945=VERTEX_POINT('',#3294);
#946=VERTEX_POINT('',#3297);
#947=VERTEX_POINT('',#3299);
#948=VERTEX_POINT('',#3302);
#949=VERTEX_POINT('',#3303);
#950=VERTEX_POINT('',#3306);
#951=VERTEX_POINT('',#3307);
#952=VERTEX_POINT('',#3311);
#953=VERTEX_POINT('',#3313);
#954=VERTEX_POINT('',#3317);
#955=VERTEX_POINT('',#3319);
#956=VERTEX_POINT('',#3323);
#957=VERTEX_POINT('',#3324);
#958=VERTEX_POINT('',#3327);
#959=VERTEX_POINT('',#3329);
#960=VERTEX_POINT('',#3333);
#961=VERTEX_POINT('',#3334);
#962=VERTEX_POINT('',#3336);
#963=VERTEX_POINT('',#3338);
#964=VERTEX_POINT('',#3342);
#965=VERTEX_POINT('',#3343);
#966=VERTEX_POINT('',#3348);
#967=VERTEX_POINT('',#3350);
#968=VERTEX_POINT('',#3356);
#969=VERTEX_POINT('',#3358);
#970=VERTEX_POINT('',#3366);
#971=VERTEX_POINT('',#3370);
#972=VERTEX_POINT('',#3379);
#973=VERTEX_POINT('',#3383);
#974=VERTEX_POINT('',#3387);
#975=VERTEX_POINT('',#3391);
#976=VERTEX_POINT('',#3401);
#977=VERTEX_POINT('',#3403);
#978=VERTEX_POINT('',#3405);
#979=VERTEX_POINT('',#3411);
#980=VERTEX_POINT('',#3413);
#981=VERTEX_POINT('',#3417);
#982=VERTEX_POINT('',#3418);
#983=VERTEX_POINT('',#3426);
#984=VERTEX_POINT('',#3429);
#985=VERTEX_POINT('',#3432);
#986=VERTEX_POINT('',#3433);
#987=VERTEX_POINT('',#3435);
#988=VERTEX_POINT('',#3437);
#989=VERTEX_POINT('',#3440);
#990=VERTEX_POINT('',#3441);
#991=VERTEX_POINT('',#3443);
#992=VERTEX_POINT('',#3445);
#993=VERTEX_POINT('',#3448);
#994=VERTEX_POINT('',#3449);
#995=VERTEX_POINT('',#3451);
#996=VERTEX_POINT('',#3453);
#997=VERTEX_POINT('',#3456);
#998=VERTEX_POINT('',#3457);
#999=VERTEX_POINT('',#3459);
#1000=VERTEX_POINT('',#3461);
#1001=VERTEX_POINT('',#3472);
#1002=VERTEX_POINT('',#3474);
#1003=VERTEX_POINT('',#3476);
#1004=VERTEX_POINT('',#3478);
#1005=VERTEX_POINT('',#3480);
#1006=VERTEX_POINT('',#3482);
#1007=VERTEX_POINT('',#3486);
#1008=VERTEX_POINT('',#3487);
#1009=VERTEX_POINT('',#3489);
#1010=VERTEX_POINT('',#3491);
#1011=VERTEX_POINT('',#3495);
#1012=VERTEX_POINT('',#3499);
#1013=VERTEX_POINT('',#3501);
#1014=VERTEX_POINT('',#3505);
#1015=VERTEX_POINT('',#3507);
#1016=VERTEX_POINT('',#3509);
#1017=VERTEX_POINT('',#3511);
#1018=VERTEX_POINT('',#3513);
#1019=VERTEX_POINT('',#3517);
#1020=VERTEX_POINT('',#3519);
#1021=VERTEX_POINT('',#3537);
#1022=VERTEX_POINT('',#3538);
#1023=VERTEX_POINT('',#3540);
#1024=VERTEX_POINT('',#3542);
#1025=VERTEX_POINT('',#3545);
#1026=VERTEX_POINT('',#3546);
#1027=VERTEX_POINT('',#3548);
#1028=VERTEX_POINT('',#3550);
#1029=VERTEX_POINT('',#3554);
#1030=VERTEX_POINT('',#3555);
#1031=VERTEX_POINT('',#3557);
#1032=VERTEX_POINT('',#3559);
#1033=VERTEX_POINT('',#3561);
#1034=VERTEX_POINT('',#3563);
#1035=VERTEX_POINT('',#3587);
#1036=VERTEX_POINT('',#3589);
#1037=VERTEX_POINT('',#3591);
#1038=VERTEX_POINT('',#3593);
#1039=VERTEX_POINT('',#3595);
#1040=VERTEX_POINT('',#3597);
#1041=VERTEX_POINT('',#3601);
#1042=VERTEX_POINT('',#3603);
#1043=VERTEX_POINT('',#3607);
#1044=VERTEX_POINT('',#3611);
#1045=VERTEX_POINT('',#3615);
#1046=VERTEX_POINT('',#3617);
#1047=VERTEX_POINT('',#3619);
#1048=VERTEX_POINT('',#3621);
#1049=VERTEX_POINT('',#3623);
#1050=VERTEX_POINT('',#3627);
#1051=VERTEX_POINT('',#3646);
#1052=VERTEX_POINT('',#3648);
#1053=VERTEX_POINT('',#3650);
#1054=VERTEX_POINT('',#3652);
#1055=VERTEX_POINT('',#3654);
#1056=VERTEX_POINT('',#3656);
#1057=VERTEX_POINT('',#3660);
#1058=VERTEX_POINT('',#3661);
#1059=VERTEX_POINT('',#3663);
#1060=VERTEX_POINT('',#3665);
#1061=VERTEX_POINT('',#3669);
#1062=VERTEX_POINT('',#3673);
#1063=VERTEX_POINT('',#3675);
#1064=VERTEX_POINT('',#3679);
#1065=VERTEX_POINT('',#3681);
#1066=VERTEX_POINT('',#3683);
#1067=VERTEX_POINT('',#3685);
#1068=VERTEX_POINT('',#3687);
#1069=VERTEX_POINT('',#3691);
#1070=VERTEX_POINT('',#3693);
#1071=VERTEX_POINT('',#3711);
#1072=VERTEX_POINT('',#3712);
#1073=VERTEX_POINT('',#3714);
#1074=VERTEX_POINT('',#3716);
#1075=VERTEX_POINT('',#3718);
#1076=VERTEX_POINT('',#3720);
#1077=VERTEX_POINT('',#3723);
#1078=VERTEX_POINT('',#3724);
#1079=VERTEX_POINT('',#3726);
#1080=VERTEX_POINT('',#3728);
#1081=VERTEX_POINT('',#3732);
#1082=VERTEX_POINT('',#3733);
#1083=VERTEX_POINT('',#3735);
#1084=VERTEX_POINT('',#3737);
#1085=VERTEX_POINT('',#3761);
#1086=VERTEX_POINT('',#3763);
#1087=VERTEX_POINT('',#3765);
#1088=VERTEX_POINT('',#3767);
#1089=VERTEX_POINT('',#3769);
#1090=VERTEX_POINT('',#3771);
#1091=VERTEX_POINT('',#3775);
#1092=VERTEX_POINT('',#3777);
#1093=VERTEX_POINT('',#3781);
#1094=VERTEX_POINT('',#3785);
#1095=VERTEX_POINT('',#3789);
#1096=VERTEX_POINT('',#3791);
#1097=VERTEX_POINT('',#3793);
#1098=VERTEX_POINT('',#3795);
#1099=VERTEX_POINT('',#3797);
#1100=VERTEX_POINT('',#3801);
#1101=VERTEX_POINT('',#3820);
#1102=EDGE_CURVE('',#898,#899,#356,.T.);
#1103=EDGE_CURVE('',#900,#898,#357,.T.);
#1104=EDGE_CURVE('',#900,#901,#315,.T.);
#1105=EDGE_CURVE('',#902,#901,#358,.T.);
#1106=EDGE_CURVE('',#902,#903,#316,.T.);
#1107=EDGE_CURVE('',#904,#903,#359,.T.);
#1108=EDGE_CURVE('',#904,#905,#317,.T.);
#1109=EDGE_CURVE('',#906,#905,#360,.T.);
#1110=EDGE_CURVE('',#907,#906,#318,.T.);
#1111=EDGE_CURVE('',#908,#907,#361,.T.);
#1112=EDGE_CURVE('',#908,#909,#319,.T.);
#1113=EDGE_CURVE('',#899,#909,#362,.T.);
#1114=EDGE_CURVE('',#910,#911,#363,.T.);
#1115=EDGE_CURVE('',#912,#910,#364,.T.);
#1116=EDGE_CURVE('',#913,#912,#365,.T.);
#1117=EDGE_CURVE('',#911,#913,#366,.T.);
#1118=EDGE_CURVE('',#914,#915,#367,.T.);
#1119=EDGE_CURVE('',#916,#914,#368,.T.);
#1120=EDGE_CURVE('',#917,#916,#369,.T.);
#1121=EDGE_CURVE('',#918,#917,#370,.T.);
#1122=EDGE_CURVE('',#919,#918,#371,.T.);
#1123=EDGE_CURVE('',#915,#919,#372,.T.);
#1124=EDGE_CURVE('',#920,#921,#373,.T.);
#1125=EDGE_CURVE('',#922,#920,#374,.T.);
#1126=EDGE_CURVE('',#923,#922,#375,.T.);
#1127=EDGE_CURVE('',#924,#923,#376,.T.);
#1128=EDGE_CURVE('',#925,#924,#377,.T.);
#1129=EDGE_CURVE('',#921,#925,#378,.T.);
#1130=EDGE_CURVE('',#926,#927,#379,.T.);
#1131=EDGE_CURVE('',#928,#926,#380,.T.);
#1132=EDGE_CURVE('',#929,#928,#381,.T.);
#1133=EDGE_CURVE('',#927,#929,#382,.T.);
#1134=EDGE_CURVE('',#930,#899,#383,.T.);
#1135=EDGE_CURVE('',#931,#930,#384,.T.);
#1136=EDGE_CURVE('',#931,#898,#385,.T.);
#1137=EDGE_CURVE('',#898,#932,#386,.T.);
#1138=EDGE_CURVE('',#933,#931,#387,.T.);
#1139=EDGE_CURVE('',#932,#933,#388,.T.);
#1140=EDGE_CURVE('',#932,#934,#389,.T.);
#1141=EDGE_CURVE('',#899,#934,#390,.T.);
#1142=EDGE_CURVE('',#935,#909,#391,.T.);
#1143=EDGE_CURVE('',#936,#935,#392,.T.);
#1144=EDGE_CURVE('',#936,#900,#393,.T.);
#1145=EDGE_CURVE('',#937,#936,#320,.T.);
#1146=EDGE_CURVE('',#937,#901,#394,.T.);
#1147=EDGE_CURVE('',#938,#902,#395,.T.);
#1148=EDGE_CURVE('',#939,#937,#396,.T.);
#1149=EDGE_CURVE('',#939,#940,#397,.T.);
#1150=EDGE_CURVE('',#940,#938,#398,.T.);
#1151=EDGE_CURVE('',#938,#941,#321,.T.);
#1152=EDGE_CURVE('',#941,#903,#399,.T.);
#1153=EDGE_CURVE('',#942,#941,#400,.T.);
#1154=EDGE_CURVE('',#940,#943,#401,.T.);
#1155=EDGE_CURVE('',#942,#943,#402,.T.);
#1156=EDGE_CURVE('',#944,#945,#403,.T.);
#1157=EDGE_CURVE('',#944,#904,#404,.T.);
#1158=EDGE_CURVE('',#946,#942,#405,.T.);
#1159=EDGE_CURVE('',#947,#946,#406,.T.);
#1160=EDGE_CURVE('',#947,#945,#407,.T.);
#1161=EDGE_CURVE('',#948,#949,#322,.T.);
#1162=EDGE_CURVE('',#949,#948,#408,.T.);
#1163=EDGE_CURVE('',#950,#951,#323,.T.);
#1164=EDGE_CURVE('',#951,#950,#409,.T.);
#1165=EDGE_CURVE('',#951,#952,#410,.T.);
#1166=EDGE_CURVE('',#950,#953,#411,.T.);
#1167=EDGE_CURVE('',#952,#953,#324,.T.);
#1168=EDGE_CURVE('',#948,#954,#412,.T.);
#1169=EDGE_CURVE('',#955,#954,#325,.T.);
#1170=EDGE_CURVE('',#949,#955,#413,.T.);
#1171=EDGE_CURVE('',#956,#957,#414,.T.);
#1172=EDGE_CURVE('',#953,#957,#415,.T.);
#1173=EDGE_CURVE('',#958,#952,#416,.T.);
#1174=EDGE_CURVE('',#959,#958,#417,.T.);
#1175=EDGE_CURVE('',#959,#956,#418,.T.);
#1176=EDGE_CURVE('',#960,#961,#22,.T.);
#1177=EDGE_CURVE('',#960,#962,#419,.T.);
#1178=EDGE_CURVE('',#962,#963,#420,.T.);
#1179=EDGE_CURVE('',#961,#963,#421,.T.);
#1180=EDGE_CURVE('',#964,#965,#23,.T.);
#1181=EDGE_CURVE('',#957,#964,#422,.T.);
#1182=EDGE_CURVE('',#956,#965,#423,.T.);
#1183=EDGE_CURVE('',#961,#966,#326,.T.);
#1184=EDGE_CURVE('',#967,#966,#18,.T.);
#1185=EDGE_CURVE('',#960,#967,#327,.T.);
#1186=EDGE_CURVE('',#968,#965,#328,.T.);
#1187=EDGE_CURVE('',#969,#968,#19,.T.);
#1188=EDGE_CURVE('',#969,#964,#329,.T.);
#1189=EDGE_CURVE('',#959,#968,#424,.T.);
#1190=EDGE_CURVE('',#970,#962,#425,.T.);
#1191=EDGE_CURVE('',#967,#970,#426,.T.);
#1192=EDGE_CURVE('',#966,#971,#427,.T.);
#1193=EDGE_CURVE('',#970,#971,#428,.T.);
#1194=EDGE_CURVE('',#958,#969,#429,.T.);
#1195=EDGE_CURVE('',#971,#954,#430,.T.);
#1196=EDGE_CURVE('',#955,#963,#431,.T.);
#1197=EDGE_CURVE('',#972,#955,#432,.T.);
#1198=EDGE_CURVE('',#972,#961,#433,.T.);
#1199=EDGE_CURVE('',#953,#973,#434,.T.);
#1200=EDGE_CURVE('',#973,#964,#435,.T.);
#1201=EDGE_CURVE('',#973,#974,#330,.T.);
#1202=EDGE_CURVE('',#952,#974,#436,.T.);
#1203=EDGE_CURVE('',#975,#954,#437,.T.);
#1204=EDGE_CURVE('',#975,#972,#331,.T.);
#1205=EDGE_CURVE('',#975,#966,#438,.T.);
#1206=EDGE_CURVE('',#974,#969,#439,.T.);
#1207=EDGE_CURVE('',#945,#976,#440,.T.);
#1208=EDGE_CURVE('',#976,#977,#441,.T.);
#1209=EDGE_CURVE('',#978,#977,#442,.T.);
#1210=EDGE_CURVE('',#944,#978,#332,.T.);
#1211=EDGE_CURVE('',#978,#905,#443,.T.);
#1212=EDGE_CURVE('',#979,#908,#444,.T.);
#1213=EDGE_CURVE('',#907,#980,#445,.T.);
#1214=EDGE_CURVE('',#979,#980,#446,.T.);
#1215=EDGE_CURVE('',#981,#982,#447,.T.);
#1216=EDGE_CURVE('',#906,#981,#448,.T.);
#1217=EDGE_CURVE('',#977,#982,#449,.T.);
#1218=EDGE_CURVE('',#935,#979,#333,.T.);
#1219=EDGE_CURVE('',#980,#981,#334,.T.);
#1220=EDGE_CURVE('',#982,#983,#450,.T.);
#1221=EDGE_CURVE('',#947,#983,#451,.T.);
#1222=EDGE_CURVE('',#946,#984,#452,.T.);
#1223=EDGE_CURVE('',#984,#939,#453,.T.);
#1224=EDGE_CURVE('',#985,#986,#454,.T.);
#1225=EDGE_CURVE('',#986,#987,#455,.T.);
#1226=EDGE_CURVE('',#988,#987,#456,.T.);
#1227=EDGE_CURVE('',#985,#988,#457,.T.);
#1228=EDGE_CURVE('',#989,#990,#458,.T.);
#1229=EDGE_CURVE('',#990,#991,#459,.T.);
#1230=EDGE_CURVE('',#992,#991,#460,.T.);
#1231=EDGE_CURVE('',#989,#992,#461,.T.);
#1232=EDGE_CURVE('',#993,#994,#462,.T.);
#1233=EDGE_CURVE('',#994,#995,#463,.T.);
#1234=EDGE_CURVE('',#996,#995,#464,.T.);
#1235=EDGE_CURVE('',#993,#996,#465,.T.);
#1236=EDGE_CURVE('',#997,#998,#466,.T.);
#1237=EDGE_CURVE('',#998,#999,#467,.T.);
#1238=EDGE_CURVE('',#1000,#999,#468,.T.);
#1239=EDGE_CURVE('',#997,#1000,#469,.T.);
#1240=EDGE_CURVE('',#983,#976,#470,.T.);
#1241=EDGE_CURVE('',#943,#984,#471,.T.);
#1242=EDGE_CURVE('',#1001,#985,#472,.T.);
#1243=EDGE_CURVE('',#1002,#1001,#335,.T.);
#1244=EDGE_CURVE('',#1003,#1002,#473,.T.);
#1245=EDGE_CURVE('',#1004,#1003,#474,.T.);
#1246=EDGE_CURVE('',#1005,#1004,#475,.T.);
#1247=EDGE_CURVE('',#1006,#1005,#336,.T.);
#1248=EDGE_CURVE('',#986,#1006,#476,.T.);
#1249=EDGE_CURVE('',#1007,#1008,#477,.T.);
#1250=EDGE_CURVE('',#1009,#1008,#478,.T.);
#1251=EDGE_CURVE('',#1010,#1009,#479,.T.);
#1252=EDGE_CURVE('',#1007,#1010,#480,.T.);
#1253=EDGE_CURVE('',#1006,#1011,#481,.T.);
#1254=EDGE_CURVE('',#987,#1011,#482,.T.);
#1255=EDGE_CURVE('',#1008,#1012,#483,.T.);
#1256=EDGE_CURVE('',#1013,#1012,#484,.T.);
#1257=EDGE_CURVE('',#1009,#1013,#485,.T.);
#1258=EDGE_CURVE('',#1011,#1014,#337,.T.);
#1259=EDGE_CURVE('',#1014,#1015,#486,.T.);
#1260=EDGE_CURVE('',#1015,#1016,#487,.T.);
#1261=EDGE_CURVE('',#1016,#1017,#488,.T.);
#1262=EDGE_CURVE('',#1017,#1018,#338,.T.);
#1263=EDGE_CURVE('',#1018,#988,#489,.T.);
#1264=EDGE_CURVE('',#1019,#1012,#490,.T.);
#1265=EDGE_CURVE('',#1019,#1020,#491,.T.);
#1266=EDGE_CURVE('',#1020,#1013,#492,.T.);
#1267=EDGE_CURVE('',#1001,#1018,#493,.T.);
#1268=EDGE_CURVE('',#1007,#1019,#494,.T.);
#1269=EDGE_CURVE('',#1010,#1020,#495,.T.);
#1270=EDGE_CURVE('',#1002,#1017,#496,.T.);
#1271=EDGE_CURVE('',#1003,#1016,#497,.T.);
#1272=EDGE_CURVE('',#1004,#1015,#498,.T.);
#1273=EDGE_CURVE('',#1005,#1014,#499,.T.);
#1274=EDGE_CURVE('',#1021,#1022,#500,.T.);
#1275=EDGE_CURVE('',#1022,#1023,#501,.T.);
#1276=EDGE_CURVE('',#1023,#1024,#502,.T.);
#1277=EDGE_CURVE('',#1024,#1021,#503,.T.);
#1278=EDGE_CURVE('',#1025,#1026,#504,.T.);
#1279=EDGE_CURVE('',#1025,#1027,#505,.T.);
#1280=EDGE_CURVE('',#1027,#1028,#506,.T.);
#1281=EDGE_CURVE('',#1026,#1028,#507,.T.);
#1282=EDGE_CURVE('',#1029,#1030,#508,.T.);
#1283=EDGE_CURVE('',#1030,#1031,#509,.T.);
#1284=EDGE_CURVE('',#1031,#1032,#510,.T.);
#1285=EDGE_CURVE('',#1032,#1033,#511,.T.);
#1286=EDGE_CURVE('',#1033,#1034,#512,.T.);
#1287=EDGE_CURVE('',#1034,#1029,#513,.T.);
#1288=EDGE_CURVE('',#911,#1022,#514,.T.);
#1289=EDGE_CURVE('',#910,#1021,#515,.T.);
#1290=EDGE_CURVE('',#912,#1024,#516,.T.);
#1291=EDGE_CURVE('',#913,#1023,#517,.T.);
#1292=EDGE_CURVE('',#915,#1030,#518,.T.);
#1293=EDGE_CURVE('',#914,#1029,#519,.T.);
#1294=EDGE_CURVE('',#916,#1034,#520,.T.);
#1295=EDGE_CURVE('',#917,#1033,#521,.T.);
#1296=EDGE_CURVE('',#918,#1032,#522,.T.);
#1297=EDGE_CURVE('',#919,#1031,#523,.T.);
#1298=EDGE_CURVE('',#1035,#993,#524,.T.);
#1299=EDGE_CURVE('',#1036,#1035,#339,.T.);
#1300=EDGE_CURVE('',#1037,#1036,#525,.T.);
#1301=EDGE_CURVE('',#1038,#1037,#526,.T.);
#1302=EDGE_CURVE('',#1039,#1038,#527,.T.);
#1303=EDGE_CURVE('',#1040,#1039,#340,.T.);
#1304=EDGE_CURVE('',#994,#1040,#528,.T.);
#1305=EDGE_CURVE('',#1041,#1026,#529,.T.);
#1306=EDGE_CURVE('',#1042,#1041,#530,.T.);
#1307=EDGE_CURVE('',#1025,#1042,#531,.T.);
#1308=EDGE_CURVE('',#1040,#1043,#532,.T.);
#1309=EDGE_CURVE('',#995,#1043,#533,.T.);
#1310=EDGE_CURVE('',#1044,#1028,#534,.T.);
#1311=EDGE_CURVE('',#1041,#1044,#535,.T.);
#1312=EDGE_CURVE('',#1043,#1045,#341,.T.);
#1313=EDGE_CURVE('',#1045,#1046,#536,.T.);
#1314=EDGE_CURVE('',#1046,#1047,#537,.T.);
#1315=EDGE_CURVE('',#1047,#1048,#538,.T.);
#1316=EDGE_CURVE('',#1048,#1049,#342,.T.);
#1317=EDGE_CURVE('',#1049,#996,#539,.T.);
#1318=EDGE_CURVE('',#1027,#1050,#540,.T.);
#1319=EDGE_CURVE('',#1050,#1044,#541,.T.);
#1320=EDGE_CURVE('',#1035,#1049,#542,.T.);
#1321=EDGE_CURVE('',#1042,#1050,#543,.T.);
#1322=EDGE_CURVE('',#1036,#1048,#544,.T.);
#1323=EDGE_CURVE('',#1037,#1047,#545,.T.);
#1324=EDGE_CURVE('',#1038,#1046,#546,.T.);
#1325=EDGE_CURVE('',#1039,#1045,#547,.T.);
#1326=EDGE_CURVE('',#1051,#989,#548,.T.);
#1327=EDGE_CURVE('',#1052,#1051,#343,.T.);
#1328=EDGE_CURVE('',#1053,#1052,#549,.T.);
#1329=EDGE_CURVE('',#1054,#1053,#550,.T.);
#1330=EDGE_CURVE('',#1055,#1054,#551,.T.);
#1331=EDGE_CURVE('',#1056,#1055,#344,.T.);
#1332=EDGE_CURVE('',#990,#1056,#552,.T.);
#1333=EDGE_CURVE('',#1057,#1058,#553,.T.);
#1334=EDGE_CURVE('',#1059,#1057,#554,.T.);
#1335=EDGE_CURVE('',#1060,#1059,#555,.T.);
#1336=EDGE_CURVE('',#1060,#1058,#556,.T.);
#1337=EDGE_CURVE('',#1056,#1061,#557,.T.);
#1338=EDGE_CURVE('',#991,#1061,#558,.T.);
#1339=EDGE_CURVE('',#1058,#1062,#559,.T.);
#1340=EDGE_CURVE('',#1063,#1062,#560,.T.);
#1341=EDGE_CURVE('',#1057,#1063,#561,.T.);
#1342=EDGE_CURVE('',#1061,#1064,#345,.T.);
#1343=EDGE_CURVE('',#1064,#1065,#562,.T.);
#1344=EDGE_CURVE('',#1065,#1066,#563,.T.);
#1345=EDGE_CURVE('',#1066,#1067,#564,.T.);
#1346=EDGE_CURVE('',#1067,#1068,#346,.T.);
#1347=EDGE_CURVE('',#1068,#992,#565,.T.);
#1348=EDGE_CURVE('',#1069,#1062,#566,.T.);
#1349=EDGE_CURVE('',#1069,#1070,#567,.T.);
#1350=EDGE_CURVE('',#1070,#1063,#568,.T.);
#1351=EDGE_CURVE('',#1051,#1068,#569,.T.);
#1352=EDGE_CURVE('',#1059,#1070,#570,.T.);
#1353=EDGE_CURVE('',#1060,#1069,#571,.T.);
#1354=EDGE_CURVE('',#1052,#1067,#572,.T.);
#1355=EDGE_CURVE('',#1053,#1066,#573,.T.);
#1356=EDGE_CURVE('',#1054,#1065,#574,.T.);
#1357=EDGE_CURVE('',#1055,#1064,#575,.T.);
#1358=EDGE_CURVE('',#1071,#1072,#576,.T.);
#1359=EDGE_CURVE('',#1072,#1073,#577,.T.);
#1360=EDGE_CURVE('',#1073,#1074,#578,.T.);
#1361=EDGE_CURVE('',#1074,#1075,#579,.T.);
#1362=EDGE_CURVE('',#1075,#1076,#580,.T.);
#1363=EDGE_CURVE('',#1076,#1071,#581,.T.);
#1364=EDGE_CURVE('',#1077,#1078,#582,.T.);
#1365=EDGE_CURVE('',#1077,#1079,#583,.T.);
#1366=EDGE_CURVE('',#1079,#1080,#584,.T.);
#1367=EDGE_CURVE('',#1078,#1080,#585,.T.);
#1368=EDGE_CURVE('',#1081,#1082,#586,.T.);
#1369=EDGE_CURVE('',#1082,#1083,#587,.T.);
#1370=EDGE_CURVE('',#1083,#1084,#588,.T.);
#1371=EDGE_CURVE('',#1084,#1081,#589,.T.);
#1372=EDGE_CURVE('',#921,#1072,#590,.T.);
#1373=EDGE_CURVE('',#920,#1071,#591,.T.);
#1374=EDGE_CURVE('',#922,#1076,#592,.T.);
#1375=EDGE_CURVE('',#923,#1075,#593,.T.);
#1376=EDGE_CURVE('',#924,#1074,#594,.T.);
#1377=EDGE_CURVE('',#925,#1073,#595,.T.);
#1378=EDGE_CURVE('',#927,#1082,#596,.T.);
#1379=EDGE_CURVE('',#926,#1081,#597,.T.);
#1380=EDGE_CURVE('',#928,#1084,#598,.T.);
#1381=EDGE_CURVE('',#929,#1083,#599,.T.);
#1382=EDGE_CURVE('',#1085,#997,#600,.T.);
#1383=EDGE_CURVE('',#1086,#1085,#347,.T.);
#1384=EDGE_CURVE('',#1087,#1086,#601,.T.);
#1385=EDGE_CURVE('',#1088,#1087,#602,.T.);
#1386=EDGE_CURVE('',#1089,#1088,#603,.T.);
#1387=EDGE_CURVE('',#1090,#1089,#348,.T.);
#1388=EDGE_CURVE('',#998,#1090,#604,.T.);
#1389=EDGE_CURVE('',#1091,#1078,#605,.T.);
#1390=EDGE_CURVE('',#1092,#1091,#606,.T.);
#1391=EDGE_CURVE('',#1077,#1092,#607,.T.);
#1392=EDGE_CURVE('',#1090,#1093,#608,.T.);
#1393=EDGE_CURVE('',#999,#1093,#609,.T.);
#1394=EDGE_CURVE('',#1094,#1080,#610,.T.);
#1395=EDGE_CURVE('',#1091,#1094,#611,.T.);
#1396=EDGE_CURVE('',#1093,#1095,#349,.T.);
#1397=EDGE_CURVE('',#1095,#1096,#612,.T.);
#1398=EDGE_CURVE('',#1096,#1097,#613,.T.);
#1399=EDGE_CURVE('',#1097,#1098,#614,.T.);
#1400=EDGE_CURVE('',#1098,#1099,#350,.T.);
#1401=EDGE_CURVE('',#1099,#1000,#615,.T.);
#1402=EDGE_CURVE('',#1079,#1100,#616,.T.);
#1403=EDGE_CURVE('',#1100,#1094,#617,.T.);
#1404=EDGE_CURVE('',#1085,#1099,#618,.T.);
#1405=EDGE_CURVE('',#1092,#1100,#619,.T.);
#1406=EDGE_CURVE('',#1086,#1098,#620,.T.);
#1407=EDGE_CURVE('',#1087,#1097,#621,.T.);
#1408=EDGE_CURVE('',#1088,#1096,#622,.T.);
#1409=EDGE_CURVE('',#1089,#1095,#623,.T.);
#1410=EDGE_CURVE('',#934,#1101,#624,.T.);
#1411=EDGE_CURVE('',#1101,#930,#625,.T.);
#1412=EDGE_CURVE('',#933,#1101,#626,.T.);
#1413=ORIENTED_EDGE('',*,*,#1102,.F.);
#1414=ORIENTED_EDGE('',*,*,#1103,.F.);
#1415=ORIENTED_EDGE('',*,*,#1104,.T.);
#1416=ORIENTED_EDGE('',*,*,#1105,.F.);
#1417=ORIENTED_EDGE('',*,*,#1106,.T.);
#1418=ORIENTED_EDGE('',*,*,#1107,.F.);
#1419=ORIENTED_EDGE('',*,*,#1108,.T.);
#1420=ORIENTED_EDGE('',*,*,#1109,.F.);
#1421=ORIENTED_EDGE('',*,*,#1110,.F.);
#1422=ORIENTED_EDGE('',*,*,#1111,.F.);
#1423=ORIENTED_EDGE('',*,*,#1112,.T.);
#1424=ORIENTED_EDGE('',*,*,#1113,.F.);
#1425=ORIENTED_EDGE('',*,*,#1114,.F.);
#1426=ORIENTED_EDGE('',*,*,#1115,.F.);
#1427=ORIENTED_EDGE('',*,*,#1116,.F.);
#1428=ORIENTED_EDGE('',*,*,#1117,.F.);
#1429=ORIENTED_EDGE('',*,*,#1118,.F.);
#1430=ORIENTED_EDGE('',*,*,#1119,.F.);
#1431=ORIENTED_EDGE('',*,*,#1120,.F.);
#1432=ORIENTED_EDGE('',*,*,#1121,.F.);
#1433=ORIENTED_EDGE('',*,*,#1122,.F.);
#1434=ORIENTED_EDGE('',*,*,#1123,.F.);
#1435=ORIENTED_EDGE('',*,*,#1124,.F.);
#1436=ORIENTED_EDGE('',*,*,#1125,.F.);
#1437=ORIENTED_EDGE('',*,*,#1126,.F.);
#1438=ORIENTED_EDGE('',*,*,#1127,.F.);
#1439=ORIENTED_EDGE('',*,*,#1128,.F.);
#1440=ORIENTED_EDGE('',*,*,#1129,.F.);
#1441=ORIENTED_EDGE('',*,*,#1130,.F.);
#1442=ORIENTED_EDGE('',*,*,#1131,.F.);
#1443=ORIENTED_EDGE('',*,*,#1132,.F.);
#1444=ORIENTED_EDGE('',*,*,#1133,.F.);
#1445=ORIENTED_EDGE('',*,*,#1102,.T.);
#1446=ORIENTED_EDGE('',*,*,#1134,.F.);
#1447=ORIENTED_EDGE('',*,*,#1135,.F.);
#1448=ORIENTED_EDGE('',*,*,#1136,.T.);
#1449=ORIENTED_EDGE('',*,*,#1137,.F.);
#1450=ORIENTED_EDGE('',*,*,#1136,.F.);
#1451=ORIENTED_EDGE('',*,*,#1138,.F.);
#1452=ORIENTED_EDGE('',*,*,#1139,.F.);
#1453=ORIENTED_EDGE('',*,*,#1137,.T.);
#1454=ORIENTED_EDGE('',*,*,#1140,.T.);
#1455=ORIENTED_EDGE('',*,*,#1141,.F.);
#1456=ORIENTED_EDGE('',*,*,#1113,.T.);
#1457=ORIENTED_EDGE('',*,*,#1142,.F.);
#1458=ORIENTED_EDGE('',*,*,#1143,.F.);
#1459=ORIENTED_EDGE('',*,*,#1144,.T.);
#1460=ORIENTED_EDGE('',*,*,#1103,.T.);
#1461=ORIENTED_EDGE('',*,*,#1144,.F.);
#1462=ORIENTED_EDGE('',*,*,#1145,.F.);
#1463=ORIENTED_EDGE('',*,*,#1146,.T.);
#1464=ORIENTED_EDGE('',*,*,#1104,.F.);
#1465=ORIENTED_EDGE('',*,*,#1147,.T.);
#1466=ORIENTED_EDGE('',*,*,#1105,.T.);
#1467=ORIENTED_EDGE('',*,*,#1146,.F.);
#1468=ORIENTED_EDGE('',*,*,#1148,.F.);
#1469=ORIENTED_EDGE('',*,*,#1149,.T.);
#1470=ORIENTED_EDGE('',*,*,#1150,.T.);
#1471=ORIENTED_EDGE('',*,*,#1151,.T.);
#1472=ORIENTED_EDGE('',*,*,#1152,.T.);
#1473=ORIENTED_EDGE('',*,*,#1106,.F.);
#1474=ORIENTED_EDGE('',*,*,#1147,.F.);
#1475=ORIENTED_EDGE('',*,*,#1153,.T.);
#1476=ORIENTED_EDGE('',*,*,#1151,.F.);
#1477=ORIENTED_EDGE('',*,*,#1150,.F.);
#1478=ORIENTED_EDGE('',*,*,#1154,.T.);
#1479=ORIENTED_EDGE('',*,*,#1155,.F.);
#1480=ORIENTED_EDGE('',*,*,#1156,.F.);
#1481=ORIENTED_EDGE('',*,*,#1157,.T.);
#1482=ORIENTED_EDGE('',*,*,#1107,.T.);
#1483=ORIENTED_EDGE('',*,*,#1152,.F.);
#1484=ORIENTED_EDGE('',*,*,#1153,.F.);
#1485=ORIENTED_EDGE('',*,*,#1158,.F.);
#1486=ORIENTED_EDGE('',*,*,#1159,.F.);
#1487=ORIENTED_EDGE('',*,*,#1160,.T.);
#1488=ORIENTED_EDGE('',*,*,#1161,.T.);
#1489=ORIENTED_EDGE('',*,*,#1162,.T.);
#1490=ORIENTED_EDGE('',*,*,#1163,.T.);
#1491=ORIENTED_EDGE('',*,*,#1164,.T.);
#1492=ORIENTED_EDGE('',*,*,#1165,.F.);
#1493=ORIENTED_EDGE('',*,*,#1163,.F.);
#1494=ORIENTED_EDGE('',*,*,#1166,.T.);
#1495=ORIENTED_EDGE('',*,*,#1167,.F.);
#1496=ORIENTED_EDGE('',*,*,#1168,.T.);
#1497=ORIENTED_EDGE('',*,*,#1169,.F.);
#1498=ORIENTED_EDGE('',*,*,#1170,.F.);
#1499=ORIENTED_EDGE('',*,*,#1161,.F.);
#1500=ORIENTED_EDGE('',*,*,#1171,.T.);
#1501=ORIENTED_EDGE('',*,*,#1172,.F.);
#1502=ORIENTED_EDGE('',*,*,#1166,.F.);
#1503=ORIENTED_EDGE('',*,*,#1164,.F.);
#1504=ORIENTED_EDGE('',*,*,#1165,.T.);
#1505=ORIENTED_EDGE('',*,*,#1173,.F.);
#1506=ORIENTED_EDGE('',*,*,#1174,.F.);
#1507=ORIENTED_EDGE('',*,*,#1175,.T.);
#1508=ORIENTED_EDGE('',*,*,#1176,.F.);
#1509=ORIENTED_EDGE('',*,*,#1177,.T.);
#1510=ORIENTED_EDGE('',*,*,#1178,.T.);
#1511=ORIENTED_EDGE('',*,*,#1179,.F.);
#1512=ORIENTED_EDGE('',*,*,#1180,.F.);
#1513=ORIENTED_EDGE('',*,*,#1181,.F.);
#1514=ORIENTED_EDGE('',*,*,#1171,.F.);
#1515=ORIENTED_EDGE('',*,*,#1182,.T.);
#1516=ORIENTED_EDGE('',*,*,#1176,.T.);
#1517=ORIENTED_EDGE('',*,*,#1183,.T.);
#1518=ORIENTED_EDGE('',*,*,#1184,.F.);
#1519=ORIENTED_EDGE('',*,*,#1185,.F.);
#1520=ORIENTED_EDGE('',*,*,#1180,.T.);
#1521=ORIENTED_EDGE('',*,*,#1186,.F.);
#1522=ORIENTED_EDGE('',*,*,#1187,.F.);
#1523=ORIENTED_EDGE('',*,*,#1188,.T.);
#1524=ORIENTED_EDGE('',*,*,#1175,.F.);
#1525=ORIENTED_EDGE('',*,*,#1189,.T.);
#1526=ORIENTED_EDGE('',*,*,#1186,.T.);
#1527=ORIENTED_EDGE('',*,*,#1182,.F.);
#1528=ORIENTED_EDGE('',*,*,#1190,.T.);
#1529=ORIENTED_EDGE('',*,*,#1177,.F.);
#1530=ORIENTED_EDGE('',*,*,#1185,.T.);
#1531=ORIENTED_EDGE('',*,*,#1191,.T.);
#1532=ORIENTED_EDGE('',*,*,#1191,.F.);
#1533=ORIENTED_EDGE('',*,*,#1184,.T.);
#1534=ORIENTED_EDGE('',*,*,#1192,.T.);
#1535=ORIENTED_EDGE('',*,*,#1193,.F.);
#1536=ORIENTED_EDGE('',*,*,#1189,.F.);
#1537=ORIENTED_EDGE('',*,*,#1174,.T.);
#1538=ORIENTED_EDGE('',*,*,#1194,.T.);
#1539=ORIENTED_EDGE('',*,*,#1187,.T.);
#1540=ORIENTED_EDGE('',*,*,#1178,.F.);
#1541=ORIENTED_EDGE('',*,*,#1190,.F.);
#1542=ORIENTED_EDGE('',*,*,#1193,.T.);
#1543=ORIENTED_EDGE('',*,*,#1195,.T.);
#1544=ORIENTED_EDGE('',*,*,#1168,.F.);
#1545=ORIENTED_EDGE('',*,*,#1162,.F.);
#1546=ORIENTED_EDGE('',*,*,#1170,.T.);
#1547=ORIENTED_EDGE('',*,*,#1196,.T.);
#1548=ORIENTED_EDGE('',*,*,#1197,.F.);
#1549=ORIENTED_EDGE('',*,*,#1198,.T.);
#1550=ORIENTED_EDGE('',*,*,#1179,.T.);
#1551=ORIENTED_EDGE('',*,*,#1196,.F.);
#1552=ORIENTED_EDGE('',*,*,#1199,.F.);
#1553=ORIENTED_EDGE('',*,*,#1172,.T.);
#1554=ORIENTED_EDGE('',*,*,#1181,.T.);
#1555=ORIENTED_EDGE('',*,*,#1200,.F.);
#1556=ORIENTED_EDGE('',*,*,#1167,.T.);
#1557=ORIENTED_EDGE('',*,*,#1199,.T.);
#1558=ORIENTED_EDGE('',*,*,#1201,.T.);
#1559=ORIENTED_EDGE('',*,*,#1202,.F.);
#1560=ORIENTED_EDGE('',*,*,#1169,.T.);
#1561=ORIENTED_EDGE('',*,*,#1203,.F.);
#1562=ORIENTED_EDGE('',*,*,#1204,.T.);
#1563=ORIENTED_EDGE('',*,*,#1197,.T.);
#1564=ORIENTED_EDGE('',*,*,#1203,.T.);
#1565=ORIENTED_EDGE('',*,*,#1195,.F.);
#1566=ORIENTED_EDGE('',*,*,#1192,.F.);
#1567=ORIENTED_EDGE('',*,*,#1205,.F.);
#1568=ORIENTED_EDGE('',*,*,#1202,.T.);
#1569=ORIENTED_EDGE('',*,*,#1206,.T.);
#1570=ORIENTED_EDGE('',*,*,#1194,.F.);
#1571=ORIENTED_EDGE('',*,*,#1173,.T.);
#1572=ORIENTED_EDGE('',*,*,#1188,.F.);
#1573=ORIENTED_EDGE('',*,*,#1206,.F.);
#1574=ORIENTED_EDGE('',*,*,#1201,.F.);
#1575=ORIENTED_EDGE('',*,*,#1200,.T.);
#1576=ORIENTED_EDGE('',*,*,#1204,.F.);
#1577=ORIENTED_EDGE('',*,*,#1205,.T.);
#1578=ORIENTED_EDGE('',*,*,#1183,.F.);
#1579=ORIENTED_EDGE('',*,*,#1198,.F.);
#1580=ORIENTED_EDGE('',*,*,#1156,.T.);
#1581=ORIENTED_EDGE('',*,*,#1207,.T.);
#1582=ORIENTED_EDGE('',*,*,#1208,.T.);
#1583=ORIENTED_EDGE('',*,*,#1209,.F.);
#1584=ORIENTED_EDGE('',*,*,#1210,.F.);
#1585=ORIENTED_EDGE('',*,*,#1210,.T.);
#1586=ORIENTED_EDGE('',*,*,#1211,.T.);
#1587=ORIENTED_EDGE('',*,*,#1108,.F.);
#1588=ORIENTED_EDGE('',*,*,#1157,.F.);
#1589=ORIENTED_EDGE('',*,*,#1212,.T.);
#1590=ORIENTED_EDGE('',*,*,#1111,.T.);
#1591=ORIENTED_EDGE('',*,*,#1213,.T.);
#1592=ORIENTED_EDGE('',*,*,#1214,.F.);
#1593=ORIENTED_EDGE('',*,*,#1215,.F.);
#1594=ORIENTED_EDGE('',*,*,#1216,.F.);
#1595=ORIENTED_EDGE('',*,*,#1109,.T.);
#1596=ORIENTED_EDGE('',*,*,#1211,.F.);
#1597=ORIENTED_EDGE('',*,*,#1209,.T.);
#1598=ORIENTED_EDGE('',*,*,#1217,.T.);
#1599=ORIENTED_EDGE('',*,*,#1212,.F.);
#1600=ORIENTED_EDGE('',*,*,#1218,.F.);
#1601=ORIENTED_EDGE('',*,*,#1142,.T.);
#1602=ORIENTED_EDGE('',*,*,#1112,.F.);
#1603=ORIENTED_EDGE('',*,*,#1148,.T.);
#1604=ORIENTED_EDGE('',*,*,#1145,.T.);
#1605=ORIENTED_EDGE('',*,*,#1143,.T.);
#1606=ORIENTED_EDGE('',*,*,#1218,.T.);
#1607=ORIENTED_EDGE('',*,*,#1214,.T.);
#1608=ORIENTED_EDGE('',*,*,#1219,.T.);
#1609=ORIENTED_EDGE('',*,*,#1215,.T.);
#1610=ORIENTED_EDGE('',*,*,#1220,.T.);
#1611=ORIENTED_EDGE('',*,*,#1221,.F.);
#1612=ORIENTED_EDGE('',*,*,#1159,.T.);
#1613=ORIENTED_EDGE('',*,*,#1222,.T.);
#1614=ORIENTED_EDGE('',*,*,#1223,.T.);
#1615=ORIENTED_EDGE('',*,*,#1224,.T.);
#1616=ORIENTED_EDGE('',*,*,#1225,.T.);
#1617=ORIENTED_EDGE('',*,*,#1226,.F.);
#1618=ORIENTED_EDGE('',*,*,#1227,.F.);
#1619=ORIENTED_EDGE('',*,*,#1228,.T.);
#1620=ORIENTED_EDGE('',*,*,#1229,.T.);
#1621=ORIENTED_EDGE('',*,*,#1230,.F.);
#1622=ORIENTED_EDGE('',*,*,#1231,.F.);
#1623=ORIENTED_EDGE('',*,*,#1232,.T.);
#1624=ORIENTED_EDGE('',*,*,#1233,.T.);
#1625=ORIENTED_EDGE('',*,*,#1234,.F.);
#1626=ORIENTED_EDGE('',*,*,#1235,.F.);
#1627=ORIENTED_EDGE('',*,*,#1236,.T.);
#1628=ORIENTED_EDGE('',*,*,#1237,.T.);
#1629=ORIENTED_EDGE('',*,*,#1238,.F.);
#1630=ORIENTED_EDGE('',*,*,#1239,.F.);
#1631=ORIENTED_EDGE('',*,*,#1208,.F.);
#1632=ORIENTED_EDGE('',*,*,#1240,.F.);
#1633=ORIENTED_EDGE('',*,*,#1220,.F.);
#1634=ORIENTED_EDGE('',*,*,#1217,.F.);
#1635=ORIENTED_EDGE('',*,*,#1149,.F.);
#1636=ORIENTED_EDGE('',*,*,#1223,.F.);
#1637=ORIENTED_EDGE('',*,*,#1241,.F.);
#1638=ORIENTED_EDGE('',*,*,#1154,.F.);
#1639=ORIENTED_EDGE('',*,*,#1160,.F.);
#1640=ORIENTED_EDGE('',*,*,#1221,.T.);
#1641=ORIENTED_EDGE('',*,*,#1240,.T.);
#1642=ORIENTED_EDGE('',*,*,#1207,.F.);
#1643=ORIENTED_EDGE('',*,*,#1158,.T.);
#1644=ORIENTED_EDGE('',*,*,#1155,.T.);
#1645=ORIENTED_EDGE('',*,*,#1241,.T.);
#1646=ORIENTED_EDGE('',*,*,#1222,.F.);
#1647=ORIENTED_EDGE('',*,*,#1213,.F.);
#1648=ORIENTED_EDGE('',*,*,#1110,.T.);
#1649=ORIENTED_EDGE('',*,*,#1216,.T.);
#1650=ORIENTED_EDGE('',*,*,#1219,.F.);
#1651=ORIENTED_EDGE('',*,*,#1224,.F.);
#1652=ORIENTED_EDGE('',*,*,#1242,.F.);
#1653=ORIENTED_EDGE('',*,*,#1243,.F.);
#1654=ORIENTED_EDGE('',*,*,#1244,.F.);
#1655=ORIENTED_EDGE('',*,*,#1245,.F.);
#1656=ORIENTED_EDGE('',*,*,#1246,.F.);
#1657=ORIENTED_EDGE('',*,*,#1247,.F.);
#1658=ORIENTED_EDGE('',*,*,#1248,.F.);
#1659=ORIENTED_EDGE('',*,*,#1249,.T.);
#1660=ORIENTED_EDGE('',*,*,#1250,.F.);
#1661=ORIENTED_EDGE('',*,*,#1251,.F.);
#1662=ORIENTED_EDGE('',*,*,#1252,.F.);
#1663=ORIENTED_EDGE('',*,*,#1225,.F.);
#1664=ORIENTED_EDGE('',*,*,#1248,.T.);
#1665=ORIENTED_EDGE('',*,*,#1253,.T.);
#1666=ORIENTED_EDGE('',*,*,#1254,.F.);
#1667=ORIENTED_EDGE('',*,*,#1255,.T.);
#1668=ORIENTED_EDGE('',*,*,#1256,.F.);
#1669=ORIENTED_EDGE('',*,*,#1257,.F.);
#1670=ORIENTED_EDGE('',*,*,#1250,.T.);
#1671=ORIENTED_EDGE('',*,*,#1226,.T.);
#1672=ORIENTED_EDGE('',*,*,#1254,.T.);
#1673=ORIENTED_EDGE('',*,*,#1258,.T.);
#1674=ORIENTED_EDGE('',*,*,#1259,.T.);
#1675=ORIENTED_EDGE('',*,*,#1260,.T.);
#1676=ORIENTED_EDGE('',*,*,#1261,.T.);
#1677=ORIENTED_EDGE('',*,*,#1262,.T.);
#1678=ORIENTED_EDGE('',*,*,#1263,.T.);
#1679=ORIENTED_EDGE('',*,*,#1264,.F.);
#1680=ORIENTED_EDGE('',*,*,#1265,.T.);
#1681=ORIENTED_EDGE('',*,*,#1266,.T.);
#1682=ORIENTED_EDGE('',*,*,#1256,.T.);
#1683=ORIENTED_EDGE('',*,*,#1227,.T.);
#1684=ORIENTED_EDGE('',*,*,#1263,.F.);
#1685=ORIENTED_EDGE('',*,*,#1267,.F.);
#1686=ORIENTED_EDGE('',*,*,#1242,.T.);
#1687=ORIENTED_EDGE('',*,*,#1268,.F.);
#1688=ORIENTED_EDGE('',*,*,#1252,.T.);
#1689=ORIENTED_EDGE('',*,*,#1269,.T.);
#1690=ORIENTED_EDGE('',*,*,#1265,.F.);
#1691=ORIENTED_EDGE('',*,*,#1243,.T.);
#1692=ORIENTED_EDGE('',*,*,#1267,.T.);
#1693=ORIENTED_EDGE('',*,*,#1262,.F.);
#1694=ORIENTED_EDGE('',*,*,#1270,.F.);
#1695=ORIENTED_EDGE('',*,*,#1244,.T.);
#1696=ORIENTED_EDGE('',*,*,#1270,.T.);
#1697=ORIENTED_EDGE('',*,*,#1261,.F.);
#1698=ORIENTED_EDGE('',*,*,#1271,.F.);
#1699=ORIENTED_EDGE('',*,*,#1245,.T.);
#1700=ORIENTED_EDGE('',*,*,#1271,.T.);
#1701=ORIENTED_EDGE('',*,*,#1260,.F.);
#1702=ORIENTED_EDGE('',*,*,#1272,.F.);
#1703=ORIENTED_EDGE('',*,*,#1246,.T.);
#1704=ORIENTED_EDGE('',*,*,#1272,.T.);
#1705=ORIENTED_EDGE('',*,*,#1259,.F.);
#1706=ORIENTED_EDGE('',*,*,#1273,.F.);
#1707=ORIENTED_EDGE('',*,*,#1247,.T.);
#1708=ORIENTED_EDGE('',*,*,#1273,.T.);
#1709=ORIENTED_EDGE('',*,*,#1258,.F.);
#1710=ORIENTED_EDGE('',*,*,#1253,.F.);
#1711=ORIENTED_EDGE('',*,*,#1274,.T.);
#1712=ORIENTED_EDGE('',*,*,#1275,.T.);
#1713=ORIENTED_EDGE('',*,*,#1276,.T.);
#1714=ORIENTED_EDGE('',*,*,#1277,.T.);
#1715=ORIENTED_EDGE('',*,*,#1278,.F.);
#1716=ORIENTED_EDGE('',*,*,#1279,.T.);
#1717=ORIENTED_EDGE('',*,*,#1280,.T.);
#1718=ORIENTED_EDGE('',*,*,#1281,.F.);
#1719=ORIENTED_EDGE('',*,*,#1282,.T.);
#1720=ORIENTED_EDGE('',*,*,#1283,.T.);
#1721=ORIENTED_EDGE('',*,*,#1284,.T.);
#1722=ORIENTED_EDGE('',*,*,#1285,.T.);
#1723=ORIENTED_EDGE('',*,*,#1286,.T.);
#1724=ORIENTED_EDGE('',*,*,#1287,.T.);
#1725=ORIENTED_EDGE('',*,*,#1249,.F.);
#1726=ORIENTED_EDGE('',*,*,#1268,.T.);
#1727=ORIENTED_EDGE('',*,*,#1264,.T.);
#1728=ORIENTED_EDGE('',*,*,#1255,.F.);
#1729=ORIENTED_EDGE('',*,*,#1114,.T.);
#1730=ORIENTED_EDGE('',*,*,#1288,.T.);
#1731=ORIENTED_EDGE('',*,*,#1274,.F.);
#1732=ORIENTED_EDGE('',*,*,#1289,.F.);
#1733=ORIENTED_EDGE('',*,*,#1115,.T.);
#1734=ORIENTED_EDGE('',*,*,#1289,.T.);
#1735=ORIENTED_EDGE('',*,*,#1277,.F.);
#1736=ORIENTED_EDGE('',*,*,#1290,.F.);
#1737=ORIENTED_EDGE('',*,*,#1116,.T.);
#1738=ORIENTED_EDGE('',*,*,#1290,.T.);
#1739=ORIENTED_EDGE('',*,*,#1276,.F.);
#1740=ORIENTED_EDGE('',*,*,#1291,.F.);
#1741=ORIENTED_EDGE('',*,*,#1117,.T.);
#1742=ORIENTED_EDGE('',*,*,#1291,.T.);
#1743=ORIENTED_EDGE('',*,*,#1275,.F.);
#1744=ORIENTED_EDGE('',*,*,#1288,.F.);
#1745=ORIENTED_EDGE('',*,*,#1118,.T.);
#1746=ORIENTED_EDGE('',*,*,#1292,.T.);
#1747=ORIENTED_EDGE('',*,*,#1282,.F.);
#1748=ORIENTED_EDGE('',*,*,#1293,.F.);
#1749=ORIENTED_EDGE('',*,*,#1119,.T.);
#1750=ORIENTED_EDGE('',*,*,#1293,.T.);
#1751=ORIENTED_EDGE('',*,*,#1287,.F.);
#1752=ORIENTED_EDGE('',*,*,#1294,.F.);
#1753=ORIENTED_EDGE('',*,*,#1120,.T.);
#1754=ORIENTED_EDGE('',*,*,#1294,.T.);
#1755=ORIENTED_EDGE('',*,*,#1286,.F.);
#1756=ORIENTED_EDGE('',*,*,#1295,.F.);
#1757=ORIENTED_EDGE('',*,*,#1121,.T.);
#1758=ORIENTED_EDGE('',*,*,#1295,.T.);
#1759=ORIENTED_EDGE('',*,*,#1285,.F.);
#1760=ORIENTED_EDGE('',*,*,#1296,.F.);
#1761=ORIENTED_EDGE('',*,*,#1122,.T.);
#1762=ORIENTED_EDGE('',*,*,#1296,.T.);
#1763=ORIENTED_EDGE('',*,*,#1284,.F.);
#1764=ORIENTED_EDGE('',*,*,#1297,.F.);
#1765=ORIENTED_EDGE('',*,*,#1123,.T.);
#1766=ORIENTED_EDGE('',*,*,#1297,.T.);
#1767=ORIENTED_EDGE('',*,*,#1283,.F.);
#1768=ORIENTED_EDGE('',*,*,#1292,.F.);
#1769=ORIENTED_EDGE('',*,*,#1232,.F.);
#1770=ORIENTED_EDGE('',*,*,#1298,.F.);
#1771=ORIENTED_EDGE('',*,*,#1299,.F.);
#1772=ORIENTED_EDGE('',*,*,#1300,.F.);
#1773=ORIENTED_EDGE('',*,*,#1301,.F.);
#1774=ORIENTED_EDGE('',*,*,#1302,.F.);
#1775=ORIENTED_EDGE('',*,*,#1303,.F.);
#1776=ORIENTED_EDGE('',*,*,#1304,.F.);
#1777=ORIENTED_EDGE('',*,*,#1278,.T.);
#1778=ORIENTED_EDGE('',*,*,#1305,.F.);
#1779=ORIENTED_EDGE('',*,*,#1306,.F.);
#1780=ORIENTED_EDGE('',*,*,#1307,.F.);
#1781=ORIENTED_EDGE('',*,*,#1233,.F.);
#1782=ORIENTED_EDGE('',*,*,#1304,.T.);
#1783=ORIENTED_EDGE('',*,*,#1308,.T.);
#1784=ORIENTED_EDGE('',*,*,#1309,.F.);
#1785=ORIENTED_EDGE('',*,*,#1281,.T.);
#1786=ORIENTED_EDGE('',*,*,#1310,.F.);
#1787=ORIENTED_EDGE('',*,*,#1311,.F.);
#1788=ORIENTED_EDGE('',*,*,#1305,.T.);
#1789=ORIENTED_EDGE('',*,*,#1234,.T.);
#1790=ORIENTED_EDGE('',*,*,#1309,.T.);
#1791=ORIENTED_EDGE('',*,*,#1312,.T.);
#1792=ORIENTED_EDGE('',*,*,#1313,.T.);
#1793=ORIENTED_EDGE('',*,*,#1314,.T.);
#1794=ORIENTED_EDGE('',*,*,#1315,.T.);
#1795=ORIENTED_EDGE('',*,*,#1316,.T.);
#1796=ORIENTED_EDGE('',*,*,#1317,.T.);
#1797=ORIENTED_EDGE('',*,*,#1280,.F.);
#1798=ORIENTED_EDGE('',*,*,#1318,.T.);
#1799=ORIENTED_EDGE('',*,*,#1319,.T.);
#1800=ORIENTED_EDGE('',*,*,#1310,.T.);
#1801=ORIENTED_EDGE('',*,*,#1235,.T.);
#1802=ORIENTED_EDGE('',*,*,#1317,.F.);
#1803=ORIENTED_EDGE('',*,*,#1320,.F.);
#1804=ORIENTED_EDGE('',*,*,#1298,.T.);
#1805=ORIENTED_EDGE('',*,*,#1279,.F.);
#1806=ORIENTED_EDGE('',*,*,#1307,.T.);
#1807=ORIENTED_EDGE('',*,*,#1321,.T.);
#1808=ORIENTED_EDGE('',*,*,#1318,.F.);
#1809=ORIENTED_EDGE('',*,*,#1299,.T.);
#1810=ORIENTED_EDGE('',*,*,#1320,.T.);
#1811=ORIENTED_EDGE('',*,*,#1316,.F.);
#1812=ORIENTED_EDGE('',*,*,#1322,.F.);
#1813=ORIENTED_EDGE('',*,*,#1300,.T.);
#1814=ORIENTED_EDGE('',*,*,#1322,.T.);
#1815=ORIENTED_EDGE('',*,*,#1315,.F.);
#1816=ORIENTED_EDGE('',*,*,#1323,.F.);
#1817=ORIENTED_EDGE('',*,*,#1301,.T.);
#1818=ORIENTED_EDGE('',*,*,#1323,.T.);
#1819=ORIENTED_EDGE('',*,*,#1314,.F.);
#1820=ORIENTED_EDGE('',*,*,#1324,.F.);
#1821=ORIENTED_EDGE('',*,*,#1302,.T.);
#1822=ORIENTED_EDGE('',*,*,#1324,.T.);
#1823=ORIENTED_EDGE('',*,*,#1313,.F.);
#1824=ORIENTED_EDGE('',*,*,#1325,.F.);
#1825=ORIENTED_EDGE('',*,*,#1303,.T.);
#1826=ORIENTED_EDGE('',*,*,#1325,.T.);
#1827=ORIENTED_EDGE('',*,*,#1312,.F.);
#1828=ORIENTED_EDGE('',*,*,#1308,.F.);
#1829=ORIENTED_EDGE('',*,*,#1306,.T.);
#1830=ORIENTED_EDGE('',*,*,#1311,.T.);
#1831=ORIENTED_EDGE('',*,*,#1319,.F.);
#1832=ORIENTED_EDGE('',*,*,#1321,.F.);
#1833=ORIENTED_EDGE('',*,*,#1251,.T.);
#1834=ORIENTED_EDGE('',*,*,#1257,.T.);
#1835=ORIENTED_EDGE('',*,*,#1266,.F.);
#1836=ORIENTED_EDGE('',*,*,#1269,.F.);
#1837=ORIENTED_EDGE('',*,*,#1228,.F.);
#1838=ORIENTED_EDGE('',*,*,#1326,.F.);
#1839=ORIENTED_EDGE('',*,*,#1327,.F.);
#1840=ORIENTED_EDGE('',*,*,#1328,.F.);
#1841=ORIENTED_EDGE('',*,*,#1329,.F.);
#1842=ORIENTED_EDGE('',*,*,#1330,.F.);
#1843=ORIENTED_EDGE('',*,*,#1331,.F.);
#1844=ORIENTED_EDGE('',*,*,#1332,.F.);
#1845=ORIENTED_EDGE('',*,*,#1333,.F.);
#1846=ORIENTED_EDGE('',*,*,#1334,.F.);
#1847=ORIENTED_EDGE('',*,*,#1335,.F.);
#1848=ORIENTED_EDGE('',*,*,#1336,.T.);
#1849=ORIENTED_EDGE('',*,*,#1229,.F.);
#1850=ORIENTED_EDGE('',*,*,#1332,.T.);
#1851=ORIENTED_EDGE('',*,*,#1337,.T.);
#1852=ORIENTED_EDGE('',*,*,#1338,.F.);
#1853=ORIENTED_EDGE('',*,*,#1333,.T.);
#1854=ORIENTED_EDGE('',*,*,#1339,.T.);
#1855=ORIENTED_EDGE('',*,*,#1340,.F.);
#1856=ORIENTED_EDGE('',*,*,#1341,.F.);
#1857=ORIENTED_EDGE('',*,*,#1230,.T.);
#1858=ORIENTED_EDGE('',*,*,#1338,.T.);
#1859=ORIENTED_EDGE('',*,*,#1342,.T.);
#1860=ORIENTED_EDGE('',*,*,#1343,.T.);
#1861=ORIENTED_EDGE('',*,*,#1344,.T.);
#1862=ORIENTED_EDGE('',*,*,#1345,.T.);
#1863=ORIENTED_EDGE('',*,*,#1346,.T.);
#1864=ORIENTED_EDGE('',*,*,#1347,.T.);
#1865=ORIENTED_EDGE('',*,*,#1340,.T.);
#1866=ORIENTED_EDGE('',*,*,#1348,.F.);
#1867=ORIENTED_EDGE('',*,*,#1349,.T.);
#1868=ORIENTED_EDGE('',*,*,#1350,.T.);
#1869=ORIENTED_EDGE('',*,*,#1231,.T.);
#1870=ORIENTED_EDGE('',*,*,#1347,.F.);
#1871=ORIENTED_EDGE('',*,*,#1351,.F.);
#1872=ORIENTED_EDGE('',*,*,#1326,.T.);
#1873=ORIENTED_EDGE('',*,*,#1335,.T.);
#1874=ORIENTED_EDGE('',*,*,#1352,.T.);
#1875=ORIENTED_EDGE('',*,*,#1349,.F.);
#1876=ORIENTED_EDGE('',*,*,#1353,.F.);
#1877=ORIENTED_EDGE('',*,*,#1327,.T.);
#1878=ORIENTED_EDGE('',*,*,#1351,.T.);
#1879=ORIENTED_EDGE('',*,*,#1346,.F.);
#1880=ORIENTED_EDGE('',*,*,#1354,.F.);
#1881=ORIENTED_EDGE('',*,*,#1328,.T.);
#1882=ORIENTED_EDGE('',*,*,#1354,.T.);
#1883=ORIENTED_EDGE('',*,*,#1345,.F.);
#1884=ORIENTED_EDGE('',*,*,#1355,.F.);
#1885=ORIENTED_EDGE('',*,*,#1329,.T.);
#1886=ORIENTED_EDGE('',*,*,#1355,.T.);
#1887=ORIENTED_EDGE('',*,*,#1344,.F.);
#1888=ORIENTED_EDGE('',*,*,#1356,.F.);
#1889=ORIENTED_EDGE('',*,*,#1330,.T.);
#1890=ORIENTED_EDGE('',*,*,#1356,.T.);
#1891=ORIENTED_EDGE('',*,*,#1343,.F.);
#1892=ORIENTED_EDGE('',*,*,#1357,.F.);
#1893=ORIENTED_EDGE('',*,*,#1331,.T.);
#1894=ORIENTED_EDGE('',*,*,#1357,.T.);
#1895=ORIENTED_EDGE('',*,*,#1342,.F.);
#1896=ORIENTED_EDGE('',*,*,#1337,.F.);
#1897=ORIENTED_EDGE('',*,*,#1358,.T.);
#1898=ORIENTED_EDGE('',*,*,#1359,.T.);
#1899=ORIENTED_EDGE('',*,*,#1360,.T.);
#1900=ORIENTED_EDGE('',*,*,#1361,.T.);
#1901=ORIENTED_EDGE('',*,*,#1362,.T.);
#1902=ORIENTED_EDGE('',*,*,#1363,.T.);
#1903=ORIENTED_EDGE('',*,*,#1364,.F.);
#1904=ORIENTED_EDGE('',*,*,#1365,.T.);
#1905=ORIENTED_EDGE('',*,*,#1366,.T.);
#1906=ORIENTED_EDGE('',*,*,#1367,.F.);
#1907=ORIENTED_EDGE('',*,*,#1368,.T.);
#1908=ORIENTED_EDGE('',*,*,#1369,.T.);
#1909=ORIENTED_EDGE('',*,*,#1370,.T.);
#1910=ORIENTED_EDGE('',*,*,#1371,.T.);
#1911=ORIENTED_EDGE('',*,*,#1336,.F.);
#1912=ORIENTED_EDGE('',*,*,#1353,.T.);
#1913=ORIENTED_EDGE('',*,*,#1348,.T.);
#1914=ORIENTED_EDGE('',*,*,#1339,.F.);
#1915=ORIENTED_EDGE('',*,*,#1124,.T.);
#1916=ORIENTED_EDGE('',*,*,#1372,.T.);
#1917=ORIENTED_EDGE('',*,*,#1358,.F.);
#1918=ORIENTED_EDGE('',*,*,#1373,.F.);
#1919=ORIENTED_EDGE('',*,*,#1125,.T.);
#1920=ORIENTED_EDGE('',*,*,#1373,.T.);
#1921=ORIENTED_EDGE('',*,*,#1363,.F.);
#1922=ORIENTED_EDGE('',*,*,#1374,.F.);
#1923=ORIENTED_EDGE('',*,*,#1126,.T.);
#1924=ORIENTED_EDGE('',*,*,#1374,.T.);
#1925=ORIENTED_EDGE('',*,*,#1362,.F.);
#1926=ORIENTED_EDGE('',*,*,#1375,.F.);
#1927=ORIENTED_EDGE('',*,*,#1127,.T.);
#1928=ORIENTED_EDGE('',*,*,#1375,.T.);
#1929=ORIENTED_EDGE('',*,*,#1361,.F.);
#1930=ORIENTED_EDGE('',*,*,#1376,.F.);
#1931=ORIENTED_EDGE('',*,*,#1128,.T.);
#1932=ORIENTED_EDGE('',*,*,#1376,.T.);
#1933=ORIENTED_EDGE('',*,*,#1360,.F.);
#1934=ORIENTED_EDGE('',*,*,#1377,.F.);
#1935=ORIENTED_EDGE('',*,*,#1129,.T.);
#1936=ORIENTED_EDGE('',*,*,#1377,.T.);
#1937=ORIENTED_EDGE('',*,*,#1359,.F.);
#1938=ORIENTED_EDGE('',*,*,#1372,.F.);
#1939=ORIENTED_EDGE('',*,*,#1130,.T.);
#1940=ORIENTED_EDGE('',*,*,#1378,.T.);
#1941=ORIENTED_EDGE('',*,*,#1368,.F.);
#1942=ORIENTED_EDGE('',*,*,#1379,.F.);
#1943=ORIENTED_EDGE('',*,*,#1131,.T.);
#1944=ORIENTED_EDGE('',*,*,#1379,.T.);
#1945=ORIENTED_EDGE('',*,*,#1371,.F.);
#1946=ORIENTED_EDGE('',*,*,#1380,.F.);
#1947=ORIENTED_EDGE('',*,*,#1132,.T.);
#1948=ORIENTED_EDGE('',*,*,#1380,.T.);
#1949=ORIENTED_EDGE('',*,*,#1370,.F.);
#1950=ORIENTED_EDGE('',*,*,#1381,.F.);
#1951=ORIENTED_EDGE('',*,*,#1133,.T.);
#1952=ORIENTED_EDGE('',*,*,#1381,.T.);
#1953=ORIENTED_EDGE('',*,*,#1369,.F.);
#1954=ORIENTED_EDGE('',*,*,#1378,.F.);
#1955=ORIENTED_EDGE('',*,*,#1236,.F.);
#1956=ORIENTED_EDGE('',*,*,#1382,.F.);
#1957=ORIENTED_EDGE('',*,*,#1383,.F.);
#1958=ORIENTED_EDGE('',*,*,#1384,.F.);
#1959=ORIENTED_EDGE('',*,*,#1385,.F.);
#1960=ORIENTED_EDGE('',*,*,#1386,.F.);
#1961=ORIENTED_EDGE('',*,*,#1387,.F.);
#1962=ORIENTED_EDGE('',*,*,#1388,.F.);
#1963=ORIENTED_EDGE('',*,*,#1389,.F.);
#1964=ORIENTED_EDGE('',*,*,#1390,.F.);
#1965=ORIENTED_EDGE('',*,*,#1391,.F.);
#1966=ORIENTED_EDGE('',*,*,#1364,.T.);
#1967=ORIENTED_EDGE('',*,*,#1237,.F.);
#1968=ORIENTED_EDGE('',*,*,#1388,.T.);
#1969=ORIENTED_EDGE('',*,*,#1392,.T.);
#1970=ORIENTED_EDGE('',*,*,#1393,.F.);
#1971=ORIENTED_EDGE('',*,*,#1389,.T.);
#1972=ORIENTED_EDGE('',*,*,#1367,.T.);
#1973=ORIENTED_EDGE('',*,*,#1394,.F.);
#1974=ORIENTED_EDGE('',*,*,#1395,.F.);
#1975=ORIENTED_EDGE('',*,*,#1238,.T.);
#1976=ORIENTED_EDGE('',*,*,#1393,.T.);
#1977=ORIENTED_EDGE('',*,*,#1396,.T.);
#1978=ORIENTED_EDGE('',*,*,#1397,.T.);
#1979=ORIENTED_EDGE('',*,*,#1398,.T.);
#1980=ORIENTED_EDGE('',*,*,#1399,.T.);
#1981=ORIENTED_EDGE('',*,*,#1400,.T.);
#1982=ORIENTED_EDGE('',*,*,#1401,.T.);
#1983=ORIENTED_EDGE('',*,*,#1394,.T.);
#1984=ORIENTED_EDGE('',*,*,#1366,.F.);
#1985=ORIENTED_EDGE('',*,*,#1402,.T.);
#1986=ORIENTED_EDGE('',*,*,#1403,.T.);
#1987=ORIENTED_EDGE('',*,*,#1239,.T.);
#1988=ORIENTED_EDGE('',*,*,#1401,.F.);
#1989=ORIENTED_EDGE('',*,*,#1404,.F.);
#1990=ORIENTED_EDGE('',*,*,#1382,.T.);
#1991=ORIENTED_EDGE('',*,*,#1391,.T.);
#1992=ORIENTED_EDGE('',*,*,#1405,.T.);
#1993=ORIENTED_EDGE('',*,*,#1402,.F.);
#1994=ORIENTED_EDGE('',*,*,#1365,.F.);
#1995=ORIENTED_EDGE('',*,*,#1383,.T.);
#1996=ORIENTED_EDGE('',*,*,#1404,.T.);
#1997=ORIENTED_EDGE('',*,*,#1400,.F.);
#1998=ORIENTED_EDGE('',*,*,#1406,.F.);
#1999=ORIENTED_EDGE('',*,*,#1384,.T.);
#2000=ORIENTED_EDGE('',*,*,#1406,.T.);
#2001=ORIENTED_EDGE('',*,*,#1399,.F.);
#2002=ORIENTED_EDGE('',*,*,#1407,.F.);
#2003=ORIENTED_EDGE('',*,*,#1385,.T.);
#2004=ORIENTED_EDGE('',*,*,#1407,.T.);
#2005=ORIENTED_EDGE('',*,*,#1398,.F.);
#2006=ORIENTED_EDGE('',*,*,#1408,.F.);
#2007=ORIENTED_EDGE('',*,*,#1386,.T.);
#2008=ORIENTED_EDGE('',*,*,#1408,.T.);
#2009=ORIENTED_EDGE('',*,*,#1397,.F.);
#2010=ORIENTED_EDGE('',*,*,#1409,.F.);
#2011=ORIENTED_EDGE('',*,*,#1387,.T.);
#2012=ORIENTED_EDGE('',*,*,#1409,.T.);
#2013=ORIENTED_EDGE('',*,*,#1396,.F.);
#2014=ORIENTED_EDGE('',*,*,#1392,.F.);
#2015=ORIENTED_EDGE('',*,*,#1390,.T.);
#2016=ORIENTED_EDGE('',*,*,#1395,.T.);
#2017=ORIENTED_EDGE('',*,*,#1403,.F.);
#2018=ORIENTED_EDGE('',*,*,#1405,.F.);
#2019=ORIENTED_EDGE('',*,*,#1334,.T.);
#2020=ORIENTED_EDGE('',*,*,#1341,.T.);
#2021=ORIENTED_EDGE('',*,*,#1350,.F.);
#2022=ORIENTED_EDGE('',*,*,#1352,.F.);
#2023=ORIENTED_EDGE('',*,*,#1141,.T.);
#2024=ORIENTED_EDGE('',*,*,#1410,.T.);
#2025=ORIENTED_EDGE('',*,*,#1411,.T.);
#2026=ORIENTED_EDGE('',*,*,#1134,.T.);
#2027=ORIENTED_EDGE('',*,*,#1138,.T.);
#2028=ORIENTED_EDGE('',*,*,#1135,.T.);
#2029=ORIENTED_EDGE('',*,*,#1411,.F.);
#2030=ORIENTED_EDGE('',*,*,#1412,.F.);
#2031=ORIENTED_EDGE('',*,*,#1140,.F.);
#2032=ORIENTED_EDGE('',*,*,#1139,.T.);
#2033=ORIENTED_EDGE('',*,*,#1412,.T.);
#2034=ORIENTED_EDGE('',*,*,#1410,.F.);
#2035=PLANE('',#2412);
#2036=PLANE('',#2418);
#2037=PLANE('',#2419);
#2038=PLANE('',#2420);
#2039=PLANE('',#2423);
#2040=PLANE('',#2426);
#2041=PLANE('',#2427);
#2042=PLANE('',#2434);
#2043=PLANE('',#2435);
#2044=PLANE('',#2437);
#2045=PLANE('',#2445);
#2046=PLANE('',#2446);
#2047=PLANE('',#2447);
#2048=PLANE('',#2448);
#2049=PLANE('',#2449);
#2050=PLANE('',#2450);
#2051=PLANE('',#2451);
#2052=PLANE('',#2452);
#2053=PLANE('',#2454);
#2054=PLANE('',#2456);
#2055=PLANE('',#2457);
#2056=PLANE('',#2460);
#2057=PLANE('',#2463);
#2058=PLANE('',#2464);
#2059=PLANE('',#2467);
#2060=PLANE('',#2469);
#2061=PLANE('',#2470);
#2062=PLANE('',#2471);
#2063=PLANE('',#2472);
#2064=PLANE('',#2474);
#2065=PLANE('',#2477);
#2066=PLANE('',#2478);
#2067=PLANE('',#2479);
#2068=PLANE('',#2480);
#2069=PLANE('',#2483);
#2070=PLANE('',#2484);
#2071=PLANE('',#2485);
#2072=PLANE('',#2487);
#2073=PLANE('',#2488);
#2074=PLANE('',#2489);
#2075=PLANE('',#2491);
#2076=PLANE('',#2492);
#2077=PLANE('',#2493);
#2078=PLANE('',#2494);
#2079=PLANE('',#2495);
#2080=PLANE('',#2496);
#2081=PLANE('',#2497);
#2082=PLANE('',#2498);
#2083=PLANE('',#2499);
#2084=PLANE('',#2500);
#2085=PLANE('',#2501);
#2086=PLANE('',#2502);
#2087=PLANE('',#2503);
#2088=PLANE('',#2506);
#2089=PLANE('',#2507);
#2090=PLANE('',#2508);
#2091=PLANE('',#2509);
#2092=PLANE('',#2512);
#2093=PLANE('',#2513);
#2094=PLANE('',#2514);
#2095=PLANE('',#2516);
#2096=PLANE('',#2517);
#2097=PLANE('',#2518);
#2098=PLANE('',#2520);
#2099=PLANE('',#2521);
#2100=PLANE('',#2522);
#2101=PLANE('',#2525);
#2102=PLANE('',#2526);
#2103=PLANE('',#2527);
#2104=PLANE('',#2528);
#2105=PLANE('',#2531);
#2106=PLANE('',#2532);
#2107=PLANE('',#2533);
#2108=PLANE('',#2535);
#2109=PLANE('',#2536);
#2110=PLANE('',#2537);
#2111=PLANE('',#2539);
#2112=PLANE('',#2540);
#2113=PLANE('',#2541);
#2114=PLANE('',#2542);
#2115=PLANE('',#2543);
#2116=PLANE('',#2544);
#2117=PLANE('',#2545);
#2118=PLANE('',#2546);
#2119=PLANE('',#2547);
#2120=PLANE('',#2548);
#2121=PLANE('',#2549);
#2122=PLANE('',#2550);
#2123=PLANE('',#2551);
#2124=PLANE('',#2554);
#2125=PLANE('',#2555);
#2126=PLANE('',#2556);
#2127=PLANE('',#2557);
#2128=PLANE('',#2560);
#2129=PLANE('',#2561);
#2130=PLANE('',#2562);
#2131=PLANE('',#2564);
#2132=PLANE('',#2565);
#2133=PLANE('',#2566);
#2134=PLANE('',#2568);
#2135=PLANE('',#2569);
#2136=PLANE('',#2570);
#2137=PLANE('',#2571);
#2138=PLANE('',#2572);
#2139=STYLED_ITEM('',(#3853),#2266);
#2140=STYLED_ITEM('',(#3853),#2267);
#2141=STYLED_ITEM('',(#3853),#2268);
#2142=STYLED_ITEM('',(#3853),#2269);
#2143=STYLED_ITEM('',(#3853),#2270);
#2144=STYLED_ITEM('',(#3853),#2271);
#2145=STYLED_ITEM('',(#3853),#2272);
#2146=STYLED_ITEM('',(#3853),#2273);
#2147=STYLED_ITEM('',(#3853),#2274);
#2148=STYLED_ITEM('',(#3853),#2275);
#2149=STYLED_ITEM('',(#3853),#2276);
#2150=STYLED_ITEM('',(#3853),#2277);
#2151=STYLED_ITEM('',(#3853),#2278);
#2152=STYLED_ITEM('',(#3853),#2279);
#2153=STYLED_ITEM('',(#3853),#2280);
#2154=STYLED_ITEM('',(#3853),#2281);
#2155=STYLED_ITEM('',(#3853),#2282);
#2156=STYLED_ITEM('',(#3853),#2283);
#2157=STYLED_ITEM('',(#3853),#2284);
#2158=STYLED_ITEM('',(#3853),#2285);
#2159=STYLED_ITEM('',(#3853),#2286);
#2160=STYLED_ITEM('',(#3853),#2287);
#2161=STYLED_ITEM('',(#3853),#2288);
#2162=STYLED_ITEM('',(#3853),#2289);
#2163=STYLED_ITEM('',(#3853),#2290);
#2164=STYLED_ITEM('',(#3853),#2291);
#2165=STYLED_ITEM('',(#3853),#2292);
#2166=STYLED_ITEM('',(#3853),#2293);
#2167=STYLED_ITEM('',(#3853),#2294);
#2168=STYLED_ITEM('',(#3853),#2295);
#2169=STYLED_ITEM('',(#3853),#2296);
#2170=STYLED_ITEM('',(#3853),#2297);
#2171=STYLED_ITEM('',(#3853),#2298);
#2172=STYLED_ITEM('',(#3853),#2299);
#2173=STYLED_ITEM('',(#3853),#2300);
#2174=STYLED_ITEM('',(#3853),#2301);
#2175=STYLED_ITEM('',(#3853),#2302);
#2176=STYLED_ITEM('',(#3853),#2303);
#2177=STYLED_ITEM('',(#3853),#2304);
#2178=STYLED_ITEM('',(#3853),#2305);
#2179=STYLED_ITEM('',(#3854),#2306);
#2180=STYLED_ITEM('',(#3854),#2307);
#2181=STYLED_ITEM('',(#3854),#2309);
#2182=STYLED_ITEM('',(#3854),#2310);
#2183=STYLED_ITEM('',(#3854),#2311);
#2184=STYLED_ITEM('',(#3854),#2313);
#2185=STYLED_ITEM('',(#3854),#2314);
#2186=STYLED_ITEM('',(#3854),#2315);
#2187=STYLED_ITEM('',(#3854),#2316);
#2188=STYLED_ITEM('',(#3854),#2317);
#2189=STYLED_ITEM('',(#3854),#2318);
#2190=STYLED_ITEM('',(#3853),#2319);
#2191=STYLED_ITEM('',(#3853),#2320);
#2192=STYLED_ITEM('',(#3853),#2321);
#2193=STYLED_ITEM('',(#3853),#2322);
#2194=STYLED_ITEM('',(#3853),#2323);
#2195=STYLED_ITEM('',(#3853),#2324);
#2196=STYLED_ITEM('',(#3853),#2325);
#2197=STYLED_ITEM('',(#3853),#2326);
#2198=STYLED_ITEM('',(#3853),#2327);
#2199=STYLED_ITEM('',(#3853),#2328);
#2200=STYLED_ITEM('',(#3853),#2329);
#2201=STYLED_ITEM('',(#3853),#2330);
#2202=STYLED_ITEM('',(#3854),#2331);
#2203=STYLED_ITEM('',(#3854),#2332);
#2204=STYLED_ITEM('',(#3855),#2333);
#2205=STYLED_ITEM('',(#3854),#2334);
#2206=STYLED_ITEM('',(#3854),#2335);
#2207=STYLED_ITEM('',(#3854),#2336);
#2208=STYLED_ITEM('',(#3854),#2337);
#2209=STYLED_ITEM('',(#3854),#2338);
#2210=STYLED_ITEM('',(#3854),#2339);
#2211=STYLED_ITEM('',(#3854),#2340);
#2212=STYLED_ITEM('',(#3854),#2341);
#2213=STYLED_ITEM('',(#3854),#2342);
#2214=STYLED_ITEM('',(#3854),#2343);
#2215=STYLED_ITEM('',(#3854),#2344);
#2216=STYLED_ITEM('',(#3854),#2345);
#2217=STYLED_ITEM('',(#3854),#2346);
#2218=STYLED_ITEM('',(#3854),#2347);
#2219=STYLED_ITEM('',(#3854),#2349);
#2220=STYLED_ITEM('',(#3854),#2350);
#2221=STYLED_ITEM('',(#3854),#2351);
#2222=STYLED_ITEM('',(#3854),#2352);
#2223=STYLED_ITEM('',(#3854),#2353);
#2224=STYLED_ITEM('',(#3854),#2354);
#2225=STYLED_ITEM('',(#3854),#2355);
#2226=STYLED_ITEM('',(#3854),#2356);
#2227=STYLED_ITEM('',(#3854),#2357);
#2228=STYLED_ITEM('',(#3854),#2358);
#2229=STYLED_ITEM('',(#3853),#2359);
#2230=STYLED_ITEM('',(#3853),#2360);
#2231=STYLED_ITEM('',(#3853),#2361);
#2232=STYLED_ITEM('',(#3853),#2362);
#2233=STYLED_ITEM('',(#3853),#2363);
#2234=STYLED_ITEM('',(#3853),#2364);
#2235=STYLED_ITEM('',(#3853),#2365);
#2236=STYLED_ITEM('',(#3853),#2366);
#2237=STYLED_ITEM('',(#3853),#2367);
#2238=STYLED_ITEM('',(#3853),#2368);
#2239=STYLED_ITEM('',(#3853),#2369);
#2240=STYLED_ITEM('',(#3853),#2370);
#2241=STYLED_ITEM('',(#3854),#2371);
#2242=STYLED_ITEM('',(#3854),#2372);
#2243=STYLED_ITEM('',(#3855),#2373);
#2244=STYLED_ITEM('',(#3854),#2374);
#2245=STYLED_ITEM('',(#3854),#2375);
#2246=STYLED_ITEM('',(#3856),#2376);
#2247=STYLED_ITEM('',(#3854),#2377);
#2248=STYLED_ITEM('',(#3856),#2378);
#2249=STYLED_ITEM('',(#3854),#2379);
#2250=STYLED_ITEM('',(#3854),#2380);
#2251=STYLED_ITEM('',(#3854),#2381);
#2252=STYLED_ITEM('',(#3854),#2382);
#2253=STYLED_ITEM('',(#3854),#2383);
#2254=STYLED_ITEM('',(#3854),#2384);
#2255=STYLED_ITEM('',(#3854),#2385);
#2256=STYLED_ITEM('',(#3853),#2386);
#2257=STYLED_ITEM('',(#3853),#2387);
#2258=STYLED_ITEM('',(#3853),#2388);
#2259=STYLED_ITEM('',(#3852),#17);
#2260=STYLED_ITEM('',(#3857),#16);
#2261=STYLED_ITEM('',(#3857),#351);
#2262=STYLED_ITEM('',(#3857),#352);
#2263=STYLED_ITEM('',(#3857),#353);
#2264=STYLED_ITEM('',(#3857),#354);
#2265=STYLED_ITEM('',(#3857),#355);
#2266=ADVANCED_FACE('',(#55,#41,#42,#43,#44),#2035,.F.);
#2267=ADVANCED_FACE('',(#56),#2036,.T.);
#2268=ADVANCED_FACE('',(#57),#2037,.F.);
#2269=ADVANCED_FACE('',(#58),#2038,.T.);
#2270=ADVANCED_FACE('',(#59),#24,.T.);
#2271=ADVANCED_FACE('',(#60),#2039,.T.);
#2272=ADVANCED_FACE('',(#61),#25,.T.);
#2273=ADVANCED_FACE('',(#62),#2040,.T.);
#2274=ADVANCED_FACE('',(#63,#45,#46),#2041,.T.);
#2275=ADVANCED_FACE('',(#64),#26,.T.);
#2276=ADVANCED_FACE('',(#65),#27,.T.);
#2277=ADVANCED_FACE('',(#66),#2042,.F.);
#2278=ADVANCED_FACE('',(#67),#2043,.F.);
#2279=ADVANCED_FACE('',(#68),#2044,.F.);
#2280=ADVANCED_FACE('',(#69),#20,.T.);
#2281=ADVANCED_FACE('',(#70),#21,.T.);
#2282=ADVANCED_FACE('',(#71),#2045,.T.);
#2283=ADVANCED_FACE('',(#72),#2046,.T.);
#2284=ADVANCED_FACE('',(#73),#2047,.F.);
#2285=ADVANCED_FACE('',(#74),#2048,.F.);
#2286=ADVANCED_FACE('',(#75),#2049,.F.);
#2287=ADVANCED_FACE('',(#76),#2050,.F.);
#2288=ADVANCED_FACE('',(#77),#2051,.F.);
#2289=ADVANCED_FACE('',(#78),#2052,.F.);
#2290=ADVANCED_FACE('',(#79),#2053,.F.);
#2291=ADVANCED_FACE('',(#80),#2054,.F.);
#2292=ADVANCED_FACE('',(#81),#2055,.F.);
#2293=ADVANCED_FACE('',(#82),#28,.T.);
#2294=ADVANCED_FACE('',(#83),#29,.T.);
#2295=ADVANCED_FACE('',(#84),#2056,.T.);
#2296=ADVANCED_FACE('',(#85),#30,.T.);
#2297=ADVANCED_FACE('',(#86),#2057,.T.);
#2298=ADVANCED_FACE('',(#87),#2058,.T.);
#2299=ADVANCED_FACE('',(#88),#31,.T.);
#2300=ADVANCED_FACE('',(#89,#47,#48,#49,#50),#2059,.T.);
#2301=ADVANCED_FACE('',(#90),#2060,.T.);
#2302=ADVANCED_FACE('',(#91),#2061,.T.);
#2303=ADVANCED_FACE('',(#92),#2062,.T.);
#2304=ADVANCED_FACE('',(#93),#2063,.T.);
#2305=ADVANCED_FACE('',(#94),#32,.T.);
#2306=ADVANCED_FACE('',(#95),#2064,.F.);
#2307=ADVANCED_FACE('',(#96),#2065,.F.);
#2308=ADVANCED_FACE('',(#97),#2066,.T.);
#2309=ADVANCED_FACE('',(#98),#2067,.T.);
#2310=ADVANCED_FACE('',(#99),#2068,.T.);
#2311=ADVANCED_FACE('',(#100),#2069,.T.);
#2312=ADVANCED_FACE('',(#101),#2070,.T.);
#2313=ADVANCED_FACE('',(#102),#2071,.T.);
#2314=ADVANCED_FACE('',(#103),#33,.F.);
#2315=ADVANCED_FACE('',(#104),#2072,.T.);
#2316=ADVANCED_FACE('',(#105),#2073,.T.);
#2317=ADVANCED_FACE('',(#106),#2074,.T.);
#2318=ADVANCED_FACE('',(#107),#34,.T.);
#2319=ADVANCED_FACE('',(#108,#51),#2075,.T.);
#2320=ADVANCED_FACE('',(#109,#52),#2076,.T.);
#2321=ADVANCED_FACE('',(#110),#2077,.F.);
#2322=ADVANCED_FACE('',(#111),#2078,.F.);
#2323=ADVANCED_FACE('',(#112),#2079,.F.);
#2324=ADVANCED_FACE('',(#113),#2080,.F.);
#2325=ADVANCED_FACE('',(#114),#2081,.F.);
#2326=ADVANCED_FACE('',(#115),#2082,.F.);
#2327=ADVANCED_FACE('',(#116),#2083,.F.);
#2328=ADVANCED_FACE('',(#117),#2084,.F.);
#2329=ADVANCED_FACE('',(#118),#2085,.F.);
#2330=ADVANCED_FACE('',(#119),#2086,.F.);
#2331=ADVANCED_FACE('',(#120),#2087,.F.);
#2332=ADVANCED_FACE('',(#121),#2088,.F.);
#2333=ADVANCED_FACE('',(#122),#2089,.T.);
#2334=ADVANCED_FACE('',(#123),#2090,.T.);
#2335=ADVANCED_FACE('',(#124),#2091,.T.);
#2336=ADVANCED_FACE('',(#125),#2092,.T.);
#2337=ADVANCED_FACE('',(#126),#2093,.T.);
#2338=ADVANCED_FACE('',(#127),#2094,.T.);
#2339=ADVANCED_FACE('',(#128),#35,.F.);
#2340=ADVANCED_FACE('',(#129),#2095,.T.);
#2341=ADVANCED_FACE('',(#130),#2096,.T.);
#2342=ADVANCED_FACE('',(#131),#2097,.T.);
#2343=ADVANCED_FACE('',(#132),#36,.T.);
#2344=ADVANCED_FACE('',(#133),#2098,.T.);
#2345=ADVANCED_FACE('',(#134),#2099,.T.);
#2346=ADVANCED_FACE('',(#135),#2100,.F.);
#2347=ADVANCED_FACE('',(#136),#2101,.F.);
#2348=ADVANCED_FACE('',(#137),#2102,.T.);
#2349=ADVANCED_FACE('',(#138),#2103,.T.);
#2350=ADVANCED_FACE('',(#139),#2104,.T.);
#2351=ADVANCED_FACE('',(#140),#2105,.T.);
#2352=ADVANCED_FACE('',(#141),#2106,.T.);
#2353=ADVANCED_FACE('',(#142),#2107,.T.);
#2354=ADVANCED_FACE('',(#143),#37,.F.);
#2355=ADVANCED_FACE('',(#144),#2108,.T.);
#2356=ADVANCED_FACE('',(#145),#2109,.T.);
#2357=ADVANCED_FACE('',(#146),#2110,.T.);
#2358=ADVANCED_FACE('',(#147),#38,.T.);
#2359=ADVANCED_FACE('',(#148,#53),#2111,.T.);
#2360=ADVANCED_FACE('',(#149,#54),#2112,.T.);
#2361=ADVANCED_FACE('',(#150),#2113,.F.);
#2362=ADVANCED_FACE('',(#151),#2114,.F.);
#2363=ADVANCED_FACE('',(#152),#2115,.F.);
#2364=ADVANCED_FACE('',(#153),#2116,.F.);
#2365=ADVANCED_FACE('',(#154),#2117,.F.);
#2366=ADVANCED_FACE('',(#155),#2118,.F.);
#2367=ADVANCED_FACE('',(#156),#2119,.F.);
#2368=ADVANCED_FACE('',(#157),#2120,.F.);
#2369=ADVANCED_FACE('',(#158),#2121,.F.);
#2370=ADVANCED_FACE('',(#159),#2122,.F.);
#2371=ADVANCED_FACE('',(#160),#2123,.F.);
#2372=ADVANCED_FACE('',(#161),#2124,.F.);
#2373=ADVANCED_FACE('',(#162),#2125,.T.);
#2374=ADVANCED_FACE('',(#163),#2126,.T.);
#2375=ADVANCED_FACE('',(#164),#2127,.T.);
#2376=ADVANCED_FACE('',(#165),#2128,.T.);
#2377=ADVANCED_FACE('',(#166),#2129,.T.);
#2378=ADVANCED_FACE('',(#167),#2130,.T.);
#2379=ADVANCED_FACE('',(#168),#39,.F.);
#2380=ADVANCED_FACE('',(#169),#2131,.T.);
#2381=ADVANCED_FACE('',(#170),#2132,.T.);
#2382=ADVANCED_FACE('',(#171),#2133,.T.);
#2383=ADVANCED_FACE('',(#172),#40,.T.);
#2384=ADVANCED_FACE('',(#173),#2134,.T.);
#2385=ADVANCED_FACE('',(#174),#2135,.T.);
#2386=ADVANCED_FACE('',(#175),#2136,.T.);
#2387=ADVANCED_FACE('',(#176),#2137,.T.);
#2388=ADVANCED_FACE('',(#177),#2138,.T.);
#2389=CLOSED_SHELL('',(#2266,#2267,#2268,#2269,#2270,#2271,#2272,#2273,
#2274,#2275,#2276,#2277,#2278,#2279,#2280,#2281,#2282,#2283,#2284,#2285,
#2286,#2287,#2288,#2289,#2290,#2291,#2292,#2293,#2294,#2295,#2296,#2297,
#2298,#2299,#2300,#2301,#2302,#2303,#2304,#2305,#2306,#2307,#2308,#2309,
#2310,#2311,#2312,#2313,#2314,#2315,#2316,#2317,#2318,#2319,#2320,#2321,
#2322,#2323,#2324,#2325,#2326,#2327,#2328,#2329,#2330,#2331,#2332,#2333,
#2334,#2335,#2336,#2337,#2338,#2339,#2340,#2341,#2342,#2343,#2344,#2345,
#2346,#2347,#2348,#2349,#2350,#2351,#2352,#2353,#2354,#2355,#2356,#2357,
#2358,#2359,#2360,#2361,#2362,#2363,#2364,#2365,#2366,#2367,#2368,#2369,
#2370,#2371,#2372,#2373,#2374,#2375,#2376,#2377,#2378,#2379,#2380,#2381,
#2382,#2383,#2384,#2385,#2386,#2387,#2388));
#2390=DERIVED_UNIT_ELEMENT(#2393,1.);
#2391=DERIVED_UNIT_ELEMENT(#3838,-3.);
#2392=DIMENSIONAL_EXPONENTS(0.,1.,0.,0.,0.,0.,0.);
#2393=(
CONVERSION_BASED_UNIT('gram',#2395)
MASS_UNIT()
NAMED_UNIT(#2392)
);
#2394=(
MASS_UNIT()
NAMED_UNIT(*)
SI_UNIT(.KILO.,.GRAM.)
);
#2395=MASS_MEASURE_WITH_UNIT(MASS_MEASURE(0.001),#2394);
#2396=DERIVED_UNIT((#2390,#2391));
#2397=MEASURE_REPRESENTATION_ITEM('density measure',
POSITIVE_RATIO_MEASURE(1.),#2396);
#2398=PROPERTY_DEFINITION_REPRESENTATION(#2403,#2400);
#2399=PROPERTY_DEFINITION_REPRESENTATION(#2404,#2401);
#2400=REPRESENTATION('material name',(#2402),#3835);
#2401=REPRESENTATION('density',(#2397),#3835);
#2402=DESCRIPTIVE_REPRESENTATION_ITEM('Generic','Generic');
#2403=PROPERTY_DEFINITION('material property','material name',#3845);
#2404=PROPERTY_DEFINITION('material property','density of part',#3845);
#2405=DATE_TIME_ROLE('creation_date');
#2406=APPLIED_DATE_AND_TIME_ASSIGNMENT(#2407,#2405,(#3845));
#2407=DATE_AND_TIME(#2408,#2409);
#2408=CALENDAR_DATE(2015,22,5);
#2409=LOCAL_TIME(17,34,18.,#2410);
#2410=COORDINATED_UNIVERSAL_TIME_OFFSET(0,0,.BEHIND.);
#2411=AXIS2_PLACEMENT_3D('',#3183,#2578,#2579);
#2412=AXIS2_PLACEMENT_3D('',#3184,#2580,#2581);
#2413=AXIS2_PLACEMENT_3D('',#3191,#2584,#2585);
#2414=AXIS2_PLACEMENT_3D('',#3195,#2587,#2588);
#2415=AXIS2_PLACEMENT_3D('',#3199,#2590,#2591);
#2416=AXIS2_PLACEMENT_3D('',#3203,#2593,#2594);
#2417=AXIS2_PLACEMENT_3D('',#3207,#2596,#2597);
#2418=AXIS2_PLACEMENT_3D('',#3249,#2619,#2620);
#2419=AXIS2_PLACEMENT_3D('',#3255,#2624,#2625);
#2420=AXIS2_PLACEMENT_3D('',#3261,#2629,#2630);
#2421=AXIS2_PLACEMENT_3D('',#3270,#2636,#2637);
#2422=AXIS2_PLACEMENT_3D('',#3272,#2638,#2639);
#2423=AXIS2_PLACEMENT_3D('',#3274,#2641,#2642);
#2424=AXIS2_PLACEMENT_3D('',#3282,#2647,#2648);
#2425=AXIS2_PLACEMENT_3D('',#3284,#2649,#2650);
#2426=AXIS2_PLACEMENT_3D('',#3286,#2652,#2653);
#2427=AXIS2_PLACEMENT_3D('',#3292,#2657,#2658);
#2428=AXIS2_PLACEMENT_3D('',#3304,#2664,#2665);
#2429=AXIS2_PLACEMENT_3D('',#3308,#2667,#2668);
#2430=AXIS2_PLACEMENT_3D('',#3310,#2670,#2671);
#2431=AXIS2_PLACEMENT_3D('',#3315,#2674,#2675);
#2432=AXIS2_PLACEMENT_3D('',#3316,#2676,#2677);
#2433=AXIS2_PLACEMENT_3D('',#3320,#2679,#2680);
#2434=AXIS2_PLACEMENT_3D('',#3322,#2682,#2683);
#2435=AXIS2_PLACEMENT_3D('',#3332,#2689,#2690);
#2436=AXIS2_PLACEMENT_3D('',#3335,#2691,#2692);
#2437=AXIS2_PLACEMENT_3D('',#3341,#2696,#2697);
#2438=AXIS2_PLACEMENT_3D('',#3344,#2698,#2699);
#2439=AXIS2_PLACEMENT_3D('',#3347,#2702,#2703);
#2440=AXIS2_PLACEMENT_3D('',#3349,#2704,#2705);
#2441=AXIS2_PLACEMENT_3D('',#3354,#2706,#2707);
#2442=AXIS2_PLACEMENT_3D('',#3355,#2708,#2709);
#2443=AXIS2_PLACEMENT_3D('',#3357,#2710,#2711);
#2444=AXIS2_PLACEMENT_3D('',#3362,#2712,#2713);
#2445=AXIS2_PLACEMENT_3D('',#3363,#2714,#2715);
#2446=AXIS2_PLACEMENT_3D('',#3365,#2717,#2718);
#2447=AXIS2_PLACEMENT_3D('',#3369,#2721,#2722);
#2448=AXIS2_PLACEMENT_3D('',#3373,#2725,#2726);
#2449=AXIS2_PLACEMENT_3D('',#3375,#2728,#2729);
#2450=AXIS2_PLACEMENT_3D('',#3378,#2732,#2733);
#2451=AXIS2_PLACEMENT_3D('',#3382,#2736,#2737);
#2452=AXIS2_PLACEMENT_3D('',#3386,#2740,#2741);
#2453=AXIS2_PLACEMENT_3D('',#3388,#2742,#2743);
#2454=AXIS2_PLACEMENT_3D('',#3390,#2745,#2746);
#2455=AXIS2_PLACEMENT_3D('',#3393,#2748,#2749);
#2456=AXIS2_PLACEMENT_3D('',#3394,#2750,#2751);
#2457=AXIS2_PLACEMENT_3D('',#3396,#2753,#2754);
#2458=AXIS2_PLACEMENT_3D('',#3398,#2756,#2757);
#2459=AXIS2_PLACEMENT_3D('',#3399,#2758,#2759);
#2460=AXIS2_PLACEMENT_3D('',#3400,#2760,#2761);
#2461=AXIS2_PLACEMENT_3D('',#3407,#2765,#2766);
#2462=AXIS2_PLACEMENT_3D('',#3408,#2767,#2768);
#2463=AXIS2_PLACEMENT_3D('',#3410,#2770,#2771);
#2464=AXIS2_PLACEMENT_3D('',#3416,#2775,#2776);
#2465=AXIS2_PLACEMENT_3D('',#3422,#2780,#2781);
#2466=AXIS2_PLACEMENT_3D('',#3423,#2782,#2783);
#2467=AXIS2_PLACEMENT_3D('',#3424,#2784,#2785);
#2468=AXIS2_PLACEMENT_3D('',#3425,#2786,#2787);
#2469=AXIS2_PLACEMENT_3D('',#3464,#2808,#2809);
#2470=AXIS2_PLACEMENT_3D('',#3466,#2811,#2812);
#2471=AXIS2_PLACEMENT_3D('',#3468,#2814,#2815);
#2472=AXIS2_PLACEMENT_3D('',#3469,#2816,#2817);
#2473=AXIS2_PLACEMENT_3D('',#3470,#2818,#2819);
#2474=AXIS2_PLACEMENT_3D('',#3471,#2820,#2821);
#2475=AXIS2_PLACEMENT_3D('',#3475,#2823,#2824);
#2476=AXIS2_PLACEMENT_3D('',#3483,#2828,#2829);
#2477=AXIS2_PLACEMENT_3D('',#3485,#2831,#2832);
#2478=AXIS2_PLACEMENT_3D('',#3494,#2837,#2838);
#2479=AXIS2_PLACEMENT_3D('',#3498,#2841,#2842);
#2480=AXIS2_PLACEMENT_3D('',#3504,#2846,#2847);
#2481=AXIS2_PLACEMENT_3D('',#3506,#2848,#2849);
#2482=AXIS2_PLACEMENT_3D('',#3514,#2853,#2854);
#2483=AXIS2_PLACEMENT_3D('',#3516,#2856,#2857);
#2484=AXIS2_PLACEMENT_3D('',#3522,#2861,#2862);
#2485=AXIS2_PLACEMENT_3D('',#3524,#2864,#2865);
#2486=AXIS2_PLACEMENT_3D('',#3527,#2868,#2869);
#2487=AXIS2_PLACEMENT_3D('',#3529,#2871,#2872);
#2488=AXIS2_PLACEMENT_3D('',#3531,#2874,#2875);
#2489=AXIS2_PLACEMENT_3D('',#3533,#2877,#2878);
#2490=AXIS2_PLACEMENT_3D('',#3535,#2880,#2881);
#2491=AXIS2_PLACEMENT_3D('',#3536,#2882,#2883);
#2492=AXIS2_PLACEMENT_3D('',#3553,#2892,#2893);
#2493=AXIS2_PLACEMENT_3D('',#3566,#2900,#2901);
#2494=AXIS2_PLACEMENT_3D('',#3569,#2904,#2905);
#2495=AXIS2_PLACEMENT_3D('',#3571,#2907,#2908);
#2496=AXIS2_PLACEMENT_3D('',#3573,#2910,#2911);
#2497=AXIS2_PLACEMENT_3D('',#3574,#2912,#2913);
#2498=AXIS2_PLACEMENT_3D('',#3577,#2916,#2917);
#2499=AXIS2_PLACEMENT_3D('',#3579,#2919,#2920);
#2500=AXIS2_PLACEMENT_3D('',#3581,#2922,#2923);
#2501=AXIS2_PLACEMENT_3D('',#3583,#2925,#2926);
#2502=AXIS2_PLACEMENT_3D('',#3585,#2928,#2929);
#2503=AXIS2_PLACEMENT_3D('',#3586,#2930,#2931);
#2504=AXIS2_PLACEMENT_3D('',#3590,#2933,#2934);
#2505=AXIS2_PLACEMENT_3D('',#3598,#2938,#2939);
#2506=AXIS2_PLACEMENT_3D('',#3600,#2941,#2942);
#2507=AXIS2_PLACEMENT_3D('',#3606,#2946,#2947);
#2508=AXIS2_PLACEMENT_3D('',#3610,#2950,#2951);
#2509=AXIS2_PLACEMENT_3D('',#3614,#2954,#2955);
#2510=AXIS2_PLACEMENT_3D('',#3616,#2956,#2957);
#2511=AXIS2_PLACEMENT_3D('',#3624,#2961,#2962);
#2512=AXIS2_PLACEMENT_3D('',#3626,#2964,#2965);
#2513=AXIS2_PLACEMENT_3D('',#3630,#2968,#2969);
#2514=AXIS2_PLACEMENT_3D('',#3632,#2971,#2972);
#2515=AXIS2_PLACEMENT_3D('',#3634,#2974,#2975);
#2516=AXIS2_PLACEMENT_3D('',#3636,#2977,#2978);
#2517=AXIS2_PLACEMENT_3D('',#3638,#2980,#2981);
#2518=AXIS2_PLACEMENT_3D('',#3640,#2983,#2984);
#2519=AXIS2_PLACEMENT_3D('',#3642,#2986,#2987);
#2520=AXIS2_PLACEMENT_3D('',#3643,#2988,#2989);
#2521=AXIS2_PLACEMENT_3D('',#3644,#2990,#2991);
#2522=AXIS2_PLACEMENT_3D('',#3645,#2992,#2993);
#2523=AXIS2_PLACEMENT_3D('',#3649,#2995,#2996);
#2524=AXIS2_PLACEMENT_3D('',#3657,#3000,#3001);
#2525=AXIS2_PLACEMENT_3D('',#3659,#3003,#3004);
#2526=AXIS2_PLACEMENT_3D('',#3668,#3009,#3010);
#2527=AXIS2_PLACEMENT_3D('',#3672,#3013,#3014);
#2528=AXIS2_PLACEMENT_3D('',#3678,#3018,#3019);
#2529=AXIS2_PLACEMENT_3D('',#3680,#3020,#3021);
#2530=AXIS2_PLACEMENT_3D('',#3688,#3025,#3026);
#2531=AXIS2_PLACEMENT_3D('',#3690,#3028,#3029);
#2532=AXIS2_PLACEMENT_3D('',#3696,#3033,#3034);
#2533=AXIS2_PLACEMENT_3D('',#3698,#3036,#3037);
#2534=AXIS2_PLACEMENT_3D('',#3701,#3040,#3041);
#2535=AXIS2_PLACEMENT_3D('',#3703,#3043,#3044);
#2536=AXIS2_PLACEMENT_3D('',#3705,#3046,#3047);
#2537=AXIS2_PLACEMENT_3D('',#3707,#3049,#3050);
#2538=AXIS2_PLACEMENT_3D('',#3709,#3052,#3053);
#2539=AXIS2_PLACEMENT_3D('',#3710,#3054,#3055);
#2540=AXIS2_PLACEMENT_3D('',#3731,#3066,#3067);
#2541=AXIS2_PLACEMENT_3D('',#3740,#3072,#3073);
#2542=AXIS2_PLACEMENT_3D('',#3743,#3076,#3077);
#2543=AXIS2_PLACEMENT_3D('',#3745,#3079,#3080);
#2544=AXIS2_PLACEMENT_3D('',#3747,#3082,#3083);
#2545=AXIS2_PLACEMENT_3D('',#3749,#3085,#3086);
#2546=AXIS2_PLACEMENT_3D('',#3751,#3088,#3089);
#2547=AXIS2_PLACEMENT_3D('',#3752,#3090,#3091);
#2548=AXIS2_PLACEMENT_3D('',#3755,#3094,#3095);
#2549=AXIS2_PLACEMENT_3D('',#3757,#3097,#3098);
#2550=AXIS2_PLACEMENT_3D('',#3759,#3100,#3101);
#2551=AXIS2_PLACEMENT_3D('',#3760,#3102,#3103);
#2552=AXIS2_PLACEMENT_3D('',#3764,#3105,#3106);
#2553=AXIS2_PLACEMENT_3D('',#3772,#3110,#3111);
#2554=AXIS2_PLACEMENT_3D('',#3774,#3113,#3114);
#2555=AXIS2_PLACEMENT_3D('',#3780,#3118,#3119);
#2556=AXIS2_PLACEMENT_3D('',#3784,#3122,#3123);
#2557=AXIS2_PLACEMENT_3D('',#3788,#3126,#3127);
#2558=AXIS2_PLACEMENT_3D('',#3790,#3128,#3129);
#2559=AXIS2_PLACEMENT_3D('',#3798,#3133,#3134);
#2560=AXIS2_PLACEMENT_3D('',#3800,#3136,#3137);
#2561=AXIS2_PLACEMENT_3D('',#3804,#3140,#3141);
#2562=AXIS2_PLACEMENT_3D('',#3806,#3143,#3144);
#2563=AXIS2_PLACEMENT_3D('',#3808,#3146,#3147);
#2564=AXIS2_PLACEMENT_3D('',#3810,#3149,#3150);
#2565=AXIS2_PLACEMENT_3D('',#3812,#3152,#3153);
#2566=AXIS2_PLACEMENT_3D('',#3814,#3155,#3156);
#2567=AXIS2_PLACEMENT_3D('',#3816,#3158,#3159);
#2568=AXIS2_PLACEMENT_3D('',#3817,#3160,#3161);
#2569=AXIS2_PLACEMENT_3D('',#3818,#3162,#3163);
#2570=AXIS2_PLACEMENT_3D('',#3819,#3164,#3165);
#2571=AXIS2_PLACEMENT_3D('',#3823,#3168,#3169);
#2572=AXIS2_PLACEMENT_3D('',#3825,#3171,#3172);
#2573=AXIS2_PLACEMENT_3D('',#3828,#3173,#3174);
#2574=AXIS2_PLACEMENT_3D('',#3829,#3175,#3176);
#2575=AXIS2_PLACEMENT_3D('',#3830,#3177,#3178);
#2576=AXIS2_PLACEMENT_3D('',#3831,#3179,#3180);
#2577=AXIS2_PLACEMENT_3D('',#3832,#3181,#3182);
#2578=DIRECTION('axis',(0.,0.,1.));
#2579=DIRECTION('refdir',(1.,0.,0.));
#2580=DIRECTION('center_axis',(0.,0.,-1.));
#2581=DIRECTION('ref_axis',(-1.,0.,0.));
#2582=DIRECTION('',(1.,0.,0.));
#2583=DIRECTION('',(1.,0.,0.));
#2584=DIRECTION('center_axis',(0.,0.,1.));
#2585=DIRECTION('ref_axis',(0.,1.,0.));
#2586=DIRECTION('',(0.,1.,0.));
#2587=DIRECTION('center_axis',(0.,0.,1.));
#2588=DIRECTION('ref_axis',(-1.,0.,0.));
#2589=DIRECTION('',(-1.,0.,0.));
#2590=DIRECTION('center_axis',(0.,0.,1.));
#2591=DIRECTION('ref_axis',(0.,-1.,0.));
#2592=DIRECTION('',(0.,-1.,0.));
#2593=DIRECTION('center_axis',(0.,0.,-1.));
#2594=DIRECTION('ref_axis',(0.,1.,0.));
#2595=DIRECTION('',(0.,-1.,0.));
#2596=DIRECTION('center_axis',(0.,0.,1.));
#2597=DIRECTION('ref_axis',(1.,0.,0.));
#2598=DIRECTION('',(1.,0.,0.));
#2599=DIRECTION('',(0.,-1.,0.));
#2600=DIRECTION('',(-1.,0.,0.));
#2601=DIRECTION('',(0.,1.,0.));
#2602=DIRECTION('',(1.,0.,0.));
#2603=DIRECTION('',(0.,-1.,0.));
#2604=DIRECTION('',(-1.,0.,0.));
#2605=DIRECTION('',(0.,1.,0.));
#2606=DIRECTION('',(0.707106781186547,0.707106781186547,0.));
#2607=DIRECTION('',(1.,0.,0.));
#2608=DIRECTION('',(0.707106781186547,-0.707106781186547,0.));
#2609=DIRECTION('',(0.,-1.,0.));
#2610=DIRECTION('',(-1.,0.,0.));
#2611=DIRECTION('',(0.,1.,0.));
#2612=DIRECTION('',(0.707106781186547,0.707106781186547,0.));
#2613=DIRECTION('',(1.,0.,0.));
#2614=DIRECTION('',(0.707106781186547,-0.707106781186547,0.));
#2615=DIRECTION('',(0.,-1.,0.));
#2616=DIRECTION('',(-1.,0.,0.));
#2617=DIRECTION('',(0.,1.,0.));
#2618=DIRECTION('',(1.,0.,0.));
#2619=DIRECTION('center_axis',(0.,0.859101543908758,0.511805175094575));
#2620=DIRECTION('ref_axis',(0.,-0.511805175094575,0.859101543908758));
#2621=DIRECTION('',(0.,-0.511805175094575,0.859101543908758));
#2622=DIRECTION('',(1.,0.,0.));
#2623=DIRECTION('',(0.,-0.511805175094575,0.859101543908758));
#2624=DIRECTION('center_axis',(1.,0.,0.));
#2625=DIRECTION('ref_axis',(0.,0.,-1.));
#2626=DIRECTION('',(0.,0.,-1.));
#2627=DIRECTION('',(0.,0.,1.));
#2628=DIRECTION('',(0.,0.996194698091745,-0.0871557427476639));
#2629=DIRECTION('center_axis',(0.,1.,0.));
#2630=DIRECTION('ref_axis',(1.,0.,0.));
#2631=DIRECTION('',(1.,0.,0.));
#2632=DIRECTION('',(0.,0.,-1.));
#2633=DIRECTION('',(0.,0.,1.));
#2634=DIRECTION('',(1.,0.,0.));
#2635=DIRECTION('',(0.,0.,1.));
#2636=DIRECTION('center_axis',(0.,0.,1.));
#2637=DIRECTION('ref_axis',(-1.,0.,0.));
#2638=DIRECTION('center_axis',(0.,0.,-1.));
#2639=DIRECTION('ref_axis',(-1.,0.,0.));
#2640=DIRECTION('',(0.,0.,1.));
#2641=DIRECTION('center_axis',(-1.,0.,0.));
#2642=DIRECTION('ref_axis',(0.,1.,0.));
#2643=DIRECTION('',(0.,0.,1.));
#2644=DIRECTION('',(0.,1.,0.));
#2645=DIRECTION('',(0.,0.,1.));
#2646=DIRECTION('',(0.,1.,0.));
#2647=DIRECTION('center_axis',(0.,0.,1.));
#2648=DIRECTION('ref_axis',(0.,-1.,0.));
#2649=DIRECTION('center_axis',(0.,0.,1.));
#2650=DIRECTION('ref_axis',(-1.,0.,0.));
#2651=DIRECTION('',(0.,0.,1.));
#2652=DIRECTION('center_axis',(0.,0.,1.));
#2653=DIRECTION('ref_axis',(-1.,0.,0.));
#2654=DIRECTION('',(-1.,0.,0.));
#2655=DIRECTION('',(1.,0.,0.));
#2656=DIRECTION('',(0.,-1.,0.));
#2657=DIRECTION('center_axis',(0.,-1.,0.));
#2658=DIRECTION('ref_axis',(-1.,0.,0.));
#2659=DIRECTION('',(-1.,0.,0.));
#2660=DIRECTION('',(0.,0.,1.));
#2661=DIRECTION('',(0.,0.,1.));
#2662=DIRECTION('',(-1.,0.,0.));
#2663=DIRECTION('',(0.,0.,1.));
#2664=DIRECTION('center_axis',(0.,1.,0.));
#2665=DIRECTION('ref_axis',(0.5000020037745,0.,0.866024246901601));
#2666=DIRECTION('',(0.,0.,1.));
#2667=DIRECTION('center_axis',(0.,1.,0.));
#2668=DIRECTION('ref_axis',(-0.5000020037745,0.,-0.866024246901601));
#2669=DIRECTION('',(0.,0.,-1.));
#2670=DIRECTION('center_axis',(0.,-1.,0.));
#2671=DIRECTION('ref_axis',(-1.,0.,0.));
#2672=DIRECTION('',(0.,-0.999999999999437,1.06135402322004E-6));
#2673=DIRECTION('',(0.,-0.999999999999437,-1.06135402485004E-6));
#2674=DIRECTION('center_axis',(0.,-1.,0.));
#2675=DIRECTION('ref_axis',(-0.500000000000017,0.,0.866025403784429));
#2676=DIRECTION('center_axis',(0.,-1.,0.));
#2677=DIRECTION('ref_axis',(1.,0.,1.01064309961486E-15));
#2678=DIRECTION('',(0.,-0.999999999999437,1.06135402403504E-6));
#2679=DIRECTION('center_axis',(0.,-1.,0.));
#2680=DIRECTION('ref_axis',(0.500000000000017,0.,-0.866025403784429));
#2681=DIRECTION('',(0.,-0.999999999999437,-1.06135402444304E-6));
#2682=DIRECTION('center_axis',(-1.,0.,0.));
#2683=DIRECTION('ref_axis',(0.,0.,-1.));
#2684=DIRECTION('',(0.,0.870263969517199,-0.492585650785899));
#2685=DIRECTION('',(0.,-1.,0.));
#2686=DIRECTION('',(0.,1.,0.));
#2687=DIRECTION('',(0.,0.870263969517199,0.492585650785899));
#2688=DIRECTION('',(0.,0.,-1.));
#2689=DIRECTION('center_axis',(0.,0.492585650785899,0.870263969517199));
#2690=DIRECTION('ref_axis',(0.,-0.870263969517199,0.492585650785899));
#2691=DIRECTION('center_axis',(0.,0.492585650785899,0.870263969517199));
#2692=DIRECTION('ref_axis',(1.64603335265043E-16,-0.870263969517199,0.492585650785899));
#2693=DIRECTION('',(-1.,0.,0.));
#2694=DIRECTION('',(0.,0.870263969517199,-0.492585650785899));
#2695=DIRECTION('',(-1.,0.,0.));
#2696=DIRECTION('center_axis',(0.,0.492585650785899,0.870263969517199));
#2697=DIRECTION('ref_axis',(0.,-0.870263969517199,0.492585650785899));
#2698=DIRECTION('center_axis',(0.,0.492585650785899,0.870263969517199));
#2699=DIRECTION('ref_axis',(1.64603335265043E-16,-0.870263969517199,0.492585650785899));
#2700=DIRECTION('',(-1.,0.,0.));
#2701=DIRECTION('',(-1.,0.,0.));
#2702=DIRECTION('center_axis',(0.,1.,0.));
#2703=DIRECTION('ref_axis',(1.,0.,0.));
#2704=DIRECTION('center_axis',(0.,-1.,0.));
#2705=DIRECTION('ref_axis',(0.670059394260491,0.,-0.74230748895809));
#2706=DIRECTION('center_axis',(0.,-1.,0.));
#2707=DIRECTION('ref_axis',(0.8,0.,-0.6));
#2708=DIRECTION('center_axis',(0.,1.,0.));
#2709=DIRECTION('ref_axis',(-1.,0.,-1.0759205346363E-13));
#2710=DIRECTION('center_axis',(0.,-1.,0.));
#2711=DIRECTION('ref_axis',(-0.8,0.,0.6));
#2712=DIRECTION('center_axis',(0.,-1.,0.));
#2713=DIRECTION('ref_axis',(-0.670059394260491,0.,0.74230748895809));
#2714=DIRECTION('center_axis',(0.,-1.,0.));
#2715=DIRECTION('ref_axis',(-1.,0.,0.));
#2716=DIRECTION('',(-1.,0.,0.));
#2717=DIRECTION('center_axis',(0.,-1.,0.));
#2718=DIRECTION('ref_axis',(-1.,0.,0.));
#2719=DIRECTION('',(0.,0.,-1.));
#2720=DIRECTION('',(-1.,0.,0.));
#2721=DIRECTION('center_axis',(0.,0.492585650785899,-0.870263969517199));
#2722=DIRECTION('ref_axis',(0.,0.870263969517199,0.492585650785899));
#2723=DIRECTION('',(-1.,0.,0.));
#2724=DIRECTION('',(0.,0.870263969517199,0.492585650785899));
#2725=DIRECTION('center_axis',(0.,0.492585650785899,-0.870263969517199));
#2726=DIRECTION('ref_axis',(0.,0.870263969517199,0.492585650785899));
#2727=DIRECTION('',(-1.,0.,0.));
#2728=DIRECTION('center_axis',(1.,0.,0.));
#2729=DIRECTION('ref_axis',(0.,0.,1.));
#2730=DIRECTION('',(0.,1.,0.));
#2731=DIRECTION('',(0.,-1.,0.));
#2732=DIRECTION('center_axis',(0.,0.,1.));
#2733=DIRECTION('ref_axis',(0.,-1.,0.));
#2734=DIRECTION('',(-1.,0.,0.));
#2735=DIRECTION('',(0.,-1.,0.));
#2736=DIRECTION('center_axis',(0.,0.,1.));
#2737=DIRECTION('ref_axis',(0.,-1.,0.));
#2738=DIRECTION('',(-1.,0.,0.));
#2739=DIRECTION('',(0.,-1.,0.));
#2740=DIRECTION('center_axis',(0.,-1.,0.));
#2741=DIRECTION('ref_axis',(-1.,0.,0.));
#2742=DIRECTION('center_axis',(0.,1.,0.));
#2743=DIRECTION('ref_axis',(-0.670059394260491,0.,-0.74230748895809));
#2744=DIRECTION('',(-1.,0.,0.));
#2745=DIRECTION('center_axis',(0.,-1.,0.));
#2746=DIRECTION('ref_axis',(-1.,0.,0.));
#2747=DIRECTION('',(-1.,0.,0.));
#2748=DIRECTION('center_axis',(0.,1.,0.));
#2749=DIRECTION('ref_axis',(0.670059394260491,0.,0.74230748895809));
#2750=DIRECTION('center_axis',(0.,0.,-1.));
#2751=DIRECTION('ref_axis',(0.,1.,0.));
#2752=DIRECTION('',(0.,-1.,-1.184237892933E-14));
#2753=DIRECTION('center_axis',(0.,0.,-1.));
#2754=DIRECTION('ref_axis',(0.,1.,0.));
#2755=DIRECTION('',(0.,-1.,0.));
#2756=DIRECTION('center_axis',(0.,-1.,0.));
#2757=DIRECTION('ref_axis',(-1.,0.,0.));
#2758=DIRECTION('center_axis',(0.,-1.,0.));
#2759=DIRECTION('ref_axis',(1.,0.,-1.22464679914735E-16));
#2760=DIRECTION('center_axis',(0.,0.,1.));
#2761=DIRECTION('ref_axis',(-1.,0.,0.));
#2762=DIRECTION('',(0.,-1.,0.));
#2763=DIRECTION('',(1.,0.,0.));
#2764=DIRECTION('',(0.,-1.,0.));
#2765=DIRECTION('center_axis',(0.,0.,1.));
#2766=DIRECTION('ref_axis',(0.,-1.,0.));
#2767=DIRECTION('center_axis',(0.,0.,1.));
#2768=DIRECTION('ref_axis',(1.,0.,0.));
#2769=DIRECTION('',(0.,0.,1.));
#2770=DIRECTION('center_axis',(1.,0.,0.));
#2771=DIRECTION('ref_axis',(0.,-1.,0.));
#2772=DIRECTION('',(0.,0.,1.));
#2773=DIRECTION('',(0.,0.,-1.));
#2774=DIRECTION('',(0.,-1.,0.));
#2775=DIRECTION('center_axis',(1.,0.,0.));
#2776=DIRECTION('ref_axis',(0.,-1.,0.));
#2777=DIRECTION('',(0.,-1.,0.));
#2778=DIRECTION('',(0.,0.,-1.));
#2779=DIRECTION('',(0.,0.,-1.));
#2780=DIRECTION('center_axis',(0.,0.,1.));
#2781=DIRECTION('ref_axis',(0.,1.,0.));
#2782=DIRECTION('center_axis',(0.,0.,-1.));
#2783=DIRECTION('ref_axis',(0.,1.,0.));
#2784=DIRECTION('center_axis',(0.,0.,-1.));
#2785=DIRECTION('ref_axis',(-1.,0.,0.));
#2786=DIRECTION('center_axis',(0.,0.,-1.));
#2787=DIRECTION('ref_axis',(0.,1.,0.));
#2788=DIRECTION('',(-1.,0.,0.));
#2789=DIRECTION('',(0.,-1.,0.));
#2790=DIRECTION('',(0.,-1.,0.));
#2791=DIRECTION('',(-1.,0.,0.));
#2792=DIRECTION('',(0.,1.,0.));
#2793=DIRECTION('',(-1.,0.,0.));
#2794=DIRECTION('',(0.,1.,0.));
#2795=DIRECTION('',(-1.,0.,0.));
#2796=DIRECTION('',(0.,1.,0.));
#2797=DIRECTION('',(-1.,0.,0.));
#2798=DIRECTION('',(0.,1.,0.));
#2799=DIRECTION('',(-1.,0.,0.));
#2800=DIRECTION('',(0.,1.,0.));
#2801=DIRECTION('',(-1.,0.,0.));
#2802=DIRECTION('',(0.,1.,0.));
#2803=DIRECTION('',(-1.,0.,0.));
#2804=DIRECTION('',(0.,1.,0.));
#2805=DIRECTION('',(-1.,0.,0.));
#2806=DIRECTION('',(0.,1.,0.));
#2807=DIRECTION('',(-1.,0.,0.));
#2808=DIRECTION('center_axis',(0.,-1.,0.));
#2809=DIRECTION('ref_axis',(1.,0.,0.));
#2810=DIRECTION('',(0.,0.,1.));
#2811=DIRECTION('center_axis',(0.,-1.,0.));
#2812=DIRECTION('ref_axis',(1.,0.,0.));
#2813=DIRECTION('',(0.,0.,-1.));
#2814=DIRECTION('center_axis',(-1.,0.,0.));
#2815=DIRECTION('ref_axis',(0.,0.,-1.));
#2816=DIRECTION('center_axis',(1.,0.,0.));
#2817=DIRECTION('ref_axis',(0.,0.,1.));
#2818=DIRECTION('center_axis',(0.,0.,-1.));
#2819=DIRECTION('ref_axis',(1.,1.22464679914735E-16,0.));
#2820=DIRECTION('center_axis',(-1.,0.,0.));
#2821=DIRECTION('ref_axis',(0.,0.,1.));
#2822=DIRECTION('',(0.,0.,1.));
#2823=DIRECTION('center_axis',(1.,0.,0.));
#2824=DIRECTION('ref_axis',(0.,0.,-1.));
#2825=DIRECTION('',(0.,1.,0.));
#2826=DIRECTION('',(0.,0.,1.));
#2827=DIRECTION('',(0.,-1.,0.));
#2828=DIRECTION('center_axis',(-1.,0.,0.));
#2829=DIRECTION('ref_axis',(0.,1.,0.));
#2830=DIRECTION('',(0.,0.,-1.));
#2831=DIRECTION('center_axis',(-1.,0.,0.));
#2832=DIRECTION('ref_axis',(0.,0.,1.));
#2833=DIRECTION('',(0.,1.,0.));
#2834=DIRECTION('',(0.,0.,-1.));
#2835=DIRECTION('',(0.,1.,0.));
#2836=DIRECTION('',(0.,0.,1.));
#2837=DIRECTION('center_axis',(0.,1.,0.));
#2838=DIRECTION('ref_axis',(0.,0.,-1.));
#2839=DIRECTION('',(-1.,0.,0.));
#2840=DIRECTION('',(0.,0.,-1.));
#2841=DIRECTION('center_axis',(0.,1.,0.));
#2842=DIRECTION('ref_axis',(0.,0.,-1.));
#2843=DIRECTION('',(-1.,0.,0.));
#2844=DIRECTION('',(0.,0.,-1.));
#2845=DIRECTION('',(-1.,0.,0.));
#2846=DIRECTION('center_axis',(-1.,0.,0.));
#2847=DIRECTION('ref_axis',(0.,0.,1.));
#2848=DIRECTION('center_axis',(-1.,0.,0.));
#2849=DIRECTION('ref_axis',(0.,1.,0.));
#2850=DIRECTION('',(0.,-1.,0.));
#2851=DIRECTION('',(0.,0.,1.));
#2852=DIRECTION('',(0.,1.,0.));
#2853=DIRECTION('center_axis',(1.,0.,0.));
#2854=DIRECTION('ref_axis',(0.,0.,-1.));
#2855=DIRECTION('',(0.,0.,1.));
#2856=DIRECTION('center_axis',(-1.,0.,0.));
#2857=DIRECTION('ref_axis',(0.,0.,1.));
#2858=DIRECTION('',(0.,1.,0.));
#2859=DIRECTION('',(0.,0.,1.));
#2860=DIRECTION('',(0.,1.,0.));
#2861=DIRECTION('center_axis',(0.,-1.,0.));
#2862=DIRECTION('ref_axis',(0.,0.,1.));
#2863=DIRECTION('',(-1.,0.,0.));
#2864=DIRECTION('center_axis',(0.,-1.,0.));
#2865=DIRECTION('ref_axis',(0.,0.,1.));
#2866=DIRECTION('',(-1.,0.,0.));
#2867=DIRECTION('',(-1.,0.,0.));
#2868=DIRECTION('center_axis',(-1.,0.,0.));
#2869=DIRECTION('ref_axis',(0.,0.,1.));
#2870=DIRECTION('',(-1.,0.,0.));
#2871=DIRECTION('center_axis',(0.,0.,1.));
#2872=DIRECTION('ref_axis',(0.,1.,0.));
#2873=DIRECTION('',(-1.,0.,0.));
#2874=DIRECTION('center_axis',(0.,-1.,0.));
#2875=DIRECTION('ref_axis',(0.,0.,1.));
#2876=DIRECTION('',(-1.,0.,0.));
#2877=DIRECTION('center_axis',(0.,0.,-1.));
#2878=DIRECTION('ref_axis',(0.,-1.,0.));
#2879=DIRECTION('',(-1.,0.,0.));
#2880=DIRECTION('center_axis',(-1.,0.,0.));
#2881=DIRECTION('ref_axis',(0.,0.,1.));
#2882=DIRECTION('center_axis',(0.,0.,1.));
#2883=DIRECTION('ref_axis',(1.,0.,0.));
#2884=DIRECTION('',(0.,-1.,0.));
#2885=DIRECTION('',(1.,0.,0.));
#2886=DIRECTION('',(0.,1.,0.));
#2887=DIRECTION('',(-1.,0.,0.));
#2888=DIRECTION('',(0.,1.,0.));
#2889=DIRECTION('',(-1.,0.,0.));
#2890=DIRECTION('',(0.,1.,0.));
#2891=DIRECTION('',(-1.,0.,0.));
#2892=DIRECTION('center_axis',(0.,0.,1.));
#2893=DIRECTION('ref_axis',(1.,0.,0.));
#2894=DIRECTION('',(0.,-1.,0.));
#2895=DIRECTION('',(0.707106781186547,-0.707106781186547,0.));
#2896=DIRECTION('',(1.,0.,0.));
#2897=DIRECTION('',(0.707106781186547,0.707106781186547,0.));
#2898=DIRECTION('',(0.,1.,0.));
#2899=DIRECTION('',(-1.,0.,0.));
#2900=DIRECTION('center_axis',(-1.,0.,0.));
#2901=DIRECTION('ref_axis',(0.,-1.,0.));
#2902=DIRECTION('',(0.,0.,-1.));
#2903=DIRECTION('',(0.,0.,-1.));
#2904=DIRECTION('center_axis',(0.,1.,0.));
#2905=DIRECTION('ref_axis',(-1.,0.,0.));
#2906=DIRECTION('',(0.,0.,-1.));
#2907=DIRECTION('center_axis',(1.,0.,0.));
#2908=DIRECTION('ref_axis',(0.,1.,0.));
#2909=DIRECTION('',(0.,0.,-1.));
#2910=DIRECTION('center_axis',(0.,-1.,0.));
#2911=DIRECTION('ref_axis',(1.,0.,0.));
#2912=DIRECTION('center_axis',(-1.,0.,0.));
#2913=DIRECTION('ref_axis',(0.,-1.,0.));
#2914=DIRECTION('',(0.,0.,-1.));
#2915=DIRECTION('',(0.,0.,-1.));
#2916=DIRECTION('center_axis',(0.,1.,0.));
#2917=DIRECTION('ref_axis',(-1.,0.,0.));
#2918=DIRECTION('',(0.,0.,-1.));
#2919=DIRECTION('center_axis',(1.,0.,0.));
#2920=DIRECTION('ref_axis',(0.,1.,0.));
#2921=DIRECTION('',(0.,0.,-1.));
#2922=DIRECTION('center_axis',(0.707106781186548,-0.707106781186548,0.));
#2923=DIRECTION('ref_axis',(0.707106781186548,0.707106781186548,0.));
#2924=DIRECTION('',(0.,0.,-1.));
#2925=DIRECTION('center_axis',(0.,-1.,0.));
#2926=DIRECTION('ref_axis',(1.,0.,0.));
#2927=DIRECTION('',(0.,0.,-1.));
#2928=DIRECTION('center_axis',(-0.707106781186548,-0.707106781186548,0.));
#2929=DIRECTION('ref_axis',(0.707106781186548,-0.707106781186548,0.));
#2930=DIRECTION('center_axis',(-1.,0.,0.));
#2931=DIRECTION('ref_axis',(0.,0.,1.));
#2932=DIRECTION('',(0.,0.,1.));
#2933=DIRECTION('center_axis',(1.,0.,0.));
#2934=DIRECTION('ref_axis',(0.,0.,-1.));
#2935=DIRECTION('',(0.,1.,0.));
#2936=DIRECTION('',(0.,0.,1.));
#2937=DIRECTION('',(0.,-1.,0.));
#2938=DIRECTION('center_axis',(-1.,0.,0.));
#2939=DIRECTION('ref_axis',(0.,1.,0.));
#2940=DIRECTION('',(0.,0.,-1.));
#2941=DIRECTION('center_axis',(-1.,0.,0.));
#2942=DIRECTION('ref_axis',(0.,0.,1.));
#2943=DIRECTION('',(0.,0.,-1.));
#2944=DIRECTION('',(0.,1.,0.));
#2945=DIRECTION('',(0.,0.,1.));
#2946=DIRECTION('center_axis',(0.,1.,0.));
#2947=DIRECTION('ref_axis',(0.,0.,-1.));
#2948=DIRECTION('',(-1.,0.,0.));
#2949=DIRECTION('',(0.,0.,-1.));
#2950=DIRECTION('center_axis',(0.,1.,0.));
#2951=DIRECTION('ref_axis',(0.,0.,-1.));
#2952=DIRECTION('',(0.,0.,-1.));
#2953=DIRECTION('',(-1.,0.,0.));
#2954=DIRECTION('center_axis',(-1.,0.,0.));
#2955=DIRECTION('ref_axis',(0.,0.,1.));
#2956=DIRECTION('center_axis',(-1.,0.,0.));
#2957=DIRECTION('ref_axis',(0.,1.,0.));
#2958=DIRECTION('',(0.,-1.,0.));
#2959=DIRECTION('',(0.,0.,1.));
#2960=DIRECTION('',(0.,1.,0.));
#2961=DIRECTION('center_axis',(1.,0.,0.));
#2962=DIRECTION('ref_axis',(0.,0.,-1.));
#2963=DIRECTION('',(0.,0.,1.));
#2964=DIRECTION('center_axis',(-1.,0.,0.));
#2965=DIRECTION('ref_axis',(0.,0.,1.));
#2966=DIRECTION('',(0.,0.,1.));
#2967=DIRECTION('',(0.,1.,0.));
#2968=DIRECTION('center_axis',(0.,-1.,0.));
#2969=DIRECTION('ref_axis',(0.,0.,1.));
#2970=DIRECTION('',(-1.,0.,0.));
#2971=DIRECTION('center_axis',(0.,-1.,0.));
#2972=DIRECTION('ref_axis',(0.,0.,1.));
#2973=DIRECTION('',(-1.,0.,0.));
#2974=DIRECTION('center_axis',(-1.,0.,0.));
#2975=DIRECTION('ref_axis',(0.,0.,1.));
#2976=DIRECTION('',(-1.,0.,0.));
#2977=DIRECTION('center_axis',(0.,0.,1.));
#2978=DIRECTION('ref_axis',(0.,1.,0.));
#2979=DIRECTION('',(-1.,0.,0.));
#2980=DIRECTION('center_axis',(0.,-1.,0.));
#2981=DIRECTION('ref_axis',(0.,0.,1.));
#2982=DIRECTION('',(-1.,0.,0.));
#2983=DIRECTION('center_axis',(0.,0.,-1.));
#2984=DIRECTION('ref_axis',(0.,-1.,0.));
#2985=DIRECTION('',(-1.,0.,0.));
#2986=DIRECTION('center_axis',(-1.,0.,0.));
#2987=DIRECTION('ref_axis',(0.,0.,1.));
#2988=DIRECTION('center_axis',(0.,0.,1.));
#2989=DIRECTION('ref_axis',(0.,1.,0.));
#2990=DIRECTION('center_axis',(0.,0.,1.));
#2991=DIRECTION('ref_axis',(0.,1.,0.));
#2992=DIRECTION('center_axis',(-1.,0.,0.));
#2993=DIRECTION('ref_axis',(0.,0.,1.));
#2994=DIRECTION('',(0.,0.,1.));
#2995=DIRECTION('center_axis',(1.,0.,0.));
#2996=DIRECTION('ref_axis',(0.,0.,-1.));
#2997=DIRECTION('',(0.,1.,0.));
#2998=DIRECTION('',(0.,0.,1.));
#2999=DIRECTION('',(0.,-1.,0.));
#3000=DIRECTION('center_axis',(-1.,0.,0.));
#3001=DIRECTION('ref_axis',(0.,1.,0.));
#3002=DIRECTION('',(0.,0.,-1.));
#3003=DIRECTION('center_axis',(-1.,0.,0.));
#3004=DIRECTION('ref_axis',(0.,0.,1.));
#3005=DIRECTION('',(0.,0.,-1.));
#3006=DIRECTION('',(0.,1.,0.));
#3007=DIRECTION('',(0.,0.,1.));
#3008=DIRECTION('',(0.,1.,0.));
#3009=DIRECTION('center_axis',(0.,1.,0.));
#3010=DIRECTION('ref_axis',(0.,0.,-1.));
#3011=DIRECTION('',(-1.,0.,0.));
#3012=DIRECTION('',(0.,0.,-1.));
#3013=DIRECTION('center_axis',(0.,1.,0.));
#3014=DIRECTION('ref_axis',(0.,0.,-1.));
#3015=DIRECTION('',(-1.,0.,0.));
#3016=DIRECTION('',(0.,0.,-1.));
#3017=DIRECTION('',(-1.,0.,0.));
#3018=DIRECTION('center_axis',(-1.,0.,0.));
#3019=DIRECTION('ref_axis',(0.,0.,1.));
#3020=DIRECTION('center_axis',(-1.,0.,0.));
#3021=DIRECTION('ref_axis',(0.,1.,0.));
#3022=DIRECTION('',(0.,-1.,0.));
#3023=DIRECTION('',(0.,0.,1.));
#3024=DIRECTION('',(0.,1.,0.));
#3025=DIRECTION('center_axis',(1.,0.,0.));
#3026=DIRECTION('ref_axis',(0.,0.,-1.));
#3027=DIRECTION('',(0.,0.,1.));
#3028=DIRECTION('center_axis',(-1.,0.,0.));
#3029=DIRECTION('ref_axis',(0.,0.,1.));
#3030=DIRECTION('',(0.,1.,0.));
#3031=DIRECTION('',(0.,0.,1.));
#3032=DIRECTION('',(0.,1.,0.));
#3033=DIRECTION('center_axis',(0.,-1.,0.));
#3034=DIRECTION('ref_axis',(0.,0.,1.));
#3035=DIRECTION('',(-1.,0.,0.));
#3036=DIRECTION('center_axis',(0.,-1.,0.));
#3037=DIRECTION('ref_axis',(0.,0.,1.));
#3038=DIRECTION('',(-1.,0.,0.));
#3039=DIRECTION('',(-1.,0.,0.));
#3040=DIRECTION('center_axis',(-1.,0.,0.));
#3041=DIRECTION('ref_axis',(0.,0.,1.));
#3042=DIRECTION('',(-1.,0.,0.));
#3043=DIRECTION('center_axis',(0.,0.,1.));
#3044=DIRECTION('ref_axis',(0.,1.,0.));
#3045=DIRECTION('',(-1.,0.,0.));
#3046=DIRECTION('center_axis',(0.,-1.,0.));
#3047=DIRECTION('ref_axis',(0.,0.,1.));
#3048=DIRECTION('',(-1.,0.,0.));
#3049=DIRECTION('center_axis',(0.,0.,-1.));
#3050=DIRECTION('ref_axis',(0.,-1.,0.));
#3051=DIRECTION('',(-1.,0.,0.));
#3052=DIRECTION('center_axis',(-1.,0.,0.));
#3053=DIRECTION('ref_axis',(0.,0.,1.));
#3054=DIRECTION('center_axis',(0.,0.,1.));
#3055=DIRECTION('ref_axis',(1.,0.,0.));
#3056=DIRECTION('',(0.,-1.,0.));
#3057=DIRECTION('',(0.707106781186547,-0.707106781186547,0.));
#3058=DIRECTION('',(1.,0.,0.));
#3059=DIRECTION('',(0.707106781186547,0.707106781186547,0.));
#3060=DIRECTION('',(0.,1.,0.));
#3061=DIRECTION('',(-1.,0.,0.));
#3062=DIRECTION('',(0.,1.,0.));
#3063=DIRECTION('',(-1.,0.,0.));
#3064=DIRECTION('',(0.,1.,0.));
#3065=DIRECTION('',(-1.,0.,0.));
#3066=DIRECTION('center_axis',(0.,0.,1.));
#3067=DIRECTION('ref_axis',(1.,0.,0.));
#3068=DIRECTION('',(0.,-1.,0.));
#3069=DIRECTION('',(1.,0.,0.));
#3070=DIRECTION('',(0.,1.,0.));
#3071=DIRECTION('',(-1.,0.,0.));
#3072=DIRECTION('center_axis',(-1.,0.,0.));
#3073=DIRECTION('ref_axis',(0.,-1.,0.));
#3074=DIRECTION('',(0.,0.,-1.));
#3075=DIRECTION('',(0.,0.,-1.));
#3076=DIRECTION('center_axis',(0.,1.,0.));
#3077=DIRECTION('ref_axis',(-1.,0.,0.));
#3078=DIRECTION('',(0.,0.,-1.));
#3079=DIRECTION('center_axis',(1.,0.,0.));
#3080=DIRECTION('ref_axis',(0.,1.,0.));
#3081=DIRECTION('',(0.,0.,-1.));
#3082=DIRECTION('center_axis',(0.707106781186548,-0.707106781186548,0.));
#3083=DIRECTION('ref_axis',(0.707106781186548,0.707106781186548,0.));
#3084=DIRECTION('',(0.,0.,-1.));
#3085=DIRECTION('center_axis',(0.,-1.,0.));
#3086=DIRECTION('ref_axis',(1.,0.,0.));
#3087=DIRECTION('',(0.,0.,-1.));
#3088=DIRECTION('center_axis',(-0.707106781186548,-0.707106781186548,0.));
#3089=DIRECTION('ref_axis',(0.707106781186548,-0.707106781186548,0.));
#3090=DIRECTION('center_axis',(-1.,0.,0.));
#3091=DIRECTION('ref_axis',(0.,-1.,0.));
#3092=DIRECTION('',(0.,0.,-1.));
#3093=DIRECTION('',(0.,0.,-1.));
#3094=DIRECTION('center_axis',(0.,1.,0.));
#3095=DIRECTION('ref_axis',(-1.,0.,0.));
#3096=DIRECTION('',(0.,0.,-1.));
#3097=DIRECTION('center_axis',(1.,0.,0.));
#3098=DIRECTION('ref_axis',(0.,1.,0.));
#3099=DIRECTION('',(0.,0.,-1.));
#3100=DIRECTION('center_axis',(0.,-1.,0.));
#3101=DIRECTION('ref_axis',(1.,0.,0.));
#3102=DIRECTION('center_axis',(-1.,0.,0.));
#3103=DIRECTION('ref_axis',(0.,0.,1.));
#3104=DIRECTION('',(0.,0.,1.));
#3105=DIRECTION('center_axis',(1.,0.,0.));
#3106=DIRECTION('ref_axis',(0.,0.,-1.));
#3107=DIRECTION('',(0.,1.,0.));
#3108=DIRECTION('',(0.,0.,1.));
#3109=DIRECTION('',(0.,-1.,0.));
#3110=DIRECTION('center_axis',(-1.,0.,0.));
#3111=DIRECTION('ref_axis',(0.,1.,0.));
#3112=DIRECTION('',(0.,0.,-1.));
#3113=DIRECTION('center_axis',(-1.,0.,0.));
#3114=DIRECTION('ref_axis',(0.,0.,1.));
#3115=DIRECTION('',(0.,0.,-1.));
#3116=DIRECTION('',(0.,1.,0.));
#3117=DIRECTION('',(0.,0.,1.));
#3118=DIRECTION('center_axis',(0.,1.,0.));
#3119=DIRECTION('ref_axis',(0.,0.,-1.));
#3120=DIRECTION('',(-1.,0.,0.));
#3121=DIRECTION('',(0.,0.,-1.));
#3122=DIRECTION('center_axis',(0.,1.,0.));
#3123=DIRECTION('ref_axis',(0.,0.,-1.));
#3124=DIRECTION('',(0.,0.,-1.));
#3125=DIRECTION('',(-1.,0.,0.));
#3126=DIRECTION('center_axis',(-1.,0.,0.));
#3127=DIRECTION('ref_axis',(0.,0.,1.));
#3128=DIRECTION('center_axis',(-1.,0.,0.));
#3129=DIRECTION('ref_axis',(0.,1.,0.));
#3130=DIRECTION('',(0.,-1.,0.));
#3131=DIRECTION('',(0.,0.,1.));
#3132=DIRECTION('',(0.,1.,0.));
#3133=DIRECTION('center_axis',(1.,0.,0.));
#3134=DIRECTION('ref_axis',(0.,0.,-1.));
#3135=DIRECTION('',(0.,0.,1.));
#3136=DIRECTION('center_axis',(-1.,0.,0.));
#3137=DIRECTION('ref_axis',(0.,0.,1.));
#3138=DIRECTION('',(0.,0.,1.));
#3139=DIRECTION('',(0.,1.,0.));
#3140=DIRECTION('center_axis',(0.,-1.,0.));
#3141=DIRECTION('ref_axis',(0.,0.,1.));
#3142=DIRECTION('',(-1.,0.,0.));
#3143=DIRECTION('center_axis',(0.,-1.,0.));
#3144=DIRECTION('ref_axis',(0.,0.,1.));
#3145=DIRECTION('',(-1.,0.,0.));
#3146=DIRECTION('center_axis',(-1.,0.,0.));
#3147=DIRECTION('ref_axis',(0.,0.,1.));
#3148=DIRECTION('',(-1.,0.,0.));
#3149=DIRECTION('center_axis',(0.,0.,1.));
#3150=DIRECTION('ref_axis',(0.,1.,0.));
#3151=DIRECTION('',(-1.,0.,0.));
#3152=DIRECTION('center_axis',(0.,-1.,0.));
#3153=DIRECTION('ref_axis',(0.,0.,1.));
#3154=DIRECTION('',(-1.,0.,0.));
#3155=DIRECTION('center_axis',(0.,0.,-1.));
#3156=DIRECTION('ref_axis',(0.,-1.,0.));
#3157=DIRECTION('',(-1.,0.,0.));
#3158=DIRECTION('center_axis',(-1.,0.,0.));
#3159=DIRECTION('ref_axis',(0.,0.,1.));
#3160=DIRECTION('center_axis',(0.,0.,1.));
#3161=DIRECTION('ref_axis',(0.,1.,0.));
#3162=DIRECTION('center_axis',(0.,0.,1.));
#3163=DIRECTION('ref_axis',(0.,1.,0.));
#3164=DIRECTION('center_axis',(1.,0.,0.));
#3165=DIRECTION('ref_axis',(0.,0.,-1.));
#3166=DIRECTION('',(0.,0.996194698091745,-0.0871557427476639));
#3167=DIRECTION('',(0.,0.,1.));
#3168=DIRECTION('center_axis',(0.,1.,0.));
#3169=DIRECTION('ref_axis',(0.,0.,1.));
#3170=DIRECTION('',(1.,0.,0.));
#3171=DIRECTION('center_axis',(0.,-0.087155742747664,-0.996194698091745));
#3172=DIRECTION('ref_axis',(0.,0.996194698091745,-0.0871557427476639));
#3173=DIRECTION('center_axis',(0.,1.,0.));
#3174=DIRECTION('ref_axis',(-1.,0.,0.));
#3175=DIRECTION('center_axis',(0.,1.,0.));
#3176=DIRECTION('ref_axis',(-1.,0.,0.));
#3177=DIRECTION('center_axis',(0.,1.,0.));
#3178=DIRECTION('ref_axis',(-1.,0.,0.));
#3179=DIRECTION('center_axis',(0.,1.,0.));
#3180=DIRECTION('ref_axis',(-1.,0.,0.));
#3181=DIRECTION('center_axis',(0.,1.,0.));
#3182=DIRECTION('ref_axis',(-1.,0.,0.));
#3183=CARTESIAN_POINT('',(0.,0.,0.));
#3184=CARTESIAN_POINT('Origin',(0.,0.,0.));
#3185=CARTESIAN_POINT('',(-1.7,10.,0.));
#3186=CARTESIAN_POINT('',(1.7,10.,0.));
#3187=CARTESIAN_POINT('',(-1.7,10.,0.));
#3188=CARTESIAN_POINT('',(-4.5,10.,0.));
#3189=CARTESIAN_POINT('',(-4.5,10.,0.));
#3190=CARTESIAN_POINT('',(-4.8,9.7,0.));
#3191=CARTESIAN_POINT('Origin',(-4.5,9.7,0.));
#3192=CARTESIAN_POINT('',(-4.8,0.7,0.));
#3193=CARTESIAN_POINT('',(-4.8,0.7,0.));
#3194=CARTESIAN_POINT('',(-4.5,0.4,0.));
#3195=CARTESIAN_POINT('Origin',(-4.5,0.7,0.));
#3196=CARTESIAN_POINT('',(4.5,0.4,0.));
#3197=CARTESIAN_POINT('',(4.5,0.4,0.));
#3198=CARTESIAN_POINT('',(4.8,0.7,0.));
#3199=CARTESIAN_POINT('Origin',(4.5,0.7,0.));
#3200=CARTESIAN_POINT('',(4.8,2.5,0.));
#3201=CARTESIAN_POINT('',(4.8,2.5,0.));
#3202=CARTESIAN_POINT('',(4.8,3.3,0.));
#3203=CARTESIAN_POINT('Origin',(4.8,2.9,0.));
#3204=CARTESIAN_POINT('',(4.8,9.7,0.));
#3205=CARTESIAN_POINT('',(4.8,9.7,0.));
#3206=CARTESIAN_POINT('',(4.5,10.,0.));
#3207=CARTESIAN_POINT('Origin',(4.5,9.7,0.));
#3208=CARTESIAN_POINT('',(1.7,10.,0.));
#3209=CARTESIAN_POINT('',(0.2,5.2,0.));
#3210=CARTESIAN_POINT('',(0.2,1.4,0.));
#3211=CARTESIAN_POINT('',(0.2,5.2,0.));
#3212=CARTESIAN_POINT('',(4.,5.2,0.));
#3213=CARTESIAN_POINT('',(4.,5.2,0.));
#3214=CARTESIAN_POINT('',(4.,1.4,0.));
#3215=CARTESIAN_POINT('',(4.,1.4,0.));
#3216=CARTESIAN_POINT('',(0.2,1.4,0.));
#3217=CARTESIAN_POINT('',(0.2,9.4,0.));
#3218=CARTESIAN_POINT('',(0.2,6.55,0.));
#3219=CARTESIAN_POINT('',(0.2,9.4,0.));
#3220=CARTESIAN_POINT('',(4.,9.4,0.));
#3221=CARTESIAN_POINT('',(4.,9.4,0.));
#3222=CARTESIAN_POINT('',(4.,6.55,0.));
#3223=CARTESIAN_POINT('',(4.,6.55,0.));
#3224=CARTESIAN_POINT('',(3.05,5.6,0.));
#3225=CARTESIAN_POINT('',(3.05,5.6,0.));
#3226=CARTESIAN_POINT('',(1.15,5.6,0.));
#3227=CARTESIAN_POINT('',(1.15,5.6,0.));
#3228=CARTESIAN_POINT('',(0.2,6.55,0.));
#3229=CARTESIAN_POINT('',(-4.,5.2,0.));
#3230=CARTESIAN_POINT('',(-4.,2.35,0.));
#3231=CARTESIAN_POINT('',(-4.,5.2,0.));
#3232=CARTESIAN_POINT('',(-0.2,5.2,0.));
#3233=CARTESIAN_POINT('',(-0.2,5.2,0.));
#3234=CARTESIAN_POINT('',(-0.2,2.35,0.));
#3235=CARTESIAN_POINT('',(-0.2,2.35,0.));
#3236=CARTESIAN_POINT('',(-1.15,1.4,0.));
#3237=CARTESIAN_POINT('',(-1.15,1.4,0.));
#3238=CARTESIAN_POINT('',(-3.05,1.4,0.));
#3239=CARTESIAN_POINT('',(-3.05,1.4,0.));
#3240=CARTESIAN_POINT('',(-4.,2.35,0.));
#3241=CARTESIAN_POINT('',(-4.,9.4,0.));
#3242=CARTESIAN_POINT('',(-4.,5.6,0.));
#3243=CARTESIAN_POINT('',(-4.,9.4,0.));
#3244=CARTESIAN_POINT('',(-0.2,9.4,0.));
#3245=CARTESIAN_POINT('',(-0.2,9.4,0.));
#3246=CARTESIAN_POINT('',(-0.2,5.6,0.));
#3247=CARTESIAN_POINT('',(-0.2,5.6,0.));
#3248=CARTESIAN_POINT('',(-4.,5.6,0.));
#3249=CARTESIAN_POINT('Origin',(-1.7,11.4,-2.35));
#3250=CARTESIAN_POINT('',(1.7,11.4,-2.35));
#3251=CARTESIAN_POINT('',(1.7,11.4,-2.35));
#3252=CARTESIAN_POINT('',(-1.7,11.4,-2.35));
#3253=CARTESIAN_POINT('',(-1.7,11.4,-2.35));
#3254=CARTESIAN_POINT('',(-1.7,11.4,-2.35));
#3255=CARTESIAN_POINT('Origin',(-1.7,0.,0.));
#3256=CARTESIAN_POINT('',(-1.7,10.,-3.05));
#3257=CARTESIAN_POINT('',(-1.7,10.,0.));
#3258=CARTESIAN_POINT('',(-1.7,11.4,-3.172484128936));
#3259=CARTESIAN_POINT('',(-1.7,11.4,-3.172484128936));
#3260=CARTESIAN_POINT('',(-1.7,10.,-3.05));
#3261=CARTESIAN_POINT('Origin',(-4.8,10.,0.));
#3262=CARTESIAN_POINT('',(1.7,10.,-3.05));
#3263=CARTESIAN_POINT('',(-1.7,10.,-3.05));
#3264=CARTESIAN_POINT('',(1.7,10.,0.));
#3265=CARTESIAN_POINT('',(4.5,10.,-12.8));
#3266=CARTESIAN_POINT('',(4.5,10.,-12.8));
#3267=CARTESIAN_POINT('',(-4.5,10.,-12.8));
#3268=CARTESIAN_POINT('',(-4.5,10.,-12.8));
#3269=CARTESIAN_POINT('',(-4.5,10.,-12.8));
#3270=CARTESIAN_POINT('Origin',(-4.5,9.7,-12.815648));
#3271=CARTESIAN_POINT('',(-4.8,9.7,-12.8));
#3272=CARTESIAN_POINT('Origin',(-4.5,9.7,-12.8));
#3273=CARTESIAN_POINT('',(-4.8,9.7,-12.8));
#3274=CARTESIAN_POINT('Origin',(-4.8,0.4,0.));
#3275=CARTESIAN_POINT('',(-4.8,0.7,-2.));
#3276=CARTESIAN_POINT('',(-4.8,0.7,-2.));
#3277=CARTESIAN_POINT('',(-4.8,0.,-12.8));
#3278=CARTESIAN_POINT('',(-4.8,0.,-12.8));
#3279=CARTESIAN_POINT('',(-4.8,0.,-2.));
#3280=CARTESIAN_POINT('',(-4.8,0.,-12.8));
#3281=CARTESIAN_POINT('',(-4.8,0.,-2.));
#3282=CARTESIAN_POINT('Origin',(-4.5,0.7,-12.815648));
#3283=CARTESIAN_POINT('',(-4.5,0.4,-2.));
#3284=CARTESIAN_POINT('Origin',(-4.5,0.7,-2.));
#3285=CARTESIAN_POINT('',(-4.5,0.4,-2.));
#3286=CARTESIAN_POINT('Origin',(-4.3,0.,-2.));
#3287=CARTESIAN_POINT('',(-4.3,0.4,-2.));
#3288=CARTESIAN_POINT('',(-4.3,0.4,-2.));
#3289=CARTESIAN_POINT('',(-4.3,0.,-2.));
#3290=CARTESIAN_POINT('',(-4.8,0.,-2.));
#3291=CARTESIAN_POINT('',(-4.3,0.4,-2.));
#3292=CARTESIAN_POINT('Origin',(4.8,0.4,0.));
#3293=CARTESIAN_POINT('',(4.5,0.4,-2.));
#3294=CARTESIAN_POINT('',(4.3,0.4,-2.));
#3295=CARTESIAN_POINT('',(4.5,0.4,-2.));
#3296=CARTESIAN_POINT('',(4.5,0.4,-2.));
#3297=CARTESIAN_POINT('',(-4.3,0.4,-12.8));
#3298=CARTESIAN_POINT('',(-4.3,0.4,-12.8));
#3299=CARTESIAN_POINT('',(4.3,0.4,-12.8));
#3300=CARTESIAN_POINT('',(4.3,0.4,-12.8));
#3301=CARTESIAN_POINT('',(4.3,0.4,-12.8));
#3302=CARTESIAN_POINT('',(0.750000227366579,0.399999999999391,-5.30096321292029));
#3303=CARTESIAN_POINT('',(0.750000227366579,0.399999999999391,-7.89903678707971));
#3304=CARTESIAN_POINT('Origin',(0.,0.4,-6.6));
#3305=CARTESIAN_POINT('',(0.75,0.4,-7.899035791925));
#3306=CARTESIAN_POINT('',(-0.750000227366579,0.399999999999391,-7.89903678707971));
#3307=CARTESIAN_POINT('',(-0.750000227366579,0.399999999999391,-5.30096321292029));
#3308=CARTESIAN_POINT('Origin',(0.,0.4,-6.6));
#3309=CARTESIAN_POINT('',(-0.75,0.4,-5.300964208075));
#3310=CARTESIAN_POINT('Origin',(0.,0.565,-6.6));
#3311=CARTESIAN_POINT('',(-0.75,-1.78,-5.300961894323));
#3312=CARTESIAN_POINT('',(-0.75,0.4,-5.300964208075));
#3313=CARTESIAN_POINT('',(-0.75,-1.78,-7.899038105677));
#3314=CARTESIAN_POINT('',(-0.75,0.4,-7.899035791925));
#3315=CARTESIAN_POINT('Origin',(0.,-1.78,-6.6));
#3316=CARTESIAN_POINT('Origin',(0.,0.565,-6.6));
#3317=CARTESIAN_POINT('',(0.75,-1.78,-5.300961894323));
#3318=CARTESIAN_POINT('',(0.75,0.4,-5.300964208075));
#3319=CARTESIAN_POINT('',(0.75,-1.78,-7.899038105677));
#3320=CARTESIAN_POINT('Origin',(0.,-1.78,-6.6));
#3321=CARTESIAN_POINT('',(0.75,0.4,-7.899035791925));
#3322=CARTESIAN_POINT('Origin',(-0.75,-2.9,-5.018861169916));
#3323=CARTESIAN_POINT('',(-0.75,-2.9,-7.35));
#3324=CARTESIAN_POINT('',(-0.75,-1.93,-7.899038105677));
#3325=CARTESIAN_POINT('',(-0.75,-2.9,-7.35));
#3326=CARTESIAN_POINT('',(-0.75,-1.78,-7.899038105677));
#3327=CARTESIAN_POINT('',(-0.75,-1.93,-5.300961894323));
#3328=CARTESIAN_POINT('',(-0.75,-1.93,-5.300961894323));
#3329=CARTESIAN_POINT('',(-0.75,-2.9,-5.85));
#3330=CARTESIAN_POINT('',(-0.75,-2.9,-5.85));
#3331=CARTESIAN_POINT('',(-0.75,-2.9,-5.85));
#3332=CARTESIAN_POINT('Origin',(6.200697408566,-1.93,-7.899038105677));
#3333=CARTESIAN_POINT('',(1.,-2.9,-7.35));
#3334=CARTESIAN_POINT('',(1.172603939956,-1.93,-7.899038105677));
#3335=CARTESIAN_POINT('Origin',(0.,1.12047733270666,-9.62566521511893));
#3336=CARTESIAN_POINT('',(0.75,-2.9,-7.35));
#3337=CARTESIAN_POINT('',(1.,-2.9,-7.35));
#3338=CARTESIAN_POINT('',(0.75,-1.93,-7.899038105677));
#3339=CARTESIAN_POINT('',(0.75,-2.9,-7.35));
#3340=CARTESIAN_POINT('',(1.172603939956,-1.93,-7.899038105677));
#3341=CARTESIAN_POINT('Origin',(6.200697408566,-1.93,-7.899038105677));
#3342=CARTESIAN_POINT('',(-1.172603939956,-1.93,-7.899038105677));
#3343=CARTESIAN_POINT('',(-1.,-2.9,-7.35));
#3344=CARTESIAN_POINT('Origin',(0.,1.12047733270666,-9.62566521511893));
#3345=CARTESIAN_POINT('',(-0.75,-1.93,-7.899038105677));
#3346=CARTESIAN_POINT('',(-0.75,-2.9,-7.35));
#3347=CARTESIAN_POINT('Origin',(0.,-2.415,-6.6));
#3348=CARTESIAN_POINT('',(1.172603939956,-1.93,-5.300961894323));
#3349=CARTESIAN_POINT('Origin',(0.,-1.93,-6.6));
#3350=CARTESIAN_POINT('',(1.,-2.9,-5.85));
#3351=CARTESIAN_POINT('Ctrl Pts',(0.999999999999976,-2.9,-5.85));
#3352=CARTESIAN_POINT('Ctrl Pts',(1.09814095280841,-2.4535311419808,-5.59729029273149));
#3353=CARTESIAN_POINT('Ctrl Pts',(1.17260393995598,-1.92999999999982,-5.3009618943233));
#3354=CARTESIAN_POINT('Origin',(0.,-2.9,-6.6));
#3355=CARTESIAN_POINT('Origin',(0.,-2.415,-6.6));
#3356=CARTESIAN_POINT('',(-1.,-2.9,-5.85));
#3357=CARTESIAN_POINT('Origin',(0.,-2.9,-6.6));
#3358=CARTESIAN_POINT('',(-1.172603939956,-1.93,-5.300961894323));
#3359=CARTESIAN_POINT('Ctrl Pts',(-1.17260393995598,-1.92999999999982,-5.3009618943233));
#3360=CARTESIAN_POINT('Ctrl Pts',(-1.09814095280841,-2.4535311419808,-5.59729029273149));
#3361=CARTESIAN_POINT('Ctrl Pts',(-0.999999999999976,-2.9,-5.85));
#3362=CARTESIAN_POINT('Origin',(0.,-1.93,-6.6));
#3363=CARTESIAN_POINT('Origin',(0.,-2.9,-6.6));
#3364=CARTESIAN_POINT('',(-0.75,-2.9,-5.85));
#3365=CARTESIAN_POINT('Origin',(0.,-2.9,-6.6));
#3366=CARTESIAN_POINT('',(0.75,-2.9,-5.85));
#3367=CARTESIAN_POINT('',(0.75,-2.9,-5.85));
#3368=CARTESIAN_POINT('',(1.,-2.9,-5.85));
#3369=CARTESIAN_POINT('Origin',(6.200697408566,-2.9,-5.85));
#3370=CARTESIAN_POINT('',(0.75,-1.93,-5.300961894323));
#3371=CARTESIAN_POINT('',(1.172603939956,-1.93,-5.300961894323));
#3372=CARTESIAN_POINT('',(0.75,-2.9,-5.85));
#3373=CARTESIAN_POINT('Origin',(6.200697408566,-2.9,-5.85));
#3374=CARTESIAN_POINT('',(-0.75,-1.93,-5.300961894323));
#3375=CARTESIAN_POINT('Origin',(0.75,-2.9,-8.181138830084));
#3376=CARTESIAN_POINT('',(0.75,-1.93,-5.300961894323));
#3377=CARTESIAN_POINT('',(0.75,-1.78,-7.899038105677));
#3378=CARTESIAN_POINT('Origin',(6.200697408566,-1.78,-7.899038105677));
#3379=CARTESIAN_POINT('',(1.172603939956,-1.78,-7.899038105677));
#3380=CARTESIAN_POINT('',(1.172603939956,-1.78,-7.899038105677));
#3381=CARTESIAN_POINT('',(1.172603939956,-1.78,-7.899038105677));
#3382=CARTESIAN_POINT('Origin',(6.200697408566,-1.78,-7.899038105677));
#3383=CARTESIAN_POINT('',(-1.172603939956,-1.78,-7.899038105677));
#3384=CARTESIAN_POINT('',(-0.75,-1.78,-7.899038105677));
#3385=CARTESIAN_POINT('',(-1.172603939956,-1.78,-7.899038105677));
#3386=CARTESIAN_POINT('Origin',(0.,-1.78,-6.6));
#3387=CARTESIAN_POINT('',(-1.172603939956,-1.78,-5.300961894323));
#3388=CARTESIAN_POINT('Origin',(0.,-1.78,-6.6));
#3389=CARTESIAN_POINT('',(-0.75,-1.78,-5.300961894323));
#3390=CARTESIAN_POINT('Origin',(0.,-1.78,-6.6));
#3391=CARTESIAN_POINT('',(1.172603939956,-1.78,-5.300961894323));
#3392=CARTESIAN_POINT('',(1.172603939956,-1.78,-5.300961894323));
#3393=CARTESIAN_POINT('Origin',(0.,-1.78,-6.6));
#3394=CARTESIAN_POINT('Origin',(6.200697408566,-1.93,-5.300961894323));
#3395=CARTESIAN_POINT('',(1.172603939956,-1.78,-5.300961894323));
#3396=CARTESIAN_POINT('Origin',(6.200697408566,-1.93,-5.300961894323));
#3397=CARTESIAN_POINT('',(-1.172603939956,-1.78,-5.300961894323));
#3398=CARTESIAN_POINT('Origin',(0.,0.565,-6.6));
#3399=CARTESIAN_POINT('Origin',(0.,0.565,-6.6));
#3400=CARTESIAN_POINT('Origin',(4.8,0.,-2.));
#3401=CARTESIAN_POINT('',(4.3,0.,-2.));
#3402=CARTESIAN_POINT('',(4.3,0.4,-2.));
#3403=CARTESIAN_POINT('',(4.8,0.,-2.));
#3404=CARTESIAN_POINT('',(4.3,0.,-2.));
#3405=CARTESIAN_POINT('',(4.8,0.7,-2.));
#3406=CARTESIAN_POINT('',(4.8,0.7,-2.));
#3407=CARTESIAN_POINT('Origin',(4.5,0.7,-2.));
#3408=CARTESIAN_POINT('Origin',(4.5,0.7,-12.815648));
#3409=CARTESIAN_POINT('',(4.8,0.7,-2.));
#3410=CARTESIAN_POINT('Origin',(4.8,10.,0.));
#3411=CARTESIAN_POINT('',(4.8,9.7,-12.8));
#3412=CARTESIAN_POINT('',(4.8,9.7,-12.8));
#3413=CARTESIAN_POINT('',(4.8,3.3,-12.8));
#3414=CARTESIAN_POINT('',(4.8,3.3,0.));
#3415=CARTESIAN_POINT('',(4.8,9.7,-12.8));
#3416=CARTESIAN_POINT('Origin',(4.8,10.,0.));
#3417=CARTESIAN_POINT('',(4.8,2.5,-12.8));
#3418=CARTESIAN_POINT('',(4.8,0.,-12.8));
#3419=CARTESIAN_POINT('',(4.8,2.5,-12.8));
#3420=CARTESIAN_POINT('',(4.8,2.5,0.));
#3421=CARTESIAN_POINT('',(4.8,0.,-2.));
#3422=CARTESIAN_POINT('Origin',(4.5,9.7,-12.815648));
#3423=CARTESIAN_POINT('Origin',(4.5,9.7,-12.8));
#3424=CARTESIAN_POINT('Origin',(0.,0.,-12.8));
#3425=CARTESIAN_POINT('Origin',(4.8,2.9,-12.8));
#3426=CARTESIAN_POINT('',(4.3,0.,-12.8));
#3427=CARTESIAN_POINT('',(4.8,0.,-12.8));
#3428=CARTESIAN_POINT('',(4.3,0.4,-12.8));
#3429=CARTESIAN_POINT('',(-4.3,0.,-12.8));
#3430=CARTESIAN_POINT('',(-4.3,0.4,-12.8));
#3431=CARTESIAN_POINT('',(-4.3,0.,-12.8));
#3432=CARTESIAN_POINT('',(2.635,6.965,-12.8));
#3433=CARTESIAN_POINT('',(2.635,8.035,-12.8));
#3434=CARTESIAN_POINT('',(2.635,6.965,-12.8));
#3435=CARTESIAN_POINT('',(1.565,8.035,-12.8));
#3436=CARTESIAN_POINT('',(2.635,8.035,-12.8));
#3437=CARTESIAN_POINT('',(1.565,6.965,-12.8));
#3438=CARTESIAN_POINT('',(1.565,6.965,-12.8));
#3439=CARTESIAN_POINT('',(2.635,6.965,-12.8));
#3440=CARTESIAN_POINT('',(-1.565,6.965,-12.8));
#3441=CARTESIAN_POINT('',(-1.565,8.035,-12.8));
#3442=CARTESIAN_POINT('',(-1.565,6.965,-12.8));
#3443=CARTESIAN_POINT('',(-2.635,8.035,-12.8));
#3444=CARTESIAN_POINT('',(-1.565,8.035,-12.8));
#3445=CARTESIAN_POINT('',(-2.635,6.965,-12.8));
#3446=CARTESIAN_POINT('',(-2.635,6.965,-12.8));
#3447=CARTESIAN_POINT('',(-1.565,6.965,-12.8));
#3448=CARTESIAN_POINT('',(2.635,2.765,-12.8));
#3449=CARTESIAN_POINT('',(2.635,3.835,-12.8));
#3450=CARTESIAN_POINT('',(2.635,2.765,-12.8));
#3451=CARTESIAN_POINT('',(1.565,3.835,-12.8));
#3452=CARTESIAN_POINT('',(2.635,3.835,-12.8));
#3453=CARTESIAN_POINT('',(1.565,2.765,-12.8));
#3454=CARTESIAN_POINT('',(1.565,2.765,-12.8));
#3455=CARTESIAN_POINT('',(2.635,2.765,-12.8));
#3456=CARTESIAN_POINT('',(-1.565,2.765,-12.8));
#3457=CARTESIAN_POINT('',(-1.565,3.835,-12.8));
#3458=CARTESIAN_POINT('',(-1.565,2.765,-12.8));
#3459=CARTESIAN_POINT('',(-2.635,3.835,-12.8));
#3460=CARTESIAN_POINT('',(-1.565,3.835,-12.8));
#3461=CARTESIAN_POINT('',(-2.635,2.765,-12.8));
#3462=CARTESIAN_POINT('',(-2.635,2.765,-12.8));
#3463=CARTESIAN_POINT('',(-1.565,2.765,-12.8));
#3464=CARTESIAN_POINT('Origin',(0.,0.,0.));
#3465=CARTESIAN_POINT('',(4.3,0.,-12.8));
#3466=CARTESIAN_POINT('Origin',(0.,0.,0.));
#3467=CARTESIAN_POINT('',(-4.3,0.,-2.));
#3468=CARTESIAN_POINT('Origin',(4.3,0.,-2.));
#3469=CARTESIAN_POINT('Origin',(-4.3,0.,-12.8));
#3470=CARTESIAN_POINT('Origin',(4.8,2.9,0.));
#3471=CARTESIAN_POINT('Origin',(2.635,10.,0.));
#3472=CARTESIAN_POINT('',(2.635,6.965,-18.365));
#3473=CARTESIAN_POINT('',(2.635,6.965,-18.365));
#3474=CARTESIAN_POINT('',(2.635,6.465,-18.865));
#3475=CARTESIAN_POINT('Origin',(2.635,6.465,-18.365));
#3476=CARTESIAN_POINT('',(2.635,-3.6,-18.865));
#3477=CARTESIAN_POINT('',(2.635,-3.6,-18.865));
#3478=CARTESIAN_POINT('',(2.635,-3.6,-19.935));
#3479=CARTESIAN_POINT('',(2.635,-3.6,-19.935));
#3480=CARTESIAN_POINT('',(2.635,6.465,-19.935));
#3481=CARTESIAN_POINT('',(2.635,6.465,-19.935));
#3482=CARTESIAN_POINT('',(2.635,8.035,-18.365));
#3483=CARTESIAN_POINT('Origin',(2.635,6.465,-18.365));
#3484=CARTESIAN_POINT('',(2.635,8.035,-12.8));
#3485=CARTESIAN_POINT('Origin',(2.635,10.,0.));
#3486=CARTESIAN_POINT('',(2.635,6.965,-9.1));
#3487=CARTESIAN_POINT('',(2.635,8.035,-9.1));
#3488=CARTESIAN_POINT('',(2.635,6.965,-9.1));
#3489=CARTESIAN_POINT('',(2.635,8.035,-6.1));
#3490=CARTESIAN_POINT('',(2.635,8.035,-6.1));
#3491=CARTESIAN_POINT('',(2.635,6.965,-6.1));
#3492=CARTESIAN_POINT('',(2.635,6.965,-6.1));
#3493=CARTESIAN_POINT('',(2.635,6.965,-9.1));
#3494=CARTESIAN_POINT('Origin',(2.635,8.035,-6.1));
#3495=CARTESIAN_POINT('',(1.565,8.035,-18.365));
#3496=CARTESIAN_POINT('',(2.635,8.035,-18.365));
#3497=CARTESIAN_POINT('',(1.565,8.035,-12.8));
#3498=CARTESIAN_POINT('Origin',(2.635,8.035,-6.1));
#3499=CARTESIAN_POINT('',(1.565,8.035,-9.1));
#3500=CARTESIAN_POINT('',(2.635,8.035,-9.1));
#3501=CARTESIAN_POINT('',(1.565,8.035,-6.1));
#3502=CARTESIAN_POINT('',(1.565,8.035,-6.1));
#3503=CARTESIAN_POINT('',(2.635,8.035,-6.1));
#3504=CARTESIAN_POINT('Origin',(1.565,10.,0.));
#3505=CARTESIAN_POINT('',(1.565,6.465,-19.935));
#3506=CARTESIAN_POINT('Origin',(1.565,6.465,-18.365));
#3507=CARTESIAN_POINT('',(1.565,-3.6,-19.935));
#3508=CARTESIAN_POINT('',(1.565,6.465,-19.935));
#3509=CARTESIAN_POINT('',(1.565,-3.6,-18.865));
#3510=CARTESIAN_POINT('',(1.565,-3.6,-19.935));
#3511=CARTESIAN_POINT('',(1.565,6.465,-18.865));
#3512=CARTESIAN_POINT('',(1.565,-3.6,-18.865));
#3513=CARTESIAN_POINT('',(1.565,6.965,-18.365));
#3514=CARTESIAN_POINT('Origin',(1.565,6.465,-18.365));
#3515=CARTESIAN_POINT('',(1.565,6.965,-18.365));
#3516=CARTESIAN_POINT('Origin',(1.565,10.,0.));
#3517=CARTESIAN_POINT('',(1.565,6.965,-9.1));
#3518=CARTESIAN_POINT('',(1.565,6.965,-9.1));
#3519=CARTESIAN_POINT('',(1.565,6.965,-6.1));
#3520=CARTESIAN_POINT('',(1.565,6.965,-9.1));
#3521=CARTESIAN_POINT('',(1.565,6.965,-6.1));
#3522=CARTESIAN_POINT('Origin',(2.635,6.965,-18.365));
#3523=CARTESIAN_POINT('',(2.635,6.965,-18.365));
#3524=CARTESIAN_POINT('Origin',(2.635,6.965,-18.365));
#3525=CARTESIAN_POINT('',(2.635,6.965,-9.1));
#3526=CARTESIAN_POINT('',(2.635,6.965,-6.1));
#3527=CARTESIAN_POINT('Origin',(2.635,6.465,-18.365));
#3528=CARTESIAN_POINT('',(2.635,6.465,-18.865));
#3529=CARTESIAN_POINT('Origin',(2.635,-3.6,-18.865));
#3530=CARTESIAN_POINT('',(2.635,-3.6,-18.865));
#3531=CARTESIAN_POINT('Origin',(2.635,-3.6,-19.935));
#3532=CARTESIAN_POINT('',(2.635,-3.6,-19.935));
#3533=CARTESIAN_POINT('Origin',(2.635,6.465,-19.935));
#3534=CARTESIAN_POINT('',(2.635,6.465,-19.935));
#3535=CARTESIAN_POINT('Origin',(2.635,6.465,-18.365));
#3536=CARTESIAN_POINT('Origin',(0.,0.,-9.1));
#3537=CARTESIAN_POINT('',(0.2,5.2,-9.1));
#3538=CARTESIAN_POINT('',(0.2,1.4,-9.1));
#3539=CARTESIAN_POINT('',(0.2,5.2,-9.1));
#3540=CARTESIAN_POINT('',(4.,1.4,-9.1));
#3541=CARTESIAN_POINT('',(0.2,1.4,-9.1));
#3542=CARTESIAN_POINT('',(4.,5.2,-9.1));
#3543=CARTESIAN_POINT('',(4.,1.4,-9.1));
#3544=CARTESIAN_POINT('',(4.,5.2,-9.1));
#3545=CARTESIAN_POINT('',(2.635,2.765,-9.1));
#3546=CARTESIAN_POINT('',(2.635,3.835,-9.1));
#3547=CARTESIAN_POINT('',(2.635,2.765,-9.1));
#3548=CARTESIAN_POINT('',(1.565,2.765,-9.1));
#3549=CARTESIAN_POINT('',(2.635,2.765,-9.1));
#3550=CARTESIAN_POINT('',(1.565,3.835,-9.1));
#3551=CARTESIAN_POINT('',(1.565,2.765,-9.1));
#3552=CARTESIAN_POINT('',(2.635,3.835,-9.1));
#3553=CARTESIAN_POINT('Origin',(0.,0.,-9.1));
#3554=CARTESIAN_POINT('',(0.2,9.4,-9.1));
#3555=CARTESIAN_POINT('',(0.2,6.55,-9.1));
#3556=CARTESIAN_POINT('',(0.2,9.4,-9.1));
#3557=CARTESIAN_POINT('',(1.15,5.6,-9.1));
#3558=CARTESIAN_POINT('',(0.2,6.55,-9.1));
#3559=CARTESIAN_POINT('',(3.05,5.6,-9.1));
#3560=CARTESIAN_POINT('',(1.15,5.6,-9.1));
#3561=CARTESIAN_POINT('',(4.,6.55,-9.1));
#3562=CARTESIAN_POINT('',(3.05,5.6,-9.1));
#3563=CARTESIAN_POINT('',(4.,9.4,-9.1));
#3564=CARTESIAN_POINT('',(4.,6.55,-9.1));
#3565=CARTESIAN_POINT('',(4.,9.4,-9.1));
#3566=CARTESIAN_POINT('Origin',(0.2,5.2,0.));
#3567=CARTESIAN_POINT('',(0.2,1.4,0.));
#3568=CARTESIAN_POINT('',(0.2,5.2,0.));
#3569=CARTESIAN_POINT('Origin',(4.,5.2,0.));
#3570=CARTESIAN_POINT('',(4.,5.2,0.));
#3571=CARTESIAN_POINT('Origin',(4.,1.4,0.));
#3572=CARTESIAN_POINT('',(4.,1.4,0.));
#3573=CARTESIAN_POINT('Origin',(0.2,1.4,0.));
#3574=CARTESIAN_POINT('Origin',(0.2,9.4,0.));
#3575=CARTESIAN_POINT('',(0.2,6.55,0.));
#3576=CARTESIAN_POINT('',(0.2,9.4,0.));
#3577=CARTESIAN_POINT('Origin',(4.,9.4,0.));
#3578=CARTESIAN_POINT('',(4.,9.4,0.));
#3579=CARTESIAN_POINT('Origin',(4.,6.55,0.));
#3580=CARTESIAN_POINT('',(4.,6.55,0.));
#3581=CARTESIAN_POINT('Origin',(3.05,5.6,0.));
#3582=CARTESIAN_POINT('',(3.05,5.6,0.));
#3583=CARTESIAN_POINT('Origin',(1.15,5.6,0.));
#3584=CARTESIAN_POINT('',(1.15,5.6,0.));
#3585=CARTESIAN_POINT('Origin',(0.2,6.55,0.));
#3586=CARTESIAN_POINT('Origin',(2.635,10.,0.));
#3587=CARTESIAN_POINT('',(2.635,2.765,-13.065));
#3588=CARTESIAN_POINT('',(2.635,2.765,-13.065));
#3589=CARTESIAN_POINT('',(2.635,2.465,-13.365));
#3590=CARTESIAN_POINT('Origin',(2.635,2.465,-13.065));
#3591=CARTESIAN_POINT('',(2.635,-3.6,-13.365));
#3592=CARTESIAN_POINT('',(2.635,-3.6,-13.365));
#3593=CARTESIAN_POINT('',(2.635,-3.6,-14.435));
#3594=CARTESIAN_POINT('',(2.635,-3.6,-14.435));
#3595=CARTESIAN_POINT('',(2.635,2.465,-14.435));
#3596=CARTESIAN_POINT('',(2.635,2.465,-14.435));
#3597=CARTESIAN_POINT('',(2.635,3.835,-13.065));
#3598=CARTESIAN_POINT('Origin',(2.635,2.465,-13.065));
#3599=CARTESIAN_POINT('',(2.635,3.835,-12.8));
#3600=CARTESIAN_POINT('Origin',(2.635,10.,0.));
#3601=CARTESIAN_POINT('',(2.635,3.835,-6.1));
#3602=CARTESIAN_POINT('',(2.635,3.835,-6.1));
#3603=CARTESIAN_POINT('',(2.635,2.765,-6.1));
#3604=CARTESIAN_POINT('',(2.635,2.765,-6.1));
#3605=CARTESIAN_POINT('',(2.635,2.765,-9.1));
#3606=CARTESIAN_POINT('Origin',(2.635,3.835,-6.1));
#3607=CARTESIAN_POINT('',(1.565,3.835,-13.065));
#3608=CARTESIAN_POINT('',(2.635,3.835,-13.065));
#3609=CARTESIAN_POINT('',(1.565,3.835,-12.8));
#3610=CARTESIAN_POINT('Origin',(2.635,3.835,-6.1));
#3611=CARTESIAN_POINT('',(1.565,3.835,-6.1));
#3612=CARTESIAN_POINT('',(1.565,3.835,-6.1));
#3613=CARTESIAN_POINT('',(2.635,3.835,-6.1));
#3614=CARTESIAN_POINT('Origin',(1.565,10.,0.));
#3615=CARTESIAN_POINT('',(1.565,2.465,-14.435));
#3616=CARTESIAN_POINT('Origin',(1.565,2.465,-13.065));
#3617=CARTESIAN_POINT('',(1.565,-3.6,-14.435));
#3618=CARTESIAN_POINT('',(1.565,2.465,-14.435));
#3619=CARTESIAN_POINT('',(1.565,-3.6,-13.365));
#3620=CARTESIAN_POINT('',(1.565,-3.6,-14.435));
#3621=CARTESIAN_POINT('',(1.565,2.465,-13.365));
#3622=CARTESIAN_POINT('',(1.565,-3.6,-13.365));
#3623=CARTESIAN_POINT('',(1.565,2.765,-13.065));
#3624=CARTESIAN_POINT('Origin',(1.565,2.465,-13.065));
#3625=CARTESIAN_POINT('',(1.565,2.765,-13.065));
#3626=CARTESIAN_POINT('Origin',(1.565,10.,0.));
#3627=CARTESIAN_POINT('',(1.565,2.765,-6.1));
#3628=CARTESIAN_POINT('',(1.565,2.765,-9.1));
#3629=CARTESIAN_POINT('',(1.565,2.765,-6.1));
#3630=CARTESIAN_POINT('Origin',(2.635,2.765,-13.065));
#3631=CARTESIAN_POINT('',(2.635,2.765,-13.065));
#3632=CARTESIAN_POINT('Origin',(2.635,2.765,-13.065));
#3633=CARTESIAN_POINT('',(2.635,2.765,-6.1));
#3634=CARTESIAN_POINT('Origin',(2.635,2.465,-13.065));
#3635=CARTESIAN_POINT('',(2.635,2.465,-13.365));
#3636=CARTESIAN_POINT('Origin',(2.635,-3.6,-13.365));
#3637=CARTESIAN_POINT('',(2.635,-3.6,-13.365));
#3638=CARTESIAN_POINT('Origin',(2.635,-3.6,-14.435));
#3639=CARTESIAN_POINT('',(2.635,-3.6,-14.435));
#3640=CARTESIAN_POINT('Origin',(2.635,2.465,-14.435));
#3641=CARTESIAN_POINT('',(2.635,2.465,-14.435));
#3642=CARTESIAN_POINT('Origin',(2.635,2.465,-13.065));
#3643=CARTESIAN_POINT('Origin',(2.635,2.765,-6.1));
#3644=CARTESIAN_POINT('Origin',(2.635,6.965,-6.1));
#3645=CARTESIAN_POINT('Origin',(-1.565,10.,0.));
#3646=CARTESIAN_POINT('',(-1.565,6.965,-18.365));
#3647=CARTESIAN_POINT('',(-1.565,6.965,-18.365));
#3648=CARTESIAN_POINT('',(-1.565,6.465,-18.865));
#3649=CARTESIAN_POINT('Origin',(-1.565,6.465,-18.365));
#3650=CARTESIAN_POINT('',(-1.565,-3.6,-18.865));
#3651=CARTESIAN_POINT('',(-1.565,-3.6,-18.865));
#3652=CARTESIAN_POINT('',(-1.565,-3.6,-19.935));
#3653=CARTESIAN_POINT('',(-1.565,-3.6,-19.935));
#3654=CARTESIAN_POINT('',(-1.565,6.465,-19.935));
#3655=CARTESIAN_POINT('',(-1.565,6.465,-19.935));
#3656=CARTESIAN_POINT('',(-1.565,8.035,-18.365));
#3657=CARTESIAN_POINT('Origin',(-1.565,6.465,-18.365));
#3658=CARTESIAN_POINT('',(-1.565,8.035,-12.8));
#3659=CARTESIAN_POINT('Origin',(-1.565,10.,0.));
#3660=CARTESIAN_POINT('',(-1.565,8.035,-6.1));
#3661=CARTESIAN_POINT('',(-1.565,8.035,-9.1));
#3662=CARTESIAN_POINT('',(-1.565,8.035,-6.1));
#3663=CARTESIAN_POINT('',(-1.565,6.965,-6.1));
#3664=CARTESIAN_POINT('',(-1.565,6.965,-6.1));
#3665=CARTESIAN_POINT('',(-1.565,6.965,-9.1));
#3666=CARTESIAN_POINT('',(-1.565,6.965,-9.1));
#3667=CARTESIAN_POINT('',(-1.565,6.965,-9.1));
#3668=CARTESIAN_POINT('Origin',(-1.565,8.035,-6.1));
#3669=CARTESIAN_POINT('',(-2.635,8.035,-18.365));
#3670=CARTESIAN_POINT('',(-1.565,8.035,-18.365));
#3671=CARTESIAN_POINT('',(-2.635,8.035,-12.8));
#3672=CARTESIAN_POINT('Origin',(-1.565,8.035,-6.1));
#3673=CARTESIAN_POINT('',(-2.635,8.035,-9.1));
#3674=CARTESIAN_POINT('',(-1.565,8.035,-9.1));
#3675=CARTESIAN_POINT('',(-2.635,8.035,-6.1));
#3676=CARTESIAN_POINT('',(-2.635,8.035,-6.1));
#3677=CARTESIAN_POINT('',(-1.565,8.035,-6.1));
#3678=CARTESIAN_POINT('Origin',(-2.635,10.,0.));
#3679=CARTESIAN_POINT('',(-2.635,6.465,-19.935));
#3680=CARTESIAN_POINT('Origin',(-2.635,6.465,-18.365));
#3681=CARTESIAN_POINT('',(-2.635,-3.6,-19.935));
#3682=CARTESIAN_POINT('',(-2.635,6.465,-19.935));
#3683=CARTESIAN_POINT('',(-2.635,-3.6,-18.865));
#3684=CARTESIAN_POINT('',(-2.635,-3.6,-19.935));
#3685=CARTESIAN_POINT('',(-2.635,6.465,-18.865));
#3686=CARTESIAN_POINT('',(-2.635,-3.6,-18.865));
#3687=CARTESIAN_POINT('',(-2.635,6.965,-18.365));
#3688=CARTESIAN_POINT('Origin',(-2.635,6.465,-18.365));
#3689=CARTESIAN_POINT('',(-2.635,6.965,-18.365));
#3690=CARTESIAN_POINT('Origin',(-2.635,10.,0.));
#3691=CARTESIAN_POINT('',(-2.635,6.965,-9.1));
#3692=CARTESIAN_POINT('',(-2.635,6.965,-9.1));
#3693=CARTESIAN_POINT('',(-2.635,6.965,-6.1));
#3694=CARTESIAN_POINT('',(-2.635,6.965,-9.1));
#3695=CARTESIAN_POINT('',(-2.635,6.965,-6.1));
#3696=CARTESIAN_POINT('Origin',(-1.565,6.965,-18.365));
#3697=CARTESIAN_POINT('',(-1.565,6.965,-18.365));
#3698=CARTESIAN_POINT('Origin',(-1.565,6.965,-18.365));
#3699=CARTESIAN_POINT('',(-1.565,6.965,-6.1));
#3700=CARTESIAN_POINT('',(-1.565,6.965,-9.1));
#3701=CARTESIAN_POINT('Origin',(-1.565,6.465,-18.365));
#3702=CARTESIAN_POINT('',(-1.565,6.465,-18.865));
#3703=CARTESIAN_POINT('Origin',(-1.565,-3.6,-18.865));
#3704=CARTESIAN_POINT('',(-1.565,-3.6,-18.865));
#3705=CARTESIAN_POINT('Origin',(-1.565,-3.6,-19.935));
#3706=CARTESIAN_POINT('',(-1.565,-3.6,-19.935));
#3707=CARTESIAN_POINT('Origin',(-1.565,6.465,-19.935));
#3708=CARTESIAN_POINT('',(-1.565,6.465,-19.935));
#3709=CARTESIAN_POINT('Origin',(-1.565,6.465,-18.365));
#3710=CARTESIAN_POINT('Origin',(0.,0.,-9.1));
#3711=CARTESIAN_POINT('',(-4.,5.2,-9.1));
#3712=CARTESIAN_POINT('',(-4.,2.35,-9.1));
#3713=CARTESIAN_POINT('',(-4.,5.2,-9.1));
#3714=CARTESIAN_POINT('',(-3.05,1.4,-9.1));
#3715=CARTESIAN_POINT('',(-4.,2.35,-9.1));
#3716=CARTESIAN_POINT('',(-1.15,1.4,-9.1));
#3717=CARTESIAN_POINT('',(-3.05,1.4,-9.1));
#3718=CARTESIAN_POINT('',(-0.2,2.35,-9.1));
#3719=CARTESIAN_POINT('',(-1.15,1.4,-9.1));
#3720=CARTESIAN_POINT('',(-0.2,5.2,-9.1));
#3721=CARTESIAN_POINT('',(-0.2,2.35,-9.1));
#3722=CARTESIAN_POINT('',(-0.2,5.2,-9.1));
#3723=CARTESIAN_POINT('',(-1.565,2.765,-9.1));
#3724=CARTESIAN_POINT('',(-1.565,3.835,-9.1));
#3725=CARTESIAN_POINT('',(-1.565,2.765,-9.1));
#3726=CARTESIAN_POINT('',(-2.635,2.765,-9.1));
#3727=CARTESIAN_POINT('',(-1.565,2.765,-9.1));
#3728=CARTESIAN_POINT('',(-2.635,3.835,-9.1));
#3729=CARTESIAN_POINT('',(-2.635,2.765,-9.1));
#3730=CARTESIAN_POINT('',(-1.565,3.835,-9.1));
#3731=CARTESIAN_POINT('Origin',(0.,0.,-9.1));
#3732=CARTESIAN_POINT('',(-4.,9.4,-9.1));
#3733=CARTESIAN_POINT('',(-4.,5.6,-9.1));
#3734=CARTESIAN_POINT('',(-4.,9.4,-9.1));
#3735=CARTESIAN_POINT('',(-0.2,5.6,-9.1));
#3736=CARTESIAN_POINT('',(-4.,5.6,-9.1));
#3737=CARTESIAN_POINT('',(-0.2,9.4,-9.1));
#3738=CARTESIAN_POINT('',(-0.2,5.6,-9.1));
#3739=CARTESIAN_POINT('',(-0.2,9.4,-9.1));
#3740=CARTESIAN_POINT('Origin',(-4.,5.2,0.));
#3741=CARTESIAN_POINT('',(-4.,2.35,0.));
#3742=CARTESIAN_POINT('',(-4.,5.2,0.));
#3743=CARTESIAN_POINT('Origin',(-0.2,5.2,0.));
#3744=CARTESIAN_POINT('',(-0.2,5.2,0.));
#3745=CARTESIAN_POINT('Origin',(-0.2,2.35,0.));
#3746=CARTESIAN_POINT('',(-0.2,2.35,0.));
#3747=CARTESIAN_POINT('Origin',(-1.15,1.4,0.));
#3748=CARTESIAN_POINT('',(-1.15,1.4,0.));
#3749=CARTESIAN_POINT('Origin',(-3.05,1.4,0.));
#3750=CARTESIAN_POINT('',(-3.05,1.4,0.));
#3751=CARTESIAN_POINT('Origin',(-4.,2.35,0.));
#3752=CARTESIAN_POINT('Origin',(-4.,9.4,0.));
#3753=CARTESIAN_POINT('',(-4.,5.6,0.));
#3754=CARTESIAN_POINT('',(-4.,9.4,0.));
#3755=CARTESIAN_POINT('Origin',(-0.2,9.4,0.));
#3756=CARTESIAN_POINT('',(-0.2,9.4,0.));
#3757=CARTESIAN_POINT('Origin',(-0.2,5.6,0.));
#3758=CARTESIAN_POINT('',(-0.2,5.6,0.));
#3759=CARTESIAN_POINT('Origin',(-4.,5.6,0.));
#3760=CARTESIAN_POINT('Origin',(-1.565,10.,0.));
#3761=CARTESIAN_POINT('',(-1.565,2.765,-13.065));
#3762=CARTESIAN_POINT('',(-1.565,2.765,-13.065));
#3763=CARTESIAN_POINT('',(-1.565,2.465,-13.365));
#3764=CARTESIAN_POINT('Origin',(-1.565,2.465,-13.065));
#3765=CARTESIAN_POINT('',(-1.565,-3.6,-13.365));
#3766=CARTESIAN_POINT('',(-1.565,-3.6,-13.365));
#3767=CARTESIAN_POINT('',(-1.565,-3.6,-14.435));
#3768=CARTESIAN_POINT('',(-1.565,-3.6,-14.435));
#3769=CARTESIAN_POINT('',(-1.565,2.465,-14.435));
#3770=CARTESIAN_POINT('',(-1.565,2.465,-14.435));
#3771=CARTESIAN_POINT('',(-1.565,3.835,-13.065));
#3772=CARTESIAN_POINT('Origin',(-1.565,2.465,-13.065));
#3773=CARTESIAN_POINT('',(-1.565,3.835,-12.8));
#3774=CARTESIAN_POINT('Origin',(-1.565,10.,0.));
#3775=CARTESIAN_POINT('',(-1.565,3.835,-6.1));
#3776=CARTESIAN_POINT('',(-1.565,3.835,-6.1));
#3777=CARTESIAN_POINT('',(-1.565,2.765,-6.1));
#3778=CARTESIAN_POINT('',(-1.565,2.765,-6.1));
#3779=CARTESIAN_POINT('',(-1.565,2.765,-9.1));
#3780=CARTESIAN_POINT('Origin',(-1.565,3.835,-6.1));
#3781=CARTESIAN_POINT('',(-2.635,3.835,-13.065));
#3782=CARTESIAN_POINT('',(-1.565,3.835,-13.065));
#3783=CARTESIAN_POINT('',(-2.635,3.835,-12.8));
#3784=CARTESIAN_POINT('Origin',(-1.565,3.835,-6.1));
#3785=CARTESIAN_POINT('',(-2.635,3.835,-6.1));
#3786=CARTESIAN_POINT('',(-2.635,3.835,-6.1));
#3787=CARTESIAN_POINT('',(-1.565,3.835,-6.1));
#3788=CARTESIAN_POINT('Origin',(-2.635,10.,0.));
#3789=CARTESIAN_POINT('',(-2.635,2.465,-14.435));
#3790=CARTESIAN_POINT('Origin',(-2.635,2.465,-13.065));
#3791=CARTESIAN_POINT('',(-2.635,-3.6,-14.435));
#3792=CARTESIAN_POINT('',(-2.635,2.465,-14.435));
#3793=CARTESIAN_POINT('',(-2.635,-3.6,-13.365));
#3794=CARTESIAN_POINT('',(-2.635,-3.6,-14.435));
#3795=CARTESIAN_POINT('',(-2.635,2.465,-13.365));
#3796=CARTESIAN_POINT('',(-2.635,-3.6,-13.365));
#3797=CARTESIAN_POINT('',(-2.635,2.765,-13.065));
#3798=CARTESIAN_POINT('Origin',(-2.635,2.465,-13.065));
#3799=CARTESIAN_POINT('',(-2.635,2.765,-13.065));
#3800=CARTESIAN_POINT('Origin',(-2.635,10.,0.));
#3801=CARTESIAN_POINT('',(-2.635,2.765,-6.1));
#3802=CARTESIAN_POINT('',(-2.635,2.765,-9.1));
#3803=CARTESIAN_POINT('',(-2.635,2.765,-6.1));
#3804=CARTESIAN_POINT('Origin',(-1.565,2.765,-13.065));
#3805=CARTESIAN_POINT('',(-1.565,2.765,-13.065));
#3806=CARTESIAN_POINT('Origin',(-1.565,2.765,-13.065));
#3807=CARTESIAN_POINT('',(-1.565,2.765,-6.1));
#3808=CARTESIAN_POINT('Origin',(-1.565,2.465,-13.065));
#3809=CARTESIAN_POINT('',(-1.565,2.465,-13.365));
#3810=CARTESIAN_POINT('Origin',(-1.565,-3.6,-13.365));
#3811=CARTESIAN_POINT('',(-1.565,-3.6,-13.365));
#3812=CARTESIAN_POINT('Origin',(-1.565,-3.6,-14.435));
#3813=CARTESIAN_POINT('',(-1.565,-3.6,-14.435));
#3814=CARTESIAN_POINT('Origin',(-1.565,2.465,-14.435));
#3815=CARTESIAN_POINT('',(-1.565,2.465,-14.435));
#3816=CARTESIAN_POINT('Origin',(-1.565,2.465,-13.065));
#3817=CARTESIAN_POINT('Origin',(-1.565,2.765,-6.1));
#3818=CARTESIAN_POINT('Origin',(-1.565,6.965,-6.1));
#3819=CARTESIAN_POINT('Origin',(1.7,0.,0.));
#3820=CARTESIAN_POINT('',(1.7,11.4,-3.172484128936));
#3821=CARTESIAN_POINT('',(1.7,10.,-3.05));
#3822=CARTESIAN_POINT('',(1.7,11.4,-3.172484128936));
#3823=CARTESIAN_POINT('Origin',(-1.7,11.4,-3.172484128936));
#3824=CARTESIAN_POINT('',(-1.7,11.4,-3.172484128936));
#3825=CARTESIAN_POINT('Origin',(-1.7,10.,-3.05));
#3826=CARTESIAN_POINT('polyline point',(0.,0.4,-6.6));
#3827=CARTESIAN_POINT('polyline point',(0.,-2.9,-6.6));
#3828=CARTESIAN_POINT('Origin',(-2.77555756156289E-16,0.,-6.6));
#3829=CARTESIAN_POINT('Origin',(2.135,0.,-13.865));
#3830=CARTESIAN_POINT('Origin',(2.135,0.,-19.365));
#3831=CARTESIAN_POINT('Origin',(-2.065,0.,-13.865));
#3832=CARTESIAN_POINT('Origin',(-2.065,0.,-19.365));
#3833=UNCERTAINTY_MEASURE_WITH_UNIT(LENGTH_MEASURE(0.01),#3837,
'DISTANCE_ACCURACY_VALUE',
'Maximum model space distance between geometric entities at asserted c
onnectivities');
#3834=UNCERTAINTY_MEASURE_WITH_UNIT(LENGTH_MEASURE(0.01),#3837,
'DISTANCE_ACCURACY_VALUE',
'Maximum model space distance between geometric entities at asserted c
onnectivities');
#3835=(
GEOMETRIC_REPRESENTATION_CONTEXT(3)
GLOBAL_UNCERTAINTY_ASSIGNED_CONTEXT((#3833))
GLOBAL_UNIT_ASSIGNED_CONTEXT((#3837,#3839,#3840))
REPRESENTATION_CONTEXT('','3D')
);
#3836=(
GEOMETRIC_REPRESENTATION_CONTEXT(3)
GLOBAL_UNCERTAINTY_ASSIGNED_CONTEXT((#3834))
GLOBAL_UNIT_ASSIGNED_CONTEXT((#3837,#3839,#3840))
REPRESENTATION_CONTEXT('','3D')
);
#3837=(
LENGTH_UNIT()
NAMED_UNIT(*)
SI_UNIT(.MILLI.,.METRE.)
);
#3838=(
LENGTH_UNIT()
NAMED_UNIT(*)
SI_UNIT(.CENTI.,.METRE.)
);
#3839=(
NAMED_UNIT(*)
PLANE_ANGLE_UNIT()
SI_UNIT($,.RADIAN.)
);
#3840=(
NAMED_UNIT(*)
SI_UNIT($,.STERADIAN.)
SOLID_ANGLE_UNIT()
);
#3841=SHAPE_DEFINITION_REPRESENTATION(#3842,#3843);
#3842=PRODUCT_DEFINITION_SHAPE('',$,#3845);
#3843=SHAPE_REPRESENTATION('',(#2411),#3835);
#3844=PRODUCT_DEFINITION_CONTEXT('part definition',#3849,'design');
#3845=PRODUCT_DEFINITION('172448-0004','172448-0004',#3846,#3844);
#3846=PRODUCT_DEFINITION_FORMATION('1LAST_VERSION',$,#3851);
#3847=PRODUCT_RELATED_PRODUCT_CATEGORY('172448-0004','172448-0004',(#3851));
#3848=APPLICATION_PROTOCOL_DEFINITION('international standard',
'automotive_design',2009,#3849);
#3849=APPLICATION_CONTEXT(
'Core Data for Automotive Mechanical Design Process');
#3850=PRODUCT_CONTEXT('part definition',#3849,'mechanical');
#3851=PRODUCT('172448-0004','172448-0004',$,(#3850));
#3852=PRESENTATION_STYLE_ASSIGNMENT((#3858));
#3853=PRESENTATION_STYLE_ASSIGNMENT((#3859));
#3854=PRESENTATION_STYLE_ASSIGNMENT((#3860));
#3855=PRESENTATION_STYLE_ASSIGNMENT((#3861));
#3856=PRESENTATION_STYLE_ASSIGNMENT((#3862));
#3857=PRESENTATION_STYLE_ASSIGNMENT((#3863));
#3858=SURFACE_STYLE_USAGE(.BOTH.,#3874);
#3859=SURFACE_STYLE_USAGE(.BOTH.,#3875);
#3860=SURFACE_STYLE_USAGE(.BOTH.,#3876);
#3861=SURFACE_STYLE_USAGE(.BOTH.,#3877);
#3862=SURFACE_STYLE_USAGE(.BOTH.,#3878);
#3863=SURFACE_STYLE_USAGE(.BOTH.,#3879);
#3864=SURFACE_STYLE_RENDERING_WITH_PROPERTIES($,#3898,(#3869));
#3865=SURFACE_STYLE_RENDERING_WITH_PROPERTIES($,#3899,(#3870));
#3866=SURFACE_STYLE_RENDERING_WITH_PROPERTIES($,#3900,(#3871));
#3867=SURFACE_STYLE_RENDERING_WITH_PROPERTIES($,#3901,(#3872));
#3868=SURFACE_STYLE_RENDERING_WITH_PROPERTIES($,#3902,(#3873));
#3869=SURFACE_STYLE_TRANSPARENT(0.);
#3870=SURFACE_STYLE_TRANSPARENT(0.);
#3871=SURFACE_STYLE_TRANSPARENT(0.);
#3872=SURFACE_STYLE_TRANSPARENT(0.);
#3873=SURFACE_STYLE_TRANSPARENT(0.);
#3874=SURFACE_SIDE_STYLE('',(#3880,#3864));
#3875=SURFACE_SIDE_STYLE('',(#3881,#3865));
#3876=SURFACE_SIDE_STYLE('',(#3882,#3866));
#3877=SURFACE_SIDE_STYLE('',(#3883,#3867));
#3878=SURFACE_SIDE_STYLE('',(#3884,#3868));
#3879=SURFACE_SIDE_STYLE('',(#3885));
#3880=SURFACE_STYLE_FILL_AREA(#3886);
#3881=SURFACE_STYLE_FILL_AREA(#3887);
#3882=SURFACE_STYLE_FILL_AREA(#3888);
#3883=SURFACE_STYLE_FILL_AREA(#3889);
#3884=SURFACE_STYLE_FILL_AREA(#3890);
#3885=SURFACE_STYLE_FILL_AREA(#3891);
#3886=FILL_AREA_STYLE('',(#3892));
#3887=FILL_AREA_STYLE('',(#3893));
#3888=FILL_AREA_STYLE('',(#3894));
#3889=FILL_AREA_STYLE('',(#3895));
#3890=FILL_AREA_STYLE('',(#3896));
#3891=FILL_AREA_STYLE('',(#3897));
#3892=FILL_AREA_STYLE_COLOUR('',#3898);
#3893=FILL_AREA_STYLE_COLOUR('',#3899);
#3894=FILL_AREA_STYLE_COLOUR('',#3900);
#3895=FILL_AREA_STYLE_COLOUR('',#3901);
#3896=FILL_AREA_STYLE_COLOUR('',#3902);
#3897=FILL_AREA_STYLE_COLOUR('',#3903);
#3898=COLOUR_RGB('',0.749019607843137,0.749019607843137,0.749019607843137);
#3899=COLOUR_RGB('',0.258823529411765,0.258823529411765,0.258823529411765);
#3900=COLOUR_RGB('',0.956862745098039,0.956862745098039,0.956862745098039);
#3901=COLOUR_RGB('',0.411764705882353,0.411764705882353,0.411764705882353);
#3902=COLOUR_RGB('',0.0196078431372549,0.0196078431372549,0.0196078431372549);
#3903=COLOUR_RGB('',0.501960784313725,0.0941176470588235,1.);
ENDSEC;
END-ISO-10303-21;
