ISO-10303-21;
HEADER;
FILE_DESCRIPTION (( 'STEP AP214' ),
    '1' );
FILE_NAME ('AQ7538-08UTG.STEP',
    '2024-01-24T10:46:15',
    ( '' ),
    ( '' ),
    'SwSTEP 2.0',
    'SolidWorks 2021',
    '' );
FILE_SCHEMA (( 'AUTOMOTIVE_DESIGN' ));
ENDSEC;

DATA;
#1 = CARTESIAN_POINT ( 'NONE',  ( 0.1000000000000000333, 0.2599999999999999534, -0.2000000000000003997 ) ) ;
#2 = DIRECTION ( 'NONE',  ( 1.000000000000000000, 0.000000000000000000, -1.355252715606879310E-16 ) ) ;
#3 = SURFACE_SIDE_STYLE ('',( #2595 ) ) ;
#4 = ORIENTED_EDGE ( 'NONE', *, *, #697, .T. ) ;
#5 = DIRECTION ( 'NONE',  ( 0.000000000000000000, -0.000000000000000000, 1.000000000000000000 ) ) ;
#6 = FILL_AREA_STYLE_COLOUR ( '', #3306 ) ;
#7 = CARTESIAN_POINT ( 'NONE',  ( -1.199999999999999067, 0.2599999999999999534, 0.1999999999999999001 ) ) ;
#8 = VERTEX_POINT ( 'NONE', #3463 ) ;
#9 = DIRECTION ( 'NONE',  ( -0.000000000000000000, 1.000000000000000000, 0.000000000000000000 ) ) ;
#10 = DIRECTION ( 'NONE',  ( 0.000000000000000000, 0.000000000000000000, -1.000000000000000000 ) ) ;
#11 = FILL_AREA_STYLE ('',( #2073 ) ) ;
#12 = DIRECTION ( 'NONE',  ( -1.000000000000000000, 0.000000000000000000, -0.000000000000000000 ) ) ;
#13 = CARTESIAN_POINT ( 'NONE',  ( 1.600000000000000089, 0.1099999999999999867, -0.1999999999999999278 ) ) ;
#14 = CLOSED_SHELL ( 'NONE', ( #1052, #622, #132, #3748, #413, #1537 ) ) ;
#15 = VECTOR ( 'NONE', #1966, 1000.000000000000000 ) ;
#16 = EDGE_LOOP ( 'NONE', ( #2450, #3446, #1307, #289 ) ) ;
#17 = UNCERTAINTY_MEASURE_WITH_UNIT (LENGTH_MEASURE( 1.000000000000000082E-05 ), #2277, 'distance_accuracy_value', 'NONE');
#18 =( NAMED_UNIT ( * ) PLANE_ANGLE_UNIT ( ) SI_UNIT ( $, .RADIAN. ) );
#19 = DIRECTION ( 'NONE',  ( 1.807003620809174139E-16, 0.000000000000000000, 1.000000000000000000 ) ) ;
#20 = COLOUR_RGB ( '',1.000000000000000000, 1.000000000000000000, 1.000000000000000000 ) ;
#21 = PRESENTATION_LAYER_ASSIGNMENT (  '', '', ( #556 ) ) ;
#22 = ORIENTED_EDGE ( 'NONE', *, *, #2045, .T. ) ;
#23 = VECTOR ( 'NONE', #2004, 1000.000000000000000 ) ;
#24 = AXIS2_PLACEMENT_3D ( 'NONE', #3676, #3344, #478 ) ;
#25 = LINE ( 'NONE', #2016, #2885 ) ;
#26 = SURFACE_STYLE_USAGE ( .BOTH. , #3263 ) ;
#27 =( NAMED_UNIT ( * ) SI_UNIT ( $, .STERADIAN. ) SOLID_ANGLE_UNIT ( ) );
#28 = VECTOR ( 'NONE', #3701, 1000.000000000000000 ) ;
#29 = ADVANCED_FACE ( 'NONE', ( #2006 ), #2256, .F. ) ;
#30 =( GEOMETRIC_REPRESENTATION_CONTEXT ( 3 ) GLOBAL_UNCERTAINTY_ASSIGNED_CONTEXT ( ( #2561 ) ) GLOBAL_UNIT_ASSIGNED_CONTEXT ( ( #3041, #3025, #988 ) ) REPRESENTATION_CONTEXT ( 'NONE', 'WORKASPACE' ) );
#31 = COLOUR_RGB ( '',1.000000000000000000, 1.000000000000000000, 1.000000000000000000 ) ;
#32 = FACE_OUTER_BOUND ( 'NONE', #1842, .T. ) ;
#33 = EDGE_CURVE ( 'NONE', #703, #1740, #2030, .T. ) ;
#34 = MECHANICAL_DESIGN_GEOMETRIC_PRESENTATION_REPRESENTATION (  '', ( #275 ), #885 ) ;
#35 = COLOUR_RGB ( '',1.000000000000000000, 1.000000000000000000, 1.000000000000000000 ) ;
#36 = VERTEX_POINT ( 'NONE', #3578 ) ;
#37 = LINE ( 'NONE', #2709, #3603 ) ;
#38 = AXIS2_PLACEMENT_3D ( 'NONE', #744, #2266, #480 ) ;
#39 = DIRECTION ( 'NONE',  ( 1.000000000000000000, 0.000000000000000000, -3.614007241618347292E-16 ) ) ;
#40 = SURFACE_STYLE_FILL_AREA ( #3629 ) ;
#41 =( GEOMETRIC_REPRESENTATION_CONTEXT ( 3 ) GLOBAL_UNCERTAINTY_ASSIGNED_CONTEXT ( ( #2830 ) ) GLOBAL_UNIT_ASSIGNED_CONTEXT ( ( #1641, #3693, #476 ) ) REPRESENTATION_CONTEXT ( 'NONE', 'WORKASPACE' ) );
#42 = EDGE_LOOP ( 'NONE', ( #832, #1345, #3390, #2924 ) ) ;
#43 = ORIENTED_EDGE ( 'NONE', *, *, #1679, .T. ) ;
#44 = DIRECTION ( 'NONE',  ( -1.000000000000000000, 0.000000000000000000, 0.000000000000000000 ) ) ;
#45 = CARTESIAN_POINT ( 'NONE',  ( 0.000000000000000000, 0.1099999999999999867, 0.000000000000000000 ) ) ;
#46 =( NAMED_UNIT ( * ) PLANE_ANGLE_UNIT ( ) SI_UNIT ( $, .RADIAN. ) );
#47 = EDGE_CURVE ( 'NONE', #1479, #3232, #962, .T. ) ;
#48 = DIRECTION ( 'NONE',  ( -1.355252715606880049E-16, 0.000000000000000000, -1.000000000000000000 ) ) ;
#49 = LINE ( 'NONE', #1760, #1313 ) ;
#50 =( NAMED_UNIT ( * ) SI_UNIT ( $, .STERADIAN. ) SOLID_ANGLE_UNIT ( ) );
#51 = ADVANCED_FACE ( 'NONE', ( #1269 ), #2999, .F. ) ;
#52 = ORIENTED_EDGE ( 'NONE', *, *, #1997, .T. ) ;
#53 = LINE ( 'NONE', #922, #2390 ) ;
#54 = DIRECTION ( 'NONE',  ( -0.000000000000000000, -1.000000000000000000, -0.000000000000000000 ) ) ;
#55 = ORIENTED_EDGE ( 'NONE', *, *, #1421, .T. ) ;
#56 = ORIENTED_EDGE ( 'NONE', *, *, #2599, .T. ) ;
#57 =( NAMED_UNIT ( * ) SI_UNIT ( $, .STERADIAN. ) SOLID_ANGLE_UNIT ( ) );
#58 = DIRECTION ( 'NONE',  ( 0.000000000000000000, 0.000000000000000000, 1.000000000000000000 ) ) ;
#59 = DIRECTION ( 'NONE',  ( 1.000000000000000000, 0.000000000000000000, -0.000000000000000000 ) ) ;
#60 = ORIENTED_EDGE ( 'NONE', *, *, #1792, .F. ) ;
#61 = SURFACE_SIDE_STYLE ('',( #2626 ) ) ;
#62 = LINE ( 'NONE', #2439, #2755 ) ;
#63 = VERTEX_POINT ( 'NONE', #1229 ) ;
#64 = EDGE_CURVE ( 'NONE', #3217, #1353, #1481, .T. ) ;
#65 = CLOSED_SHELL ( 'NONE', ( #430, #2519, #1513, #2767, #1125, #2788 ) ) ;
#66 = DIRECTION ( 'NONE',  ( -0.000000000000000000, -0.000000000000000000, -1.000000000000000000 ) ) ;
#67 = ORIENTED_EDGE ( 'NONE', *, *, #2775, .F. ) ;
#68 = ADVANCED_FACE ( 'NONE', ( #2064 ), #1785, .F. ) ;
#69 = ORIENTED_EDGE ( 'NONE', *, *, #1122, .T. ) ;
#70 = VECTOR ( 'NONE', #2784, 1000.000000000000000 ) ;
#71 = FACE_OUTER_BOUND ( 'NONE', #2576, .T. ) ;
#72 = MECHANICAL_DESIGN_GEOMETRIC_PRESENTATION_REPRESENTATION (  '', ( #626 ), #1485 ) ;
#73 =( GEOMETRIC_REPRESENTATION_CONTEXT ( 3 ) GLOBAL_UNCERTAINTY_ASSIGNED_CONTEXT ( ( #3753 ) ) GLOBAL_UNIT_ASSIGNED_CONTEXT ( ( #2680, #46, #3345 ) ) REPRESENTATION_CONTEXT ( 'NONE', 'WORKASPACE' ) );
#74 = DIRECTION ( 'NONE',  ( 1.000000000000000000, 0.000000000000000000, -0.000000000000000000 ) ) ;
#75 = FACE_OUTER_BOUND ( 'NONE', #712, .T. ) ;
#76 = ORIENTED_EDGE ( 'NONE', *, *, #2323, .T. ) ;
#77 = PRESENTATION_LAYER_ASSIGNMENT (  '', '', ( #379 ) ) ;
#78 =( NAMED_UNIT ( * ) PLANE_ANGLE_UNIT ( ) SI_UNIT ( $, .RADIAN. ) );
#79 =( GEOMETRIC_REPRESENTATION_CONTEXT ( 3 ) GLOBAL_UNCERTAINTY_ASSIGNED_CONTEXT ( ( #1735 ) ) GLOBAL_UNIT_ASSIGNED_CONTEXT ( ( #2479, #3031, #435 ) ) REPRESENTATION_CONTEXT ( 'NONE', 'WORKASPACE' ) );
#80 = FILL_AREA_STYLE_COLOUR ( '', #3058 ) ;
#81 = CARTESIAN_POINT ( 'NONE',  ( -0.8999999999999991340, 0.1099999999999999867, -0.2000000000000003719 ) ) ;
#82 = VECTOR ( 'NONE', #2727, 1000.000000000000000 ) ;
#83 = AXIS2_PLACEMENT_3D ( 'NONE', #1282, #1850, #3014 ) ;
#84 = DIRECTION ( 'NONE',  ( 1.000000000000000000, 0.000000000000000000, -7.228014483236695569E-16 ) ) ;
#85 = VECTOR ( 'NONE', #1250, 1000.000000000000000 ) ;
#86 = CARTESIAN_POINT ( 'NONE',  ( -1.199999999999999067, 0.2400000000000000189, 0.1999999999999999001 ) ) ;
#87 = ORIENTED_EDGE ( 'NONE', *, *, #816, .T. ) ;
#88 = UNCERTAINTY_MEASURE_WITH_UNIT (LENGTH_MEASURE( 1.000000000000000082E-05 ), #2468, 'distance_accuracy_value', 'NONE');
#89 =( GEOMETRIC_REPRESENTATION_CONTEXT ( 3 ) GLOBAL_UNCERTAINTY_ASSIGNED_CONTEXT ( ( #356 ) ) GLOBAL_UNIT_ASSIGNED_CONTEXT ( ( #3150, #2301, #2600 ) ) REPRESENTATION_CONTEXT ( 'NONE', 'WORKASPACE' ) );
#90 = PLANE ( 'NONE',  #3374 ) ;
#91 = EDGE_CURVE ( 'NONE', #170, #1628, #2412, .T. ) ;
#92 = VECTOR ( 'NONE', #2175, 1000.000000000000000 ) ;
#93 = VERTEX_POINT ( 'NONE', #3289 ) ;
#94 = EDGE_CURVE ( 'NONE', #3312, #453, #3227, .T. ) ;
#95 = EDGE_CURVE ( 'NONE', #3560, #3343, #37, .T. ) ;
#96 = VECTOR ( 'NONE', #1449, 1000.000000000000000 ) ;
#97 = CARTESIAN_POINT ( 'NONE',  ( -0.2999999999999988232, 0.1099999999999999867, 0.4999999999999998890 ) ) ;
#98 = LINE ( 'NONE', #2431, #1198 ) ;
#99 = EDGE_LOOP ( 'NONE', ( #2069, #3481, #2996, #1669 ) ) ;
#100 = VECTOR ( 'NONE', #414, 1000.000000000000000 ) ;
#101 =( NAMED_UNIT ( * ) SI_UNIT ( $, .STERADIAN. ) SOLID_ANGLE_UNIT ( ) );
#102 =( NAMED_UNIT ( * ) SI_UNIT ( $, .STERADIAN. ) SOLID_ANGLE_UNIT ( ) );
#103 = LINE ( 'NONE', #3348, #2694 ) ;
#104 = EDGE_LOOP ( 'NONE', ( #2839, #3079, #477, #2362 ) ) ;
#105 = CARTESIAN_POINT ( 'NONE',  ( 0.1000000000000000056, 0.2599999999999999534, -0.5000000000000003331 ) ) ;
#106 = ORIENTED_EDGE ( 'NONE', *, *, #1001, .T. ) ;
#107 = ORIENTED_EDGE ( 'NONE', *, *, #2180, .F. ) ;
#108 = FACE_OUTER_BOUND ( 'NONE', #3226, .T. ) ;
#109 = SURFACE_SIDE_STYLE ('',( #2716 ) ) ;
#110 = DIRECTION ( 'NONE',  ( 0.000000000000000000, 0.000000000000000000, -1.000000000000000000 ) ) ;
#111 = ORIENTED_EDGE ( 'NONE', *, *, #1169, .T. ) ;
#112 = DIRECTION ( 'NONE',  ( -0.000000000000000000, -0.000000000000000000, 1.000000000000000000 ) ) ;
#113 = DIRECTION ( 'NONE',  ( 1.000000000000000000, 0.000000000000000000, -1.355252715606880789E-16 ) ) ;
#114 = CARTESIAN_POINT ( 'NONE',  ( 1.800000000000000266, 0.1099999999999999867, -0.5000000000000002220 ) ) ;
#115 = CARTESIAN_POINT ( 'NONE',  ( -0.6999999999999989564, 0.2599999999999999534, -0.2000000000000003997 ) ) ;
#116 = ORIENTED_EDGE ( 'NONE', *, *, #1116, .T. ) ;
#117 = CARTESIAN_POINT ( 'NONE',  ( -0.4999999999999990563, 0.1099999999999999867, 0.4999999999999998890 ) ) ;
#118 =( NAMED_UNIT ( * ) SI_UNIT ( $, .STERADIAN. ) SOLID_ANGLE_UNIT ( ) );
#119 = UNCERTAINTY_MEASURE_WITH_UNIT (LENGTH_MEASURE( 1.000000000000000082E-05 ), #2125, 'distance_accuracy_value', 'NONE');
#120 = PRESENTATION_STYLE_ASSIGNMENT (( #3564 ) ) ;
#121 = CARTESIAN_POINT ( 'NONE',  ( 1.400000000000001021, 0.2599999999999999534, 0.4999999999999997780 ) ) ;
#122 = ORIENTED_EDGE ( 'NONE', *, *, #3160, .T. ) ;
#123 = VERTEX_POINT ( 'NONE', #1213 ) ;
#124 = DIRECTION ( 'NONE',  ( 3.614007241618347785E-16, 0.000000000000000000, -1.000000000000000000 ) ) ;
#125 = VECTOR ( 'NONE', #2787, 1000.000000000000000 ) ;
#126 = SURFACE_SIDE_STYLE ('',( #762 ) ) ;
#127 = AXIS2_PLACEMENT_3D ( 'NONE', #3037, #753, #1915 ) ;
#128 = FILL_AREA_STYLE ('',( #3011 ) ) ;
#129 = ORIENTED_EDGE ( 'NONE', *, *, #1152, .T. ) ;
#130 = LINE ( 'NONE', #1015, #553 ) ;
#131 = VECTOR ( 'NONE', #3353, 1000.000000000000000 ) ;
#132 = ADVANCED_FACE ( 'NONE', ( #2637 ), #946, .F. ) ;
#133 = DIRECTION ( 'NONE',  ( -7.228014483236695569E-16, 0.000000000000000000, -1.000000000000000000 ) ) ;
#134 = VECTOR ( 'NONE', #3469, 1000.000000000000000 ) ;
#135 = DIRECTION ( 'NONE',  ( -1.000000000000000000, 0.000000000000000000, 0.000000000000000000 ) ) ;
#136 = EDGE_CURVE ( 'NONE', #2181, #453, #3337, .T. ) ;
#137 = STYLED_ITEM ( 'NONE', ( #951 ), #1052 ) ;
#138 = PLANE ( 'NONE',  #510 ) ;
#139 = EDGE_CURVE ( 'NONE', #3249, #2110, #1327, .T. ) ;
#140 = PRESENTATION_STYLE_ASSIGNMENT (( #2745 ) ) ;
#141 = ORIENTED_EDGE ( 'NONE', *, *, #2956, .F. ) ;
#142 = AXIS2_PLACEMENT_3D ( 'NONE', #3592, #3035, #652 ) ;
#143 = FILL_AREA_STYLE_COLOUR ( '', #608 ) ;
#144 = COLOUR_RGB ( '',1.000000000000000000, 1.000000000000000000, 1.000000000000000000 ) ;
#145 = VECTOR ( 'NONE', #3760, 1000.000000000000000 ) ;
#146 = ORIENTED_EDGE ( 'NONE', *, *, #1818, .F. ) ;
#147 = VERTEX_POINT ( 'NONE', #1308 ) ;
#148 = VECTOR ( 'NONE', #3755, 1000.000000000000000 ) ;
#149 =( LENGTH_UNIT ( ) NAMED_UNIT ( * ) SI_UNIT ( .MILLI., .METRE. ) );
#150 = VECTOR ( 'NONE', #1340, 1000.000000000000000 ) ;
#151 = FILL_AREA_STYLE_COLOUR ( '', #1012 ) ;
#152 = ORIENTED_EDGE ( 'NONE', *, *, #3356, .T. ) ;
#153 = CARTESIAN_POINT ( 'NONE',  ( 0.3000000000000009326, 0.2599999999999999534, 0.1999999999999999833 ) ) ;
#154 =( GEOMETRIC_REPRESENTATION_CONTEXT ( 3 ) GLOBAL_UNCERTAINTY_ASSIGNED_CONTEXT ( ( #729 ) ) GLOBAL_UNIT_ASSIGNED_CONTEXT ( ( #974, #2154, #2132 ) ) REPRESENTATION_CONTEXT ( 'NONE', 'WORKASPACE' ) );
#155 =( LENGTH_UNIT ( ) NAMED_UNIT ( * ) SI_UNIT ( .MILLI., .METRE. ) );
#156 = LINE ( 'NONE', #1609, #1196 ) ;
#157 = AXIS2_PLACEMENT_3D ( 'NONE', #737, #1955, #2168 ) ;
#158 = DIRECTION ( 'NONE',  ( 1.000000000000000000, 0.000000000000000000, -1.355252715606880049E-16 ) ) ;
#159 = CARTESIAN_POINT ( 'NONE',  ( 0.9000000000000002442, 0.2599999999999999534, -0.5000000000000000000 ) ) ;
#160 = FACE_OUTER_BOUND ( 'NONE', #2150, .T. ) ;
#161 = EDGE_CURVE ( 'NONE', #2852, #2470, #2486, .T. ) ;
#162 = ORIENTED_EDGE ( 'NONE', *, *, #929, .T. ) ;
#163 = CARTESIAN_POINT ( 'NONE',  ( 0.9000000000000002442, 0.1099999999999999867, -0.5000000000000000000 ) ) ;
#164 = CARTESIAN_POINT ( 'NONE',  ( -1.199999999999999067, 0.2400000000000000189, 0.1999999999999999001 ) ) ;
#165 = VERTEX_POINT ( 'NONE', #448 ) ;
#166 = ORIENTED_EDGE ( 'NONE', *, *, #305, .F. ) ;
#167 = DIRECTION ( 'NONE',  ( -0.000000000000000000, -1.000000000000000000, -0.000000000000000000 ) ) ;
#168 = DIRECTION ( 'NONE',  ( -1.000000000000000000, 0.000000000000000000, 0.000000000000000000 ) ) ;
#169 = CARTESIAN_POINT ( 'NONE',  ( 1.600000000000000089, 0.1099999999999999867, -0.1999999999999999278 ) ) ;
#170 = VERTEX_POINT ( 'NONE', #1576 ) ;
#171 = DIRECTION ( 'NONE',  ( -0.000000000000000000, -1.000000000000000000, -0.000000000000000000 ) ) ;
#172 =( LENGTH_UNIT ( ) NAMED_UNIT ( * ) SI_UNIT ( .MILLI., .METRE. ) );
#173 = CARTESIAN_POINT ( 'NONE',  ( 0.3000000000000009326, 0.1099999999999999867, 0.1999999999999999833 ) ) ;
#174 = CARTESIAN_POINT ( 'NONE',  ( -0.4999999999999990563, 0.2599999999999999534, 0.4999999999999998890 ) ) ;
#175 =( NAMED_UNIT ( * ) PLANE_ANGLE_UNIT ( ) SI_UNIT ( $, .RADIAN. ) );
#176 = ORIENTED_EDGE ( 'NONE', *, *, #255, .T. ) ;
#177 = CARTESIAN_POINT ( 'NONE',  ( -0.09999999999999995004, 0.1099999999999999867, -0.2000000000000003719 ) ) ;
#178 =( NAMED_UNIT ( * ) PLANE_ANGLE_UNIT ( ) SI_UNIT ( $, .RADIAN. ) );
#179 = DIRECTION ( 'NONE',  ( -1.000000000000000000, 0.000000000000000000, 1.355252715606880049E-16 ) ) ;
#180 = ADVANCED_FACE ( 'NONE', ( #3392 ), #3019, .F. ) ;
#181 = ORIENTED_EDGE ( 'NONE', *, *, #433, .T. ) ;
#182 = EDGE_LOOP ( 'NONE', ( #1790, #618, #2143, #1802 ) ) ;
#183 = CARTESIAN_POINT ( 'NONE',  ( -0.2999999999999988232, 0.1099999999999999867, 0.4999999999999998890 ) ) ;
#184 = CARTESIAN_POINT ( 'NONE',  ( 0.6999999999999998446, 0.1099999999999999867, -0.5000000000000000000 ) ) ;
#185 = EDGE_CURVE ( 'NONE', #2812, #63, #2806, .T. ) ;
#186 = ORIENTED_EDGE ( 'NONE', *, *, #697, .F. ) ;
#187 = CARTESIAN_POINT ( 'NONE',  ( 1.400000000000001021, 0.1099999999999999867, 0.4999999999999997780 ) ) ;
#188 = PRESENTATION_LAYER_ASSIGNMENT (  '', '', ( #2318 ) ) ;
#189 =( LENGTH_UNIT ( ) NAMED_UNIT ( * ) SI_UNIT ( .MILLI., .METRE. ) );
#190 = CARTESIAN_POINT ( 'NONE',  ( -1.599999999999999867, 0.2599999999999999534, -0.2000000000000003997 ) ) ;
#191 = VECTOR ( 'NONE', #2846, 1000.000000000000000 ) ;
#192 = CARTESIAN_POINT ( 'NONE',  ( -0.6999999999999990674, 0.1099999999999999867, -0.5000000000000001110 ) ) ;
#193 = VECTOR ( 'NONE', #3759, 1000.000000000000000 ) ;
#194 = LINE ( 'NONE', #3123, #2219 ) ;
#195 = ORIENTED_EDGE ( 'NONE', *, *, #2013, .T. ) ;
#196 = PRESENTATION_STYLE_ASSIGNMENT (( #728 ) ) ;
#197 = VECTOR ( 'NONE', #2653, 1000.000000000000000 ) ;
#198 = PRESENTATION_LAYER_ASSIGNMENT (  '', '', ( #679 ) ) ;
#199 =( NAMED_UNIT ( * ) SI_UNIT ( $, .STERADIAN. ) SOLID_ANGLE_UNIT ( ) );
#200 = VECTOR ( 'NONE', #2785, 1000.000000000000000 ) ;
#201 = VERTEX_POINT ( 'NONE', #117 ) ;
#202 = EDGE_LOOP ( 'NONE', ( #1949, #1197, #1024, #979 ) ) ;
#203 = CARTESIAN_POINT ( 'NONE',  ( 0.5000000000000013323, 0.2599999999999999534, 0.4999999999999998890 ) ) ;
#204 = VECTOR ( 'NONE', #1773, 1000.000000000000000 ) ;
#205 = ADVANCED_FACE ( 'NONE', ( #2217 ), #772, .F. ) ;
#206 = CARTESIAN_POINT ( 'NONE',  ( 0.5000000000000006661, 0.2400000000000000189, 0.5000000000000000000 ) ) ;
#207 = LINE ( 'NONE', #240, #2080 ) ;
#208 = ORIENTED_EDGE ( 'NONE', *, *, #1930, .F. ) ;
#209 = EDGE_CURVE ( 'NONE', #774, #3560, #3076, .T. ) ;
#210 = ADVANCED_FACE ( 'NONE', ( #469 ), #1636, .F. ) ;
#211 = VECTOR ( 'NONE', #1157, 1000.000000000000000 ) ;
#212 = COLOUR_RGB ( '',0.2980392156862745057, 0.2980392156862745057, 0.2980392156862745057 ) ;
#213 =( NAMED_UNIT ( * ) PLANE_ANGLE_UNIT ( ) SI_UNIT ( $, .RADIAN. ) );
#214 = LINE ( 'NONE', #466, #200 ) ;
#215 = PRESENTATION_LAYER_ASSIGNMENT (  '', '', ( #2286 ) ) ;
#216 = ORIENTED_EDGE ( 'NONE', *, *, #64, .T. ) ;
#217 = SURFACE_STYLE_USAGE ( .BOTH. , #2829 ) ;
#218 = VECTOR ( 'NONE', #3571, 1000.000000000000000 ) ;
#219 = CARTESIAN_POINT ( 'NONE',  ( -1.800000000000000044, 0.1099999999999999867, -0.5000000000000000000 ) ) ;
#220 = ORIENTED_EDGE ( 'NONE', *, *, #3681, .F. ) ;
#221 = VERTEX_POINT ( 'NONE', #1083 ) ;
#222 = CARTESIAN_POINT ( 'NONE',  ( 1.400000000000001021, 0.2599999999999999534, 0.1999999999999999001 ) ) ;
#223 = SURFACE_STYLE_USAGE ( .BOTH. , #1602 ) ;
#224 = CARTESIAN_POINT ( 'NONE',  ( 0.3000000000000009326, 0.1099999999999999867, 0.5000000000000000000 ) ) ;
#225 = VERTEX_POINT ( 'NONE', #1859 ) ;
#226 = CARTESIAN_POINT ( 'NONE',  ( 1.200000000000001066, 0.1099999999999999867, 0.1999999999999999278 ) ) ;
#227 = EDGE_CURVE ( 'NONE', #415, #2025, #408, .T. ) ;
#228 = DIRECTION ( 'NONE',  ( -0.000000000000000000, 1.000000000000000000, 0.000000000000000000 ) ) ;
#229 = DIRECTION ( 'NONE',  ( 0.000000000000000000, 0.000000000000000000, 1.000000000000000000 ) ) ;
#230 = DIRECTION ( 'NONE',  ( -0.000000000000000000, -1.000000000000000000, -0.000000000000000000 ) ) ;
#231 =( NAMED_UNIT ( * ) PLANE_ANGLE_UNIT ( ) SI_UNIT ( $, .RADIAN. ) );
#232 = EDGE_LOOP ( 'NONE', ( #3129, #2964, #1228, #2871 ) ) ;
#233 = DIRECTION ( 'NONE',  ( -3.614007241618351729E-16, -0.000000000000000000, -1.000000000000000000 ) ) ;
#234 = CARTESIAN_POINT ( 'NONE',  ( -1.899999999999999467, -0.2400000000000000189, 0.5000000000000000000 ) ) ;
#235 = SURFACE_STYLE_USAGE ( .BOTH. , #2253 ) ;
#236 = ORIENTED_EDGE ( 'NONE', *, *, #1023, .F. ) ;
#237 = VERTEX_POINT ( 'NONE', #1672 ) ;
#238 = UNCERTAINTY_MEASURE_WITH_UNIT (LENGTH_MEASURE( 1.000000000000000082E-05 ), #2739, 'distance_accuracy_value', 'NONE');
#239 = CARTESIAN_POINT ( 'NONE',  ( 0.9000000000000002442, 0.2400000000000000189, -0.5000000000000000000 ) ) ;
#240 = CARTESIAN_POINT ( 'NONE',  ( -1.599999999999999867, 0.1099999999999999867, -0.5000000000000000000 ) ) ;
#241 = VERTEX_POINT ( 'NONE', #299 ) ;
#242 = PLANE ( 'NONE',  #2571 ) ;
#243 = DIRECTION ( 'NONE',  ( -0.000000000000000000, -1.000000000000000000, -0.000000000000000000 ) ) ;
#244 = FACE_OUTER_BOUND ( 'NONE', #2888, .T. ) ;
#245 = FACE_OUTER_BOUND ( 'NONE', #788, .T. ) ;
#246 = DIRECTION ( 'NONE',  ( -0.000000000000000000, 1.000000000000000000, -0.000000000000000000 ) ) ;
#247 = DIRECTION ( 'NONE',  ( 1.000000000000000000, 0.000000000000000000, 0.000000000000000000 ) ) ;
#248 = AXIS2_PLACEMENT_3D ( 'NONE', #2772, #2177, #3613 ) ;
#249 = EDGE_CURVE ( 'NONE', #2470, #2534, #572, .T. ) ;
#250 = FILL_AREA_STYLE_COLOUR ( '', #1796 ) ;
#251 = MECHANICAL_DESIGN_GEOMETRIC_PRESENTATION_REPRESENTATION (  '', ( #3364 ), #3661 ) ;
#252 = ORIENTED_EDGE ( 'NONE', *, *, #2117, .F. ) ;
#253 = DIRECTION ( 'NONE',  ( 1.000000000000000000, 0.000000000000000000, -9.035018104045873159E-17 ) ) ;
#254 = EDGE_CURVE ( 'NONE', #1628, #2524, #1692, .T. ) ;
#255 = EDGE_CURVE ( 'NONE', #432, #1595, #2862, .T. ) ;
#256 = AXIS2_PLACEMENT_3D ( 'NONE', #3279, #3570, #1774 ) ;
#257 = VECTOR ( 'NONE', #1961, 1000.000000000000000 ) ;
#258 = FILL_AREA_STYLE_COLOUR ( '', #2329 ) ;
#259 = VERTEX_POINT ( 'NONE', #1 ) ;
#260 = VECTOR ( 'NONE', #2655, 1000.000000000000000 ) ;
#261 = SURFACE_STYLE_FILL_AREA ( #3725 ) ;
#262 = VECTOR ( 'NONE', #1885, 1000.000000000000000 ) ;
#263 = SURFACE_STYLE_FILL_AREA ( #1991 ) ;
#264 = STYLED_ITEM ( 'NONE', ( #3194 ), #2057 ) ;
#265 = CARTESIAN_POINT ( 'NONE',  ( -0.2999999999999989342, 0.1099999999999999867, 0.1999999999999999001 ) ) ;
#266 = SHAPE_DEFINITION_REPRESENTATION ( #3391, #3350 ) ;
#267 = CARTESIAN_POINT ( 'NONE',  ( 1.200000000000001066, 0.2599999999999999534, 0.1999999999999999278 ) ) ;
#268 = ORIENTED_EDGE ( 'NONE', *, *, #2975, .T. ) ;
#269 = DIRECTION ( 'NONE',  ( -0.000000000000000000, 1.000000000000000000, 0.000000000000000000 ) ) ;
#270 = PRESENTATION_LAYER_ASSIGNMENT (  '', '', ( #3378 ) ) ;
#271 = CARTESIAN_POINT ( 'NONE',  ( -0.1000000000000000056, 0.2599999999999999534, -0.5000000000000003331 ) ) ;
#272 = DIRECTION ( 'NONE',  ( -0.000000000000000000, 1.000000000000000000, -0.000000000000000000 ) ) ;
#273 = DIRECTION ( 'NONE',  ( 0.000000000000000000, -0.000000000000000000, 1.000000000000000000 ) ) ;
#274 = PRESENTATION_STYLE_ASSIGNMENT (( #825 ) ) ;
#275 = STYLED_ITEM ( 'NONE', ( #1793 ), #2767 ) ;
#276 = VECTOR ( 'NONE', #3501, 1000.000000000000000 ) ;
#277 = ORIENTED_EDGE ( 'NONE', *, *, #2396, .T. ) ;
#278 = CARTESIAN_POINT ( 'NONE',  ( -0.2999999999999989342, 0.2599999999999999534, 0.1999999999999999001 ) ) ;
#279 = PLANE ( 'NONE',  #318 ) ;
#280 = STYLED_ITEM ( 'NONE', ( #1960 ), #3453 ) ;
#281 = PLANE ( 'NONE',  #142 ) ;
#282 = EDGE_CURVE ( 'NONE', #1647, #364, #1454, .T. ) ;
#283 = EDGE_LOOP ( 'NONE', ( #732, #2398, #472, #3630 ) ) ;
#284 = AXIS2_PLACEMENT_3D ( 'NONE', #2384, #59, #913 ) ;
#285 =( LENGTH_UNIT ( ) NAMED_UNIT ( * ) SI_UNIT ( .MILLI., .METRE. ) );
#286 = CARTESIAN_POINT ( 'NONE',  ( 1.800000000000000266, 0.2599999999999999534, -0.5000000000000002220 ) ) ;
#287 = UNCERTAINTY_MEASURE_WITH_UNIT (LENGTH_MEASURE( 1.000000000000000082E-05 ), #1156, 'distance_accuracy_value', 'NONE');
#288 = SURFACE_STYLE_USAGE ( .BOTH. , #2374 ) ;
#289 = ORIENTED_EDGE ( 'NONE', *, *, #1348, .T. ) ;
#290 =( LENGTH_UNIT ( ) NAMED_UNIT ( * ) SI_UNIT ( .MILLI., .METRE. ) );
#291 = CARTESIAN_POINT ( 'NONE',  ( -1.199999999999998845, 0.1099999999999999867, 0.5000000000000000000 ) ) ;
#292 = PLANE ( 'NONE',  #2707 ) ;
#293 = FILL_AREA_STYLE_COLOUR ( '', #144 ) ;
#294 = LINE ( 'NONE', #646, #2565 ) ;
#295 = CARTESIAN_POINT ( 'NONE',  ( -1.800000000000000044, 0.1099999999999999867, -0.5000000000000000000 ) ) ;
#296 = FACE_OUTER_BOUND ( 'NONE', #182, .T. ) ;
#297 = SURFACE_SIDE_STYLE ('',( #1411 ) ) ;
#298 = EDGE_LOOP ( 'NONE', ( #3466, #1385, #3757, #2001 ) ) ;
#299 = CARTESIAN_POINT ( 'NONE',  ( 0.5000000000000013323, 0.1099999999999999867, 0.4999999999999998890 ) ) ;
#300 = DIRECTION ( 'NONE',  ( 1.000000000000000000, 0.000000000000000000, -1.355252715606881036E-16 ) ) ;
#301 = CARTESIAN_POINT ( 'NONE',  ( -1.899999999999999467, 0.2400000000000000189, 0.5000000000000000000 ) ) ;
#302 = VERTEX_POINT ( 'NONE', #1381 ) ;
#303 = ORIENTED_EDGE ( 'NONE', *, *, #136, .F. ) ;
#304 = DIRECTION ( 'NONE',  ( 1.000000000000000000, 0.000000000000000000, -1.355252715606880049E-16 ) ) ;
#305 = EDGE_CURVE ( 'NONE', #2476, #3005, #1177, .T. ) ;
#306 = VERTEX_POINT ( 'NONE', #2276 ) ;
#307 =( NAMED_UNIT ( * ) SI_UNIT ( $, .STERADIAN. ) SOLID_ANGLE_UNIT ( ) );
#308 = EDGE_CURVE ( 'NONE', #3522, #1989, #1696, .T. ) ;
#309 = DIRECTION ( 'NONE',  ( 0.000000000000000000, -0.000000000000000000, 1.000000000000000000 ) ) ;
#310 = FILL_AREA_STYLE_COLOUR ( '', #1898 ) ;
#311 = PLANE ( 'NONE',  #440 ) ;
#312 = DIRECTION ( 'NONE',  ( 0.000000000000000000, 0.000000000000000000, 1.000000000000000000 ) ) ;
#313 = STYLED_ITEM ( 'NONE', ( #2137 ), #132 ) ;
#314 =( GEOMETRIC_REPRESENTATION_CONTEXT ( 3 ) GLOBAL_UNCERTAINTY_ASSIGNED_CONTEXT ( ( #3485 ) ) GLOBAL_UNIT_ASSIGNED_CONTEXT ( ( #904, #1209, #632 ) ) REPRESENTATION_CONTEXT ( 'NONE', 'WORKASPACE' ) );
#315 = ORIENTED_EDGE ( 'NONE', *, *, #2734, .F. ) ;
#316 = SURFACE_STYLE_USAGE ( .BOTH. , #373 ) ;
#317 = CARTESIAN_POINT ( 'NONE',  ( -0.8999999999999991340, 0.2599999999999999534, -0.5000000000000001110 ) ) ;
#318 = AXIS2_PLACEMENT_3D ( 'NONE', #2594, #591, #2 ) ;
#319 = AXIS2_PLACEMENT_3D ( 'NONE', #1080, #3716, #3763 ) ;
#320 = CARTESIAN_POINT ( 'NONE',  ( 1.600000000000000089, 0.1099999999999999867, -0.1999999999999999278 ) ) ;
#321 = MECHANICAL_DESIGN_GEOMETRIC_PRESENTATION_REPRESENTATION (  '', ( #556 ), #2446 ) ;
#322 = ORIENTED_EDGE ( 'NONE', *, *, #185, .T. ) ;
#323 = ADVANCED_FACE ( 'NONE', ( #1159 ), #2251, .F. ) ;
#324 =( GEOMETRIC_REPRESENTATION_CONTEXT ( 3 ) GLOBAL_UNCERTAINTY_ASSIGNED_CONTEXT ( ( #1697 ) ) GLOBAL_UNIT_ASSIGNED_CONTEXT ( ( #869, #3480, #1161 ) ) REPRESENTATION_CONTEXT ( 'NONE', 'WORKASPACE' ) );
#325 = STYLED_ITEM ( 'NONE', ( #1026 ), #1102 ) ;
#326 = CARTESIAN_POINT ( 'NONE',  ( 1.400000000000001021, 0.1099999999999999867, 0.1999999999999999001 ) ) ;
#327 = EDGE_CURVE ( 'NONE', #1575, #3544, #3421, .T. ) ;
#328 = CARTESIAN_POINT ( 'NONE',  ( -1.199999999999999067, 0.1099999999999999867, 0.1999999999999999001 ) ) ;
#329 = MECHANICAL_DESIGN_GEOMETRIC_PRESENTATION_REPRESENTATION (  '', ( #3378 ), #1484 ) ;
#330 = STYLED_ITEM ( 'NONE', ( #1363 ), #1513 ) ;
#331 = CARTESIAN_POINT ( 'NONE',  ( -1.199999999999999067, 0.1099999999999999867, 0.1999999999999999001 ) ) ;
#332 = VECTOR ( 'NONE', #682, 1000.000000000000000 ) ;
#333 = FILL_AREA_STYLE ('',( #1452 ) ) ;
#334 = DIRECTION ( 'NONE',  ( -0.000000000000000000, 1.000000000000000000, -0.000000000000000000 ) ) ;
#335 =( GEOMETRIC_REPRESENTATION_CONTEXT ( 3 ) GLOBAL_UNCERTAINTY_ASSIGNED_CONTEXT ( ( #1803 ) ) GLOBAL_UNIT_ASSIGNED_CONTEXT ( ( #717, #495, #3027 ) ) REPRESENTATION_CONTEXT ( 'NONE', 'WORKASPACE' ) );
#336 = FACE_OUTER_BOUND ( 'NONE', #1075, .T. ) ;
#337 = DIRECTION ( 'NONE',  ( -1.000000000000000000, 0.000000000000000000, 1.807003620809174139E-16 ) ) ;
#338 = ORIENTED_EDGE ( 'NONE', *, *, #327, .F. ) ;
#339 = FILL_AREA_STYLE_COLOUR ( '', #3164 ) ;
#340 = VECTOR ( 'NONE', #2366, 1000.000000000000000 ) ;
#341 = CARTESIAN_POINT ( 'NONE',  ( -1.777212026920311327, -0.2400000000000000189, -0.4281499722276099762 ) ) ;
#342 = LINE ( 'NONE', #1505, #821 ) ;
#343 = MECHANICAL_DESIGN_GEOMETRIC_PRESENTATION_REPRESENTATION (  '', ( #3204 ), #41 ) ;
#344 = EDGE_LOOP ( 'NONE', ( #576, #1935, #2358, #2495 ) ) ;
#345 = SURFACE_STYLE_FILL_AREA ( #990 ) ;
#346 = DIRECTION ( 'NONE',  ( 1.000000000000000000, 0.000000000000000000, -1.355252715606880789E-16 ) ) ;
#347 =( LENGTH_UNIT ( ) NAMED_UNIT ( * ) SI_UNIT ( .MILLI., .METRE. ) );
#348 = ADVANCED_FACE ( 'NONE', ( #1725 ), #537, .F. ) ;
#349 = CARTESIAN_POINT ( 'NONE',  ( -1.399999999999999023, 0.2599999999999999534, 0.1999999999999999278 ) ) ;
#350 = SURFACE_STYLE_FILL_AREA ( #1515 ) ;
#351 = DIRECTION ( 'NONE',  ( -1.000000000000000000, -0.000000000000000000, -0.000000000000000000 ) ) ;
#352 = EDGE_CURVE ( 'NONE', #1562, #3256, #1413, .T. ) ;
#353 = ADVANCED_FACE ( 'NONE', ( #1750 ), #1986, .F. ) ;
#354 = EDGE_LOOP ( 'NONE', ( #3685, #2187, #792, #2657 ) ) ;
#355 = SURFACE_STYLE_USAGE ( .BOTH. , #2425 ) ;
#356 = UNCERTAINTY_MEASURE_WITH_UNIT (LENGTH_MEASURE( 1.000000000000000082E-05 ), #3150, 'distance_accuracy_value', 'NONE');
#357 =( NAMED_UNIT ( * ) SI_UNIT ( $, .STERADIAN. ) SOLID_ANGLE_UNIT ( ) );
#358 = ORIENTED_EDGE ( 'NONE', *, *, #1614, .T. ) ;
#359 = ORIENTED_EDGE ( 'NONE', *, *, #973, .F. ) ;
#360 = CARTESIAN_POINT ( 'NONE',  ( -1.399999999999999023, 0.2599999999999999534, 0.5000000000000000000 ) ) ;
#361 = PLANE ( 'NONE',  #3252 ) ;
#362 = PRESENTATION_STYLE_ASSIGNMENT (( #26 ) ) ;
#363 =( NAMED_UNIT ( * ) PLANE_ANGLE_UNIT ( ) SI_UNIT ( $, .RADIAN. ) );
#364 = VERTEX_POINT ( 'NONE', #234 ) ;
#365 = EDGE_CURVE ( 'NONE', #2909, #2288, #3125, .T. ) ;
#366 = FACE_OUTER_BOUND ( 'NONE', #344, .T. ) ;
#367 = PLANE ( 'NONE',  #564 ) ;
#368 = SURFACE_STYLE_FILL_AREA ( #3033 ) ;
#369 = EDGE_CURVE ( 'NONE', #2929, #2181, #2295, .T. ) ;
#370 = CARTESIAN_POINT ( 'NONE',  ( -0.8999999999999991340, 0.2400000000000000189, -0.2000000000000003719 ) ) ;
#371 = EDGE_CURVE ( 'NONE', #2255, #1142, #3444, .T. ) ;
#372 = ORIENTED_EDGE ( 'NONE', *, *, #2841, .F. ) ;
#373 = SURFACE_SIDE_STYLE ('',( #2102 ) ) ;
#374 = EDGE_CURVE ( 'NONE', #849, #1180, #551, .T. ) ;
#375 = DIRECTION ( 'NONE',  ( -0.000000000000000000, 1.000000000000000000, -0.000000000000000000 ) ) ;
#376 = ORIENTED_EDGE ( 'NONE', *, *, #2357, .F. ) ;
#377 = ORIENTED_EDGE ( 'NONE', *, *, #1305, .T. ) ;
#378 = FILL_AREA_STYLE ('',( #1823 ) ) ;
#379 = STYLED_ITEM ( 'NONE', ( #2365 ), #1537 ) ;
#380 = PRESENTATION_LAYER_ASSIGNMENT (  '', '', ( #3106 ) ) ;
#381 = CARTESIAN_POINT ( 'NONE',  ( 0.6999999999999999556, 0.2400000000000000189, -0.1999999999999999278 ) ) ;
#382 = CARTESIAN_POINT ( 'NONE',  ( 0.3000000000000009326, 0.2400000000000000189, 0.1999999999999999833 ) ) ;
#383 = ORIENTED_EDGE ( 'NONE', *, *, #3568, .T. ) ;
#384 = PRESENTATION_LAYER_ASSIGNMENT (  '', '', ( #2206 ) ) ;
#385 = SURFACE_SIDE_STYLE ('',( #3283 ) ) ;
#386 = AXIS2_PLACEMENT_3D ( 'NONE', #1096, #482, #3645 ) ;
#387 = MECHANICAL_DESIGN_GEOMETRIC_PRESENTATION_REPRESENTATION (  '', ( #3244 ), #1124 ) ;
#388 = FILL_AREA_STYLE ('',( #651 ) ) ;
#389 = PRESENTATION_LAYER_ASSIGNMENT (  '', '', ( #625 ) ) ;
#390 = LINE ( 'NONE', #1552, #1300 ) ;
#391 = AXIS2_PLACEMENT_3D ( 'NONE', #743, #778, #1034 ) ;
#392 = ORIENTED_EDGE ( 'NONE', *, *, #2469, .F. ) ;
#393 = CARTESIAN_POINT ( 'NONE',  ( 0.9000000000000001332, 0.2599999999999999534, -0.1999999999999999556 ) ) ;
#394 = UNCERTAINTY_MEASURE_WITH_UNIT (LENGTH_MEASURE( 1.000000000000000082E-05 ), #2522, 'distance_accuracy_value', 'NONE');
#395 = FILL_AREA_STYLE ('',( #2121 ) ) ;
#396 = CARTESIAN_POINT ( 'NONE',  ( -1.899999999999999467, 0.2400000000000000189, 0.5000000000000000000 ) ) ;
#397 = PLANE ( 'NONE',  #1844 ) ;
#398 = VERTEX_POINT ( 'NONE', #1943 ) ;
#399 =( GEOMETRIC_REPRESENTATION_CONTEXT ( 3 ) GLOBAL_UNCERTAINTY_ASSIGNED_CONTEXT ( ( #1160 ) ) GLOBAL_UNIT_ASSIGNED_CONTEXT ( ( #1549, #1302, #102 ) ) REPRESENTATION_CONTEXT ( 'NONE', 'WORKASPACE' ) );
#400 = CARTESIAN_POINT ( 'NONE',  ( -0.8999999999999991340, 0.2599999999999999534, -0.2000000000000003719 ) ) ;
#401 = ORIENTED_EDGE ( 'NONE', *, *, #977, .F. ) ;
#402 = PRODUCT_DEFINITION_FORMATION_WITH_SPECIFIED_SOURCE ( 'ANY', '', #3594, .NOT_KNOWN. ) ;
#403 = SURFACE_STYLE_FILL_AREA ( #2497 ) ;
#404 = SURFACE_STYLE_USAGE ( .BOTH. , #385 ) ;
#405 = CARTESIAN_POINT ( 'NONE',  ( 0.6999999999999999556, 0.2599999999999999534, -0.1999999999999999278 ) ) ;
#406 = DIRECTION ( 'NONE',  ( -1.000000000000000000, -0.000000000000000000, -0.000000000000000000 ) ) ;
#407 = ORIENTED_EDGE ( 'NONE', *, *, #1174, .T. ) ;
#408 = LINE ( 'NONE', #2726, #609 ) ;
#409 = DIRECTION ( 'NONE',  ( -0.000000000000000000, -0.000000000000000000, -1.000000000000000000 ) ) ;
#410 = ORIENTED_EDGE ( 'NONE', *, *, #2651, .T. ) ;
#411 = ORIENTED_EDGE ( 'NONE', *, *, #816, .F. ) ;
#412 = LINE ( 'NONE', #1290, #511 ) ;
#413 = ADVANCED_FACE ( 'NONE', ( #2592 ), #2905, .T. ) ;
#414 = DIRECTION ( 'NONE',  ( -0.000000000000000000, -1.000000000000000000, -0.000000000000000000 ) ) ;
#415 = VERTEX_POINT ( 'NONE', #959 ) ;
#416 = EDGE_CURVE ( 'NONE', #432, #3322, #3286, .T. ) ;
#417 = SURFACE_STYLE_USAGE ( .BOTH. , #2609 ) ;
#418 = ADVANCED_FACE ( 'NONE', ( #336 ), #2356, .F. ) ;
#419 = FILL_AREA_STYLE_COLOUR ( '', #881 ) ;
#420 = LINE ( 'NONE', #2990, #1431 ) ;
#421 = CARTESIAN_POINT ( 'NONE',  ( -0.8999999999999991340, 0.2599999999999999534, -0.5000000000000001110 ) ) ;
#422 = CARTESIAN_POINT ( 'NONE',  ( -0.4999999999999990563, 0.1099999999999999867, 0.1999999999999999278 ) ) ;
#423 = LINE ( 'NONE', #2375, #2155 ) ;
#424 = VERTEX_POINT ( 'NONE', #2652 ) ;
#425 = DIRECTION ( 'NONE',  ( 0.000000000000000000, 0.000000000000000000, 1.000000000000000000 ) ) ;
#426 = DIRECTION ( 'NONE',  ( 0.000000000000000000, 1.000000000000000000, 0.000000000000000000 ) ) ;
#427 = ORIENTED_EDGE ( 'NONE', *, *, #3756, .T. ) ;
#428 = ORIENTED_EDGE ( 'NONE', *, *, #906, .F. ) ;
#429 = CARTESIAN_POINT ( 'NONE',  ( -1.800000000000000044, 0.2400000000000000189, -0.2000000000000003719 ) ) ;
#430 = ADVANCED_FACE ( 'NONE', ( #1224 ), #3269, .F. ) ;
#431 = AXIS2_PLACEMENT_3D ( 'NONE', #421, #2801, #1017 ) ;
#432 = VERTEX_POINT ( 'NONE', #190 ) ;
#433 = EDGE_CURVE ( 'NONE', #1353, #2852, #2191, .T. ) ;
#434 = CARTESIAN_POINT ( 'NONE',  ( 0.6999999999999998446, 0.2400000000000000189, -0.5000000000000000000 ) ) ;
#435 =( NAMED_UNIT ( * ) SI_UNIT ( $, .STERADIAN. ) SOLID_ANGLE_UNIT ( ) );
#436 =( GEOMETRIC_REPRESENTATION_CONTEXT ( 3 ) GLOBAL_UNCERTAINTY_ASSIGNED_CONTEXT ( ( #3214 ) ) GLOBAL_UNIT_ASSIGNED_CONTEXT ( ( #3182, #213, #3698 ) ) REPRESENTATION_CONTEXT ( 'NONE', 'WORKASPACE' ) );
#437 = EDGE_CURVE ( 'NONE', #3605, #1044, #2173, .T. ) ;
#438 =( NAMED_UNIT ( * ) PLANE_ANGLE_UNIT ( ) SI_UNIT ( $, .RADIAN. ) );
#439 = FILL_AREA_STYLE_COLOUR ( '', #636 ) ;
#440 = AXIS2_PLACEMENT_3D ( 'NONE', #2059, #3183, #1473 ) ;
#441 = VECTOR ( 'NONE', #2316, 1000.000000000000000 ) ;
#442 = PLANE ( 'NONE',  #2453 ) ;
#443 = FACE_OUTER_BOUND ( 'NONE', #2810, .T. ) ;
#444 =( GEOMETRIC_REPRESENTATION_CONTEXT ( 3 ) GLOBAL_UNCERTAINTY_ASSIGNED_CONTEXT ( ( #2032 ) ) GLOBAL_UNIT_ASSIGNED_CONTEXT ( ( #3377, #2754, #2779 ) ) REPRESENTATION_CONTEXT ( 'NONE', 'WORKASPACE' ) );
#445 = CARTESIAN_POINT ( 'NONE',  ( -0.4999999999999990563, 0.2599999999999999534, 0.1999999999999999278 ) ) ;
#446 = CARTESIAN_POINT ( 'NONE',  ( -1.800000000000000044, 0.2400000000000000189, -0.5000000000000000000 ) ) ;
#447 = ORIENTED_EDGE ( 'NONE', *, *, #3049, .T. ) ;
#448 = CARTESIAN_POINT ( 'NONE',  ( 1.800000000000000266, 0.2599999999999999534, -0.1999999999999999556 ) ) ;
#449 = PRESENTATION_LAYER_ASSIGNMENT (  '', '', ( #2271 ) ) ;
#450 = PRESENTATION_STYLE_ASSIGNMENT (( #3126 ) ) ;
#451 = LINE ( 'NONE', #3597, #3431 ) ;
#452 = COLOUR_RGB ( '',1.000000000000000000, 1.000000000000000000, 1.000000000000000000 ) ;
#453 = VERTEX_POINT ( 'NONE', #724 ) ;
#454 = VERTEX_POINT ( 'NONE', #3307 ) ;
#455 = DIRECTION ( 'NONE',  ( 0.000000000000000000, 0.000000000000000000, 1.000000000000000000 ) ) ;
#456 = VECTOR ( 'NONE', #3547, 1000.000000000000000 ) ;
#457 = COLOUR_RGB ( '',1.000000000000000000, 1.000000000000000000, 1.000000000000000000 ) ;
#458 =( NAMED_UNIT ( * ) SI_UNIT ( $, .STERADIAN. ) SOLID_ANGLE_UNIT ( ) );
#459 = ORIENTED_EDGE ( 'NONE', *, *, #2096, .T. ) ;
#460 = LINE ( 'NONE', #1922, #1356 ) ;
#461 = FILL_AREA_STYLE ('',( #3064 ) ) ;
#462 = SURFACE_STYLE_USAGE ( .BOTH. , #1908 ) ;
#463 = SURFACE_STYLE_FILL_AREA ( #1936 ) ;
#464 = SURFACE_SIDE_STYLE ('',( #3363 ) ) ;
#465 = EDGE_CURVE ( 'NONE', #3690, #1575, #1644, .T. ) ;
#466 = CARTESIAN_POINT ( 'NONE',  ( 1.800000000000000266, 0.2400000000000000189, -0.5000000000000002220 ) ) ;
#467 = FACE_OUTER_BOUND ( 'NONE', #1252, .T. ) ;
#468 = ORIENTED_EDGE ( 'NONE', *, *, #1095, .T. ) ;
#469 = FACE_OUTER_BOUND ( 'NONE', #2547, .T. ) ;
#470 = EDGE_CURVE ( 'NONE', #2835, #3443, #2423, .T. ) ;
#471 = FILL_AREA_STYLE ('',( #831 ) ) ;
#472 = ORIENTED_EDGE ( 'NONE', *, *, #1556, .F. ) ;
#473 = ORIENTED_EDGE ( 'NONE', *, *, #2440, .F. ) ;
#474 = SURFACE_SIDE_STYLE ('',( #759 ) ) ;
#475 = CARTESIAN_POINT ( 'NONE',  ( 0.000000000000000000, 0.2599999999999999534, 0.000000000000000000 ) ) ;
#476 =( NAMED_UNIT ( * ) SI_UNIT ( $, .STERADIAN. ) SOLID_ANGLE_UNIT ( ) );
#477 = ORIENTED_EDGE ( 'NONE', *, *, #2332, .F. ) ;
#478 = DIRECTION ( 'NONE',  ( 0.000000000000000000, -0.000000000000000000, 1.000000000000000000 ) ) ;
#479 = PRESENTATION_STYLE_ASSIGNMENT (( #3084 ) ) ;
#480 = DIRECTION ( 'NONE',  ( 1.000000000000000000, 0.000000000000000000, -0.000000000000000000 ) ) ;
#481 = PRESENTATION_STYLE_ASSIGNMENT (( #748 ) ) ;
#482 = DIRECTION ( 'NONE',  ( 1.000000000000000000, 0.000000000000000000, 0.000000000000000000 ) ) ;
#483 = CARTESIAN_POINT ( 'NONE',  ( 1.400000000000001021, 0.2599999999999999534, 0.4999999999999997780 ) ) ;
#484 = VERTEX_POINT ( 'NONE', #1060 ) ;
#485 = LINE ( 'NONE', #3518, #2756 ) ;
#486 = EDGE_CURVE ( 'NONE', #3322, #1069, #686, .T. ) ;
#487 = CARTESIAN_POINT ( 'NONE',  ( 1.600000000000000089, 0.2599999999999999534, -0.5000000000000002220 ) ) ;
#488 = FACE_OUTER_BOUND ( 'NONE', #42, .T. ) ;
#489 = LINE ( 'NONE', #2809, #3553 ) ;
#490 = EDGE_CURVE ( 'NONE', #2673, #3689, #2766, .T. ) ;
#491 = VERTEX_POINT ( 'NONE', #1304 ) ;
#492 = EDGE_CURVE ( 'NONE', #3650, #1710, #707, .T. ) ;
#493 = ORIENTED_EDGE ( 'NONE', *, *, #1658, .T. ) ;
#494 = CARTESIAN_POINT ( 'NONE',  ( -1.399999999999999023, 0.2599999999999999534, 0.1999999999999999278 ) ) ;
#495 =( NAMED_UNIT ( * ) PLANE_ANGLE_UNIT ( ) SI_UNIT ( $, .RADIAN. ) );
#496 = EDGE_LOOP ( 'NONE', ( #1970, #3075, #1203, #1677 ) ) ;
#497 = AXIS2_PLACEMENT_3D ( 'NONE', #3479, #866, #2333 ) ;
#498 = SURFACE_STYLE_FILL_AREA ( #2190 ) ;
#499 = DIRECTION ( 'NONE',  ( 1.807003620809174139E-16, 0.000000000000000000, 1.000000000000000000 ) ) ;
#500 = CARTESIAN_POINT ( 'NONE',  ( 0.6999999999999999556, 0.1099999999999999867, -0.1999999999999999278 ) ) ;
#501 = AXIS2_PLACEMENT_3D ( 'NONE', #1720, #2901, #2326 ) ;
#502 = STYLED_ITEM ( 'NONE', ( #3487 ), #1794 ) ;
#503 = VECTOR ( 'NONE', #1076, 1000.000000000000000 ) ;
#504 = DIRECTION ( 'NONE',  ( 1.355252715606880049E-16, -0.000000000000000000, 1.000000000000000000 ) ) ;
#505 = ORIENTED_EDGE ( 'NONE', *, *, #1886, .T. ) ;
#506 = SURFACE_STYLE_FILL_AREA ( #3104 ) ;
#507 = PRESENTATION_LAYER_ASSIGNMENT (  '', '', ( #3244 ) ) ;
#508 = DIRECTION ( 'NONE',  ( -7.228014483236695569E-16, 0.000000000000000000, -1.000000000000000000 ) ) ;
#509 = DIRECTION ( 'NONE',  ( 1.000000000000000000, 0.000000000000000000, -0.000000000000000000 ) ) ;
#510 = AXIS2_PLACEMENT_3D ( 'NONE', #3628, #1267, #3310 ) ;
#511 = VECTOR ( 'NONE', #455, 1000.000000000000000 ) ;
#512 = ORIENTED_EDGE ( 'NONE', *, *, #3236, .F. ) ;
#513 = ORIENTED_EDGE ( 'NONE', *, *, #3192, .F. ) ;
#514 = DIRECTION ( 'NONE',  ( -0.000000000000000000, 1.000000000000000000, -0.000000000000000000 ) ) ;
#515 = VECTOR ( 'NONE', #2867, 1000.000000000000000 ) ;
#516 = ORIENTED_EDGE ( 'NONE', *, *, #3207, .F. ) ;
#517 = FILL_AREA_STYLE_COLOUR ( '', #2203 ) ;
#518 = VECTOR ( 'NONE', #726, 1000.000000000000000 ) ;
#519 = SURFACE_STYLE_FILL_AREA ( #3389 ) ;
#520 = ORIENTED_EDGE ( 'NONE', *, *, #94, .F. ) ;
#521 = CARTESIAN_POINT ( 'NONE',  ( -0.4999999999999990563, 0.2599999999999999534, 0.4999999999999998890 ) ) ;
#522 = CARTESIAN_POINT ( 'NONE',  ( 1.800000000000000266, 0.1099999999999999867, -0.1999999999999999556 ) ) ;
#523 = ORIENTED_EDGE ( 'NONE', *, *, #3284, .T. ) ;
#524 = CARTESIAN_POINT ( 'NONE',  ( 0.6999999999999999556, 0.2400000000000000189, -0.1999999999999999278 ) ) ;
#525 = ORIENTED_EDGE ( 'NONE', *, *, #3338, .F. ) ;
#526 = SURFACE_STYLE_FILL_AREA ( #1465 ) ;
#527 = ADVANCED_FACE ( 'NONE', ( #2133 ), #2741, .F. ) ;
#528 = LINE ( 'NONE', #1700, #134 ) ;
#529 = LINE ( 'NONE', #545, #145 ) ;
#530 = EDGE_CURVE ( 'NONE', #221, #1051, #2465, .T. ) ;
#531 = LINE ( 'NONE', #2040, #3388 ) ;
#532 = ADVANCED_FACE ( 'NONE', ( #3016, #443 ), #1573, .T. ) ;
#533 = CARTESIAN_POINT ( 'NONE',  ( -0.6999999999999989564, 0.2400000000000000189, -0.2000000000000003997 ) ) ;
#534 = PLANE ( 'NONE',  #1066 ) ;
#535 = DIRECTION ( 'NONE',  ( 0.000000000000000000, 0.000000000000000000, -1.000000000000000000 ) ) ;
#536 = ORIENTED_EDGE ( 'NONE', *, *, #628, .T. ) ;
#537 = PLANE ( 'NONE',  #497 ) ;
#538 = ORIENTED_EDGE ( 'NONE', *, *, #2550, .T. ) ;
#539 = VERTEX_POINT ( 'NONE', #159 ) ;
#540 = CARTESIAN_POINT ( 'NONE',  ( -1.777212026920311327, -0.2300000000000000100, -0.3910685450942153474 ) ) ;
#541 = FILL_AREA_STYLE_COLOUR ( '', #1140 ) ;
#542 = VERTEX_POINT ( 'NONE', #1284 ) ;
#543 = DIRECTION ( 'NONE',  ( -1.000000000000000000, 0.000000000000000000, 0.000000000000000000 ) ) ;
#544 = DIRECTION ( 'NONE',  ( -0.000000000000000000, 1.000000000000000000, 0.000000000000000000 ) ) ;
#545 = CARTESIAN_POINT ( 'NONE',  ( 0.5000000000000011102, 0.1099999999999999867, 0.1999999999999999001 ) ) ;
#546 = PLANE ( 'NONE',  #501 ) ;
#547 = EDGE_CURVE ( 'NONE', #2427, #3650, #2437, .T. ) ;
#548 = VECTOR ( 'NONE', #1924, 1000.000000000000000 ) ;
#549 = VERTEX_POINT ( 'NONE', #1323 ) ;
#550 = DIRECTION ( 'NONE',  ( -0.000000000000000000, -1.000000000000000000, -0.000000000000000000 ) ) ;
#551 = LINE ( 'NONE', #278, #2808 ) ;
#552 = VECTOR ( 'NONE', #2499, 1000.000000000000000 ) ;
#553 = VECTOR ( 'NONE', #2129, 1000.000000000000000 ) ;
#554 = EDGE_LOOP ( 'NONE', ( #2216, #1294, #1319, #176 ) ) ;
#555 = VECTOR ( 'NONE', #375, 1000.000000000000000 ) ;
#556 = STYLED_ITEM ( 'NONE', ( #1399 ), #820 ) ;
#557 = FILL_AREA_STYLE ('',( #2007 ) ) ;
#558 = PRESENTATION_LAYER_ASSIGNMENT (  '', '', ( #871 ) ) ;
#559 = AXIS2_PLACEMENT_3D ( 'NONE', #1263, #1455, #300 ) ;
#560 = LINE ( 'NONE', #1737, #1678 ) ;
#561 = ORIENTED_EDGE ( 'NONE', *, *, #2665, .T. ) ;
#562 = VECTOR ( 'NONE', #1063, 1000.000000000000000 ) ;
#563 = DIRECTION ( 'NONE',  ( -1.000000000000000000, 0.000000000000000000, 1.355252715606879310E-16 ) ) ;
#564 = AXIS2_PLACEMENT_3D ( 'NONE', #3046, #2762, #2209 ) ;
#565 = PRESENTATION_STYLE_ASSIGNMENT (( #842 ) ) ;
#566 = SURFACE_STYLE_USAGE ( .BOTH. , #1137 ) ;
#567 = COLOUR_RGB ( '',1.000000000000000000, 1.000000000000000000, 1.000000000000000000 ) ;
#568 = CARTESIAN_POINT ( 'NONE',  ( -0.6999999999999989564, 0.2599999999999999534, -0.2000000000000003997 ) ) ;
#569 = CARTESIAN_POINT ( 'NONE',  ( 0.5000000000000011102, 0.1099999999999999867, 0.1999999999999999001 ) ) ;
#570 = VECTOR ( 'NONE', #3200, 1000.000000000000000 ) ;
#571 = ORIENTED_EDGE ( 'NONE', *, *, #136, .T. ) ;
#572 = LINE ( 'NONE', #1708, #3545 ) ;
#573 = ADVANCED_FACE ( 'NONE', ( #3086 ), #2482, .F. ) ;
#574 = EDGE_CURVE ( 'NONE', #774, #1984, #799, .T. ) ;
#575 = AXIS2_PLACEMENT_3D ( 'NONE', #3472, #1776, #2933 ) ;
#576 = ORIENTED_EDGE ( 'NONE', *, *, #2793, .T. ) ;
#577 = STYLED_ITEM ( 'NONE', ( #2109 ), #3696 ) ;
#578 = VERTEX_POINT ( 'NONE', #3683 ) ;
#579 = ADVANCED_FACE ( 'NONE', ( #2537 ), #3474, .F. ) ;
#580 = UNCERTAINTY_MEASURE_WITH_UNIT (LENGTH_MEASURE( 1.000000000000000082E-05 ), #3405, 'distance_accuracy_value', 'NONE');
#581 =( LENGTH_UNIT ( ) NAMED_UNIT ( * ) SI_UNIT ( .MILLI., .METRE. ) );
#582 = CARTESIAN_POINT ( 'NONE',  ( -1.777212026920311327, -0.2400000000000000189, -0.3539871179608206631 ) ) ;
#583 = ORIENTED_EDGE ( 'NONE', *, *, #2858, .F. ) ;
#584 =( NAMED_UNIT ( * ) PLANE_ANGLE_UNIT ( ) SI_UNIT ( $, .RADIAN. ) );
#585 =( NAMED_UNIT ( * ) SI_UNIT ( $, .STERADIAN. ) SOLID_ANGLE_UNIT ( ) );
#586 = DIRECTION ( 'NONE',  ( -1.000000000000000000, 0.000000000000000000, 3.614007241618351729E-16 ) ) ;
#587 = LINE ( 'NONE', #604, #96 ) ;
#588 = PLANE ( 'NONE',  #3052 ) ;
#589 = DIRECTION ( 'NONE',  ( 1.000000000000000000, 0.000000000000000000, 0.000000000000000000 ) ) ;
#590 = DIRECTION ( 'NONE',  ( 0.000000000000000000, 1.000000000000000000, 0.000000000000000000 ) ) ;
#591 = DIRECTION ( 'NONE',  ( 1.355252715606879310E-16, 0.000000000000000000, 1.000000000000000000 ) ) ;
#592 = FILL_AREA_STYLE_COLOUR ( '', #2267 ) ;
#593 = EDGE_CURVE ( 'NONE', #1749, #3312, #1155, .T. ) ;
#594 = ORIENTED_EDGE ( 'NONE', *, *, #2466, .F. ) ;
#595 = EDGE_LOOP ( 'NONE', ( #69, #812, #594, #1334 ) ) ;
#596 = EDGE_CURVE ( 'NONE', #2929, #3312, #1744, .T. ) ;
#597 = CARTESIAN_POINT ( 'NONE',  ( 0.6999999999999998446, 0.2599999999999999534, -0.5000000000000000000 ) ) ;
#598 =( LENGTH_UNIT ( ) NAMED_UNIT ( * ) SI_UNIT ( .MILLI., .METRE. ) );
#599 = ORIENTED_EDGE ( 'NONE', *, *, #3262, .F. ) ;
#600 = ORIENTED_EDGE ( 'NONE', *, *, #1280, .T. ) ;
#601 = SURFACE_SIDE_STYLE ('',( #2088 ) ) ;
#602 =( LENGTH_UNIT ( ) NAMED_UNIT ( * ) SI_UNIT ( .MILLI., .METRE. ) );
#603 = DIRECTION ( 'NONE',  ( -0.000000000000000000, 1.000000000000000000, -0.000000000000000000 ) ) ;
#604 = CARTESIAN_POINT ( 'NONE',  ( -1.399999999999999023, 0.2599999999999999534, 0.1999999999999999278 ) ) ;
#605 = DIRECTION ( 'NONE',  ( -0.000000000000000000, 1.000000000000000000, -0.000000000000000000 ) ) ;
#606 =( NAMED_UNIT ( * ) SI_UNIT ( $, .STERADIAN. ) SOLID_ANGLE_UNIT ( ) );
#607 = SURFACE_STYLE_FILL_AREA ( #388 ) ;
#608 = COLOUR_RGB ( '',1.000000000000000000, 1.000000000000000000, 1.000000000000000000 ) ;
#609 = VECTOR ( 'NONE', #1592, 1000.000000000000000 ) ;
#610 = ORIENTED_EDGE ( 'NONE', *, *, #2670, .F. ) ;
#611 = PRESENTATION_STYLE_ASSIGNMENT (( #355 ) ) ;
#612 = UNCERTAINTY_MEASURE_WITH_UNIT (LENGTH_MEASURE( 1.000000000000000082E-05 ), #2265, 'distance_accuracy_value', 'NONE');
#613 =( GEOMETRIC_REPRESENTATION_CONTEXT ( 3 ) GLOBAL_UNCERTAINTY_ASSIGNED_CONTEXT ( ( #2299 ) ) GLOBAL_UNIT_ASSIGNED_CONTEXT ( ( #786, #1945, #754 ) ) REPRESENTATION_CONTEXT ( 'NONE', 'WORKASPACE' ) );
#614 = VECTOR ( 'NONE', #2019, 1000.000000000000000 ) ;
#615 = CARTESIAN_POINT ( 'NONE',  ( -1.399999999999999023, 0.2400000000000000189, 0.1999999999999999278 ) ) ;
#616 = PLANE ( 'NONE',  #3326 ) ;
#617 = VECTOR ( 'NONE', #2031, 1000.000000000000000 ) ;
#618 = ORIENTED_EDGE ( 'NONE', *, *, #3417, .F. ) ;
#619 = VERTEX_POINT ( 'NONE', #533 ) ;
#620 = PRESENTATION_STYLE_ASSIGNMENT (( #1275 ) ) ;
#621 = MECHANICAL_DESIGN_GEOMETRIC_PRESENTATION_REPRESENTATION (  '', ( #2206 ), #1123 ) ;
#622 = ADVANCED_FACE ( 'NONE', ( #2572 ), #546, .F. ) ;
#623 = DIRECTION ( 'NONE',  ( 1.000000000000000000, 0.000000000000000000, -1.355252715606880049E-16 ) ) ;
#624 = CARTESIAN_POINT ( 'NONE',  ( -1.599999999999999867, 0.2599999999999999534, -0.5000000000000000000 ) ) ;
#625 = STYLED_ITEM ( 'NONE', ( #1359 ), #2207 ) ;
#626 = STYLED_ITEM ( 'NONE', ( #450 ), #1493 ) ;
#627 = DIRECTION ( 'NONE',  ( -0.000000000000000000, 1.000000000000000000, -0.000000000000000000 ) ) ;
#628 = EDGE_CURVE ( 'NONE', #165, #484, #3499, .T. ) ;
#629 = COLOUR_RGB ( '',1.000000000000000000, 1.000000000000000000, 1.000000000000000000 ) ;
#630 = CARTESIAN_POINT ( 'NONE',  ( -1.899999999999999467, 0.2400000000000000189, -0.5000000000000000000 ) ) ;
#631 = VECTOR ( 'NONE', #623, 1000.000000000000000 ) ;
#632 =( NAMED_UNIT ( * ) SI_UNIT ( $, .STERADIAN. ) SOLID_ANGLE_UNIT ( ) );
#633 = CARTESIAN_POINT ( 'NONE',  ( 0.3000000000000009326, 0.2599999999999999534, 0.1999999999999999833 ) ) ;
#634 = ORIENTED_EDGE ( 'NONE', *, *, #2791, .T. ) ;
#635 =( NAMED_UNIT ( * ) SI_UNIT ( $, .STERADIAN. ) SOLID_ANGLE_UNIT ( ) );
#636 = COLOUR_RGB ( '',1.000000000000000000, 1.000000000000000000, 1.000000000000000000 ) ;
#637 = FACE_OUTER_BOUND ( 'NONE', #1874, .T. ) ;
#638 = STYLED_ITEM ( 'NONE', ( #776 ), #3748 ) ;
#639 = ORIENTED_EDGE ( 'NONE', *, *, #490, .T. ) ;
#640 = ORIENTED_EDGE ( 'NONE', *, *, #593, .T. ) ;
#641 =( LENGTH_UNIT ( ) NAMED_UNIT ( * ) SI_UNIT ( .MILLI., .METRE. ) );
#642 = DIRECTION ( 'NONE',  ( 1.000000000000000000, 0.000000000000000000, -0.000000000000000000 ) ) ;
#643 = CARTESIAN_POINT ( 'NONE',  ( 0.3000000000000009326, 0.1099999999999999867, 0.1999999999999999833 ) ) ;
#644 = ORIENTED_EDGE ( 'NONE', *, *, #1652, .T. ) ;
#645 = ADVANCED_FACE ( 'NONE', ( #937 ), #1812, .T. ) ;
#646 = CARTESIAN_POINT ( 'NONE',  ( -1.599999999999999867, 0.1099999999999999867, -0.2000000000000003997 ) ) ;
#647 = EDGE_CURVE ( 'NONE', #3491, #2733, #294, .T. ) ;
#648 = LINE ( 'NONE', #3331, #3318 ) ;
#649 = PRESENTATION_STYLE_ASSIGNMENT (( #722 ) ) ;
#650 = EDGE_CURVE ( 'NONE', #1168, #1789, #884, .T. ) ;
#651 = FILL_AREA_STYLE_COLOUR ( '', #2074 ) ;
#652 = DIRECTION ( 'NONE',  ( 1.000000000000000000, 0.000000000000000000, -4.065758146820638669E-16 ) ) ;
#653 = EDGE_LOOP ( 'NONE', ( #2559, #1289, #3528, #106 ) ) ;
#654 = DIRECTION ( 'NONE',  ( -1.000000000000000000, -0.000000000000000000, 1.355252715606880049E-16 ) ) ;
#655 = UNCERTAINTY_MEASURE_WITH_UNIT (LENGTH_MEASURE( 1.000000000000000082E-05 ), #1637, 'distance_accuracy_value', 'NONE');
#656 = CARTESIAN_POINT ( 'NONE',  ( 0.1000000000000000333, 0.2599999999999999534, -0.2000000000000003997 ) ) ;
#657 = ORIENTED_EDGE ( 'NONE', *, *, #139, .F. ) ;
#658 = DIRECTION ( 'NONE',  ( 1.000000000000000000, 0.000000000000000000, 0.000000000000000000 ) ) ;
#659 = FILL_AREA_STYLE_COLOUR ( '', #2388 ) ;
#660 = ORIENTED_EDGE ( 'NONE', *, *, #2164, .F. ) ;
#661 = CARTESIAN_POINT ( 'NONE',  ( 1.400000000000001021, 0.1099999999999999867, 0.4999999999999997780 ) ) ;
#662 = DIRECTION ( 'NONE',  ( -0.000000000000000000, -1.000000000000000000, -0.000000000000000000 ) ) ;
#663 = FILL_AREA_STYLE_COLOUR ( '', #981 ) ;
#664 = EDGE_CURVE ( 'NONE', #986, #36, #2971, .T. ) ;
#665 = PRESENTATION_STYLE_ASSIGNMENT (( #2119 ) ) ;
#666 = ORIENTED_EDGE ( 'NONE', *, *, #2049, .T. ) ;
#667 = PRESENTATION_LAYER_ASSIGNMENT (  '', '', ( #3364 ) ) ;
#668 = LINE ( 'NONE', #964, #555 ) ;
#669 = LINE ( 'NONE', #121, #1235 ) ;
#670 = ORIENTED_EDGE ( 'NONE', *, *, #1147, .T. ) ;
#671 = EDGE_LOOP ( 'NONE', ( #107, #3339, #3288, #195, #513, #3165, #1582, #3566, #599, #2848, #2415, #1638, #208, #372, #3018, #322, #2029, #2451, #2416, #3398, #1807, #3581, #1752, #3549 ) ) ;
#672 = VECTOR ( 'NONE', #1121, 1000.000000000000000 ) ;
#673 = VECTOR ( 'NONE', #409, 1000.000000000000000 ) ;
#674 = FILL_AREA_STYLE ('',( #2126 ) ) ;
#675 = CARTESIAN_POINT ( 'NONE',  ( 0.3000000000000009326, 0.1099999999999999867, 0.1999999999999999833 ) ) ;
#676 = ORIENTED_EDGE ( 'NONE', *, *, #770, .T. ) ;
#677 = VECTOR ( 'NONE', #179, 1000.000000000000000 ) ;
#678 = CARTESIAN_POINT ( 'NONE',  ( -1.899999999999999467, 0.2400000000000000189, 0.5000000000000000000 ) ) ;
#679 = STYLED_ITEM ( 'NONE', ( #3153 ), #1047 ) ;
#680 = DIRECTION ( 'NONE',  ( 0.000000000000000000, -0.000000000000000000, 1.000000000000000000 ) ) ;
#681 = MANIFOLD_SOLID_BREP ( 'Boss-Extrude2[4]', #1046 ) ;
#682 = DIRECTION ( 'NONE',  ( 3.614007241618347785E-16, 0.000000000000000000, -1.000000000000000000 ) ) ;
#683 = AXIS2_PLACEMENT_3D ( 'NONE', #3416, #230, #2192 ) ;
#684 = AXIS2_PLACEMENT_3D ( 'NONE', #1581, #2729, #713 ) ;
#685 = FACE_OUTER_BOUND ( 'NONE', #1337, .T. ) ;
#686 = LINE ( 'NONE', #1587, #2195 ) ;
#687 = MECHANICAL_DESIGN_GEOMETRIC_PRESENTATION_REPRESENTATION (  '', ( #1068 ), #1791 ) ;
#688 = LINE ( 'NONE', #2174, #2997 ) ;
#689 = AXIS2_PLACEMENT_3D ( 'NONE', #2780, #2514, #2533 ) ;
#690 = ORIENTED_EDGE ( 'NONE', *, *, #1944, .T. ) ;
#691 = DIRECTION ( 'NONE',  ( -1.000000000000000000, 0.000000000000000000, -3.614007241618347292E-16 ) ) ;
#692 = ADVANCED_FACE ( 'NONE', ( #366 ), #588, .F. ) ;
#693 = UNCERTAINTY_MEASURE_WITH_UNIT (LENGTH_MEASURE( 1.000000000000000082E-05 ), #3747, 'distance_accuracy_value', 'NONE');
#694 = SURFACE_SIDE_STYLE ('',( #982 ) ) ;
#695 = CARTESIAN_POINT ( 'NONE',  ( -1.599999999999999867, 0.2400000000000000189, -0.5000000000000000000 ) ) ;
#696 = VERTEX_POINT ( 'NONE', #1778 ) ;
#697 = EDGE_CURVE ( 'NONE', #2861, #1623, #2935, .T. ) ;
#698 = COLOUR_RGB ( '',1.000000000000000000, 1.000000000000000000, 1.000000000000000000 ) ;
#699 = ORIENTED_EDGE ( 'NONE', *, *, #2958, .T. ) ;
#700 = DIRECTION ( 'NONE',  ( -0.000000000000000000, 1.000000000000000000, 0.000000000000000000 ) ) ;
#701 = DIRECTION ( 'NONE',  ( -0.000000000000000000, 0.000000000000000000, -1.000000000000000000 ) ) ;
#702 =( NAMED_UNIT ( * ) SI_UNIT ( $, .STERADIAN. ) SOLID_ANGLE_UNIT ( ) );
#703 = VERTEX_POINT ( 'NONE', #2661 ) ;
#704 =( GEOMETRIC_REPRESENTATION_CONTEXT ( 3 ) GLOBAL_UNCERTAINTY_ASSIGNED_CONTEXT ( ( #3745 ) ) GLOBAL_UNIT_ASSIGNED_CONTEXT ( ( #1866, #363, #702 ) ) REPRESENTATION_CONTEXT ( 'NONE', 'WORKASPACE' ) );
#705 = FACE_OUTER_BOUND ( 'NONE', #2120, .T. ) ;
#706 = DIRECTION ( 'NONE',  ( 1.000000000000000000, 0.000000000000000000, 0.000000000000000000 ) ) ;
#707 = LINE ( 'NONE', #975, #2681 ) ;
#708 = CARTESIAN_POINT ( 'NONE',  ( -0.8999999999999991340, 0.2400000000000000189, -0.2000000000000003719 ) ) ;
#709 = VERTEX_POINT ( 'NONE', #1758 ) ;
#710 = FACE_OUTER_BOUND ( 'NONE', #2485, .T. ) ;
#711 = EDGE_CURVE ( 'NONE', #2689, #2660, #2919, .T. ) ;
#712 = EDGE_LOOP ( 'NONE', ( #1082, #1487, #1932, #152 ) ) ;
#713 = DIRECTION ( 'NONE',  ( 0.000000000000000000, 0.000000000000000000, -1.000000000000000000 ) ) ;
#714 = MANIFOLD_SOLID_BREP ( 'Boss-Extrude2[9]', #14 ) ;
#715 = ORIENTED_EDGE ( 'NONE', *, *, #94, .T. ) ;
#716 = EDGE_CURVE ( 'NONE', #2093, #1150, #1494, .T. ) ;
#717 =( LENGTH_UNIT ( ) NAMED_UNIT ( * ) SI_UNIT ( .MILLI., .METRE. ) );
#718 = ORIENTED_EDGE ( 'NONE', *, *, #1940, .F. ) ;
#719 = LINE ( 'NONE', #3098, #2139 ) ;
#720 = PLANE ( 'NONE',  #3609 ) ;
#721 = FILL_AREA_STYLE_COLOUR ( '', #31 ) ;
#722 = SURFACE_STYLE_USAGE ( .BOTH. , #1888 ) ;
#723 = DIRECTION ( 'NONE',  ( 1.355252715606880049E-16, 0.000000000000000000, 1.000000000000000000 ) ) ;
#724 = CARTESIAN_POINT ( 'NONE',  ( -0.4999999999999990563, 0.2400000000000000189, 0.1999999999999999278 ) ) ;
#725 = DIRECTION ( 'NONE',  ( -0.000000000000000000, 1.000000000000000000, -0.000000000000000000 ) ) ;
#726 = DIRECTION ( 'NONE',  ( -0.000000000000000000, -1.000000000000000000, -0.000000000000000000 ) ) ;
#727 = ORIENTED_EDGE ( 'NONE', *, *, #3636, .F. ) ;
#728 = SURFACE_STYLE_USAGE ( .BOTH. , #1929 ) ;
#729 = UNCERTAINTY_MEASURE_WITH_UNIT (LENGTH_MEASURE( 1.000000000000000082E-05 ), #974, 'distance_accuracy_value', 'NONE');
#730 = SURFACE_STYLE_FILL_AREA ( #2831 ) ;
#731 =( LENGTH_UNIT ( ) NAMED_UNIT ( * ) SI_UNIT ( .MILLI., .METRE. ) );
#732 = ORIENTED_EDGE ( 'NONE', *, *, #1264, .T. ) ;
#733 = ORIENTED_EDGE ( 'NONE', *, *, #814, .F. ) ;
#734 = MECHANICAL_DESIGN_GEOMETRIC_PRESENTATION_REPRESENTATION (  '', ( #1468 ), #793 ) ;
#735 = PRESENTATION_STYLE_ASSIGNMENT (( #1277 ) ) ;
#736 = STYLED_ITEM ( 'NONE', ( #2974 ), #430 ) ;
#737 = CARTESIAN_POINT ( 'NONE',  ( 0.6999999999999999556, 0.2599999999999999534, -0.1999999999999999278 ) ) ;
#738 = ORIENTED_EDGE ( 'NONE', *, *, #1498, .F. ) ;
#739 = CARTESIAN_POINT ( 'NONE',  ( -0.09999999999999995004, 0.1099999999999999867, -0.2000000000000003719 ) ) ;
#740 = EDGE_CURVE ( 'NONE', #3059, #306, #130, .T. ) ;
#741 = VECTOR ( 'NONE', #1593, 1000.000000000000000 ) ;
#742 = STYLED_ITEM ( 'NONE', ( #1221 ), #714 ) ;
#743 = CARTESIAN_POINT ( 'NONE',  ( -1.399999999999999023, 0.2599999999999999534, 0.5000000000000000000 ) ) ;
#744 = CARTESIAN_POINT ( 'NONE',  ( 0.9000000000000002442, 0.2599999999999999534, -0.5000000000000000000 ) ) ;
#745 = AXIS2_PLACEMENT_3D ( 'NONE', #2980, #426, #948 ) ;
#746 = EDGE_CURVE ( 'NONE', #910, #1595, #3624, .T. ) ;
#747 = EDGE_CURVE ( 'NONE', #2660, #2861, #3708, .T. ) ;
#748 = SURFACE_STYLE_USAGE ( .BOTH. , #464 ) ;
#749 =( GEOMETRIC_REPRESENTATION_CONTEXT ( 3 ) GLOBAL_UNCERTAINTY_ASSIGNED_CONTEXT ( ( #693 ) ) GLOBAL_UNIT_ASSIGNED_CONTEXT ( ( #3747, #3520, #2906 ) ) REPRESENTATION_CONTEXT ( 'NONE', 'WORKASPACE' ) );
#750 = CARTESIAN_POINT ( 'NONE',  ( 0.5000000000000011102, 0.2400000000000000189, 0.1999999999999999001 ) ) ;
#751 = LINE ( 'NONE', #2249, #150 ) ;
#752 = ORIENTED_EDGE ( 'NONE', *, *, #2715, .T. ) ;
#753 = DIRECTION ( 'NONE',  ( -5.421010862427512309E-16, 0.000000000000000000, -1.000000000000000000 ) ) ;
#754 =( NAMED_UNIT ( * ) SI_UNIT ( $, .STERADIAN. ) SOLID_ANGLE_UNIT ( ) );
#755 = SURFACE_STYLE_FILL_AREA ( #471 ) ;
#756 = MECHANICAL_DESIGN_GEOMETRIC_PRESENTATION_REPRESENTATION (  '', ( #1422 ), #938 ) ;
#757 = ORIENTED_EDGE ( 'NONE', *, *, #596, .T. ) ;
#758 = ORIENTED_EDGE ( 'NONE', *, *, #3022, .F. ) ;
#759 = SURFACE_STYLE_FILL_AREA ( #378 ) ;
#760 = VECTOR ( 'NONE', #2147, 1000.000000000000000 ) ;
#761 = EDGE_CURVE ( 'NONE', #3232, #364, #3606, .T. ) ;
#762 = SURFACE_STYLE_FILL_AREA ( #1027 ) ;
#763 = VECTOR ( 'NONE', #66, 1000.000000000000000 ) ;
#764 = ORIENTED_EDGE ( 'NONE', *, *, #3473, .T. ) ;
#765 = FILL_AREA_STYLE_COLOUR ( '', #452 ) ;
#766 = EDGE_CURVE ( 'NONE', #2771, #2470, #2151, .T. ) ;
#767 = DIRECTION ( 'NONE',  ( -0.000000000000000000, -1.000000000000000000, -0.000000000000000000 ) ) ;
#768 = ADVANCED_FACE ( 'NONE', ( #2718 ), #720, .F. ) ;
#769 = FILL_AREA_STYLE_COLOUR ( '', #2820 ) ;
#770 = EDGE_CURVE ( 'NONE', #454, #3148, #1849, .T. ) ;
#771 = ORIENTED_EDGE ( 'NONE', *, *, #574, .F. ) ;
#772 = PLANE ( 'NONE',  #127 ) ;
#773 = FILL_AREA_STYLE_COLOUR ( '', #3367 ) ;
#774 = VERTEX_POINT ( 'NONE', #739 ) ;
#775 = ORIENTED_EDGE ( 'NONE', *, *, #2111, .F. ) ;
#776 = PRESENTATION_STYLE_ASSIGNMENT (( #3622 ) ) ;
#777 = ORIENTED_EDGE ( 'NONE', *, *, #746, .T. ) ;
#778 = DIRECTION ( 'NONE',  ( 0.000000000000000000, 0.000000000000000000, -1.000000000000000000 ) ) ;
#779 = FILL_AREA_STYLE_COLOUR ( '', #3015 ) ;
#780 = DIRECTION ( 'NONE',  ( 1.000000000000000000, 0.000000000000000000, -1.355252715606880049E-16 ) ) ;
#781 =( NAMED_UNIT ( * ) PLANE_ANGLE_UNIT ( ) SI_UNIT ( $, .RADIAN. ) );
#782 = LINE ( 'NONE', #1668, #2521 ) ;
#783 = PLANE ( 'NONE',  #888 ) ;
#784 = VERTEX_POINT ( 'NONE', #3329 ) ;
#785 = DIRECTION ( 'NONE',  ( -0.000000000000000000, -1.000000000000000000, -0.000000000000000000 ) ) ;
#786 =( LENGTH_UNIT ( ) NAMED_UNIT ( * ) SI_UNIT ( .MILLI., .METRE. ) );
#787 =( NAMED_UNIT ( * ) PLANE_ANGLE_UNIT ( ) SI_UNIT ( $, .RADIAN. ) );
#788 = EDGE_LOOP ( 'NONE', ( #644, #1065, #1394, #2339 ) ) ;
#789 = EDGE_LOOP ( 'NONE', ( #1435, #3300, #1597, #1616 ) ) ;
#790 = DIRECTION ( 'NONE',  ( 0.000000000000000000, 0.000000000000000000, 1.000000000000000000 ) ) ;
#791 = SURFACE_STYLE_USAGE ( .BOTH. , #3450 ) ;
#792 = ORIENTED_EDGE ( 'NONE', *, *, #3207, .T. ) ;
#793 =( GEOMETRIC_REPRESENTATION_CONTEXT ( 3 ) GLOBAL_UNCERTAINTY_ASSIGNED_CONTEXT ( ( #1992 ) ) GLOBAL_UNIT_ASSIGNED_CONTEXT ( ( #3523, #1820, #635 ) ) REPRESENTATION_CONTEXT ( 'NONE', 'WORKASPACE' ) );
#794 = CARTESIAN_POINT ( 'NONE',  ( -1.899999999999999467, 0.2400000000000000189, 0.5000000000000000000 ) ) ;
#795 = VECTOR ( 'NONE', #1362, 1000.000000000000000 ) ;
#796 = FILL_AREA_STYLE ('',( #765 ) ) ;
#797 = CARTESIAN_POINT ( 'NONE',  ( 0.6999999999999998446, 0.1099999999999999867, -0.5000000000000000000 ) ) ;
#798 = CARTESIAN_POINT ( 'NONE',  ( 0.1000000000000000333, 0.1099999999999999867, -0.2000000000000003997 ) ) ;
#799 = LINE ( 'NONE', #3737, #2744 ) ;
#800 = PRESENTATION_LAYER_ASSIGNMENT (  '', '', ( #3238 ) ) ;
#801 = DIRECTION ( 'NONE',  ( 1.000000000000000000, 0.000000000000000000, 0.000000000000000000 ) ) ;
#802 =( GEOMETRIC_REPRESENTATION_CONTEXT ( 3 ) GLOBAL_UNCERTAINTY_ASSIGNED_CONTEXT ( ( #2373 ) ) GLOBAL_UNIT_ASSIGNED_CONTEXT ( ( #290, #584, #307 ) ) REPRESENTATION_CONTEXT ( 'NONE', 'WORKASPACE' ) );
#803 = FILL_AREA_STYLE ('',( #3418 ) ) ;
#804 = ORIENTED_EDGE ( 'NONE', *, *, #1232, .T. ) ;
#805 = CARTESIAN_POINT ( 'NONE',  ( -1.399999999999999023, 0.1099999999999999867, 0.1999999999999999278 ) ) ;
#806 = LINE ( 'NONE', #3091, #1839 ) ;
#807 =( GEOMETRIC_REPRESENTATION_CONTEXT ( 3 ) GLOBAL_UNCERTAINTY_ASSIGNED_CONTEXT ( ( #1577 ) ) GLOBAL_UNIT_ASSIGNED_CONTEXT ( ( #3122, #1632, #1324 ) ) REPRESENTATION_CONTEXT ( 'NONE', 'WORKASPACE' ) );
#808 = EDGE_CURVE ( 'NONE', #259, #1168, #2170, .T. ) ;
#809 = AXIS2_PLACEMENT_3D ( 'NONE', #2246, #2172, #2764 ) ;
#810 = ORIENTED_EDGE ( 'NONE', *, *, #3000, .T. ) ;
#811 = MANIFOLD_SOLID_BREP ( 'Boss-Extrude2[3]', #1651 ) ;
#812 = ORIENTED_EDGE ( 'NONE', *, *, #3631, .F. ) ;
#813 = PRESENTATION_LAYER_ASSIGNMENT (  '', '', ( #1965 ) ) ;
#814 = EDGE_CURVE ( 'NONE', #2025, #3601, #2735, .T. ) ;
#815 = SURFACE_STYLE_FILL_AREA ( #1186 ) ;
#816 = EDGE_CURVE ( 'NONE', #453, #917, #3641, .T. ) ;
#817 = LINE ( 'NONE', #2586, #1959 ) ;
#818 = ORIENTED_EDGE ( 'NONE', *, *, #365, .T. ) ;
#819 = DIRECTION ( 'NONE',  ( 0.000000000000000000, -0.000000000000000000, 1.000000000000000000 ) ) ;
#820 = MANIFOLD_SOLID_BREP ( 'Boss-Extrude2[8]', #2011 ) ;
#821 = VECTOR ( 'NONE', #54, 1000.000000000000000 ) ;
#822 = CARTESIAN_POINT ( 'NONE',  ( 0.000000000000000000, 0.1099999999999999867, 0.000000000000000000 ) ) ;
#823 = PLANE ( 'NONE',  #38 ) ;
#824 = VECTOR ( 'NONE', #3285, 1000.000000000000000 ) ;
#825 = SURFACE_STYLE_USAGE ( .BOTH. , #2880 ) ;
#826 = PRESENTATION_STYLE_ASSIGNMENT (( #1746 ) ) ;
#827 = VECTOR ( 'NONE', #514, 1000.000000000000000 ) ;
#828 = LINE ( 'NONE', #3702, #1428 ) ;
#829 = ORIENTED_EDGE ( 'NONE', *, *, #530, .F. ) ;
#830 = DIRECTION ( 'NONE',  ( -0.000000000000000000, -1.000000000000000000, -0.000000000000000000 ) ) ;
#831 = FILL_AREA_STYLE_COLOUR ( '', #1727 ) ;
#832 = ORIENTED_EDGE ( 'NONE', *, *, #2332, .T. ) ;
#833 =( NAMED_UNIT ( * ) SI_UNIT ( $, .STERADIAN. ) SOLID_ANGLE_UNIT ( ) );
#834 = ADVANCED_FACE ( 'NONE', ( #3727 ), #1906, .F. ) ;
#835 = PRESENTATION_STYLE_ASSIGNMENT (( #791 ) ) ;
#836 =( NAMED_UNIT ( * ) PLANE_ANGLE_UNIT ( ) SI_UNIT ( $, .RADIAN. ) );
#837 = EDGE_LOOP ( 'NONE', ( #2897, #3097, #1695, #1819 ) ) ;
#838 = EDGE_CURVE ( 'NONE', #3217, #1691, #1164, .T. ) ;
#839 = FILL_AREA_STYLE_COLOUR ( '', #3056 ) ;
#840 = PLANE ( 'NONE',  #2263 ) ;
#841 = CARTESIAN_POINT ( 'NONE',  ( 0.9000000000000001332, 0.2400000000000000189, -0.1999999999999999556 ) ) ;
#842 = SURFACE_STYLE_USAGE ( .BOTH. , #2899 ) ;
#843 =( NAMED_UNIT ( * ) SI_UNIT ( $, .STERADIAN. ) SOLID_ANGLE_UNIT ( ) );
#844 =( NAMED_UNIT ( * ) PLANE_ANGLE_UNIT ( ) SI_UNIT ( $, .RADIAN. ) );
#845 =( NAMED_UNIT ( * ) PLANE_ANGLE_UNIT ( ) SI_UNIT ( $, .RADIAN. ) );
#846 = EDGE_LOOP ( 'NONE', ( #410, #733, #3477, #447 ) ) ;
#847 = DIRECTION ( 'NONE',  ( -0.000000000000000000, -1.000000000000000000, -0.000000000000000000 ) ) ;
#848 = PRESENTATION_STYLE_ASSIGNMENT (( #3461 ) ) ;
#849 = VERTEX_POINT ( 'NONE', #3694 ) ;
#850 = EDGE_LOOP ( 'NONE', ( #676, #1105, #610, #2144 ) ) ;
#851 =( NAMED_UNIT ( * ) SI_UNIT ( $, .STERADIAN. ) SOLID_ANGLE_UNIT ( ) );
#852 = UNCERTAINTY_MEASURE_WITH_UNIT (LENGTH_MEASURE( 1.000000000000000082E-05 ), #2688, 'distance_accuracy_value', 'NONE');
#853 = DIRECTION ( 'NONE',  ( -0.000000000000000000, -1.000000000000000000, -0.000000000000000000 ) ) ;
#854 = CARTESIAN_POINT ( 'NONE',  ( -1.777212026920311327, -0.2300000000000000100, -0.3910685450942153474 ) ) ;
#855 = ORIENTED_EDGE ( 'NONE', *, *, #1706, .F. ) ;
#856 = SURFACE_SIDE_STYLE ('',( #3467 ) ) ;
#857 = CARTESIAN_POINT ( 'NONE',  ( -0.4999999999999990563, 0.1099999999999999867, 0.1999999999999999278 ) ) ;
#858 = FILL_AREA_STYLE_COLOUR ( '', #2529 ) ;
#859 = ADVANCED_FACE ( 'NONE', ( #1739 ), #1445, .F. ) ;
#860 = STYLED_ITEM ( 'NONE', ( #196 ), #205 ) ;
#861 = SURFACE_SIDE_STYLE ('',( #3475 ) ) ;
#862 = EDGE_CURVE ( 'NONE', #1044, #1710, #2818, .T. ) ;
#863 = VECTOR ( 'NONE', #847, 1000.000000000000000 ) ;
#864 = VERTEX_POINT ( 'NONE', #2601 ) ;
#865 = DIRECTION ( 'NONE',  ( 0.000000000000000000, 0.000000000000000000, 1.000000000000000000 ) ) ;
#866 = DIRECTION ( 'NONE',  ( -4.065758146820638669E-16, 0.000000000000000000, -1.000000000000000000 ) ) ;
#867 = PRESENTATION_LAYER_ASSIGNMENT (  '', '', ( #1836 ) ) ;
#868 = AXIS2_PLACEMENT_3D ( 'NONE', #3439, #1703, #2857 ) ;
#869 =( LENGTH_UNIT ( ) NAMED_UNIT ( * ) SI_UNIT ( .MILLI., .METRE. ) );
#870 = VERTEX_POINT ( 'NONE', #2546 ) ;
#871 = STYLED_ITEM ( 'NONE', ( #3665 ), #1937 ) ;
#872 = DIRECTION ( 'NONE',  ( -1.000000000000000000, 0.000000000000000000, 9.035018104045873159E-17 ) ) ;
#873 =( GEOMETRIC_REPRESENTATION_CONTEXT ( 3 ) GLOBAL_UNCERTAINTY_ASSIGNED_CONTEXT ( ( #3596 ) ) GLOBAL_UNIT_ASSIGNED_CONTEXT ( ( #2281, #2890, #1419 ) ) REPRESENTATION_CONTEXT ( 'NONE', 'WORKASPACE' ) );
#874 = FILL_AREA_STYLE_COLOUR ( '', #3176 ) ;
#875 = VECTOR ( 'NONE', #1002, 1000.000000000000000 ) ;
#876 = LINE ( 'NONE', #2913, #570 ) ;
#877 = ORIENTED_EDGE ( 'NONE', *, *, #139, .T. ) ;
#878 = SURFACE_SIDE_STYLE ('',( #526 ) ) ;
#879 = AXIS2_PLACEMENT_3D ( 'NONE', #1373, #2535, #563 ) ;
#880 = LINE ( 'NONE', #2898, #2337 ) ;
#881 = COLOUR_RGB ( '',1.000000000000000000, 1.000000000000000000, 1.000000000000000000 ) ;
#882 = FACE_OUTER_BOUND ( 'NONE', #3023, .T. ) ;
#883 = CARTESIAN_POINT ( 'NONE',  ( 0.1000000000000000333, 0.1099999999999999867, -0.2000000000000003997 ) ) ;
#884 = LINE ( 'NONE', #2042, #3425 ) ;
#885 =( GEOMETRIC_REPRESENTATION_CONTEXT ( 3 ) GLOBAL_UNCERTAINTY_ASSIGNED_CONTEXT ( ( #3448 ) ) GLOBAL_UNIT_ASSIGNED_CONTEXT ( ( #1204, #1240, #2984 ) ) REPRESENTATION_CONTEXT ( 'NONE', 'WORKASPACE' ) );
#886 = EDGE_CURVE ( 'NONE', #3491, #2835, #207, .T. ) ;
#887 = SURFACE_STYLE_FILL_AREA ( #333 ) ;
#888 = AXIS2_PLACEMENT_3D ( 'NONE', #3102, #2502, #3074 ) ;
#889 = EDGE_CURVE ( 'NONE', #170, #1261, #3433, .T. ) ;
#890 = PRESENTATION_STYLE_ASSIGNMENT (( #417 ) ) ;
#891 = EDGE_CURVE ( 'NONE', #2235, #306, #1424, .T. ) ;
#892 = STYLED_ITEM ( 'NONE', ( #565 ), #3588 ) ;
#893 = ORIENTED_EDGE ( 'NONE', *, *, #2440, .T. ) ;
#894 = ORIENTED_EDGE ( 'NONE', *, *, #2557, .F. ) ;
#895 = UNCERTAINTY_MEASURE_WITH_UNIT (LENGTH_MEASURE( 1.000000000000000082E-05 ), #3105, 'distance_accuracy_value', 'NONE');
#896 = FILL_AREA_STYLE_COLOUR ( '', #35 ) ;
#897 = VERTEX_POINT ( 'NONE', #2302 ) ;
#898 = DIRECTION ( 'NONE',  ( -0.000000000000000000, 1.000000000000000000, 0.000000000000000000 ) ) ;
#899 = CARTESIAN_POINT ( 'NONE',  ( -1.399999999999999023, 0.1099999999999999867, 0.5000000000000000000 ) ) ;
#900 = DIRECTION ( 'NONE',  ( 0.000000000000000000, 0.000000000000000000, -1.000000000000000000 ) ) ;
#901 = LINE ( 'NONE', #1451, #1531 ) ;
#902 = LINE ( 'NONE', #568, #997 ) ;
#903 = CARTESIAN_POINT ( 'NONE',  ( -0.8999999999999991340, 0.1099999999999999867, -0.2000000000000003719 ) ) ;
#904 =( LENGTH_UNIT ( ) NAMED_UNIT ( * ) SI_UNIT ( .MILLI., .METRE. ) );
#905 = EDGE_LOOP ( 'NONE', ( #55, #2199, #536, #1654 ) ) ;
#906 = EDGE_CURVE ( 'NONE', #2797, #1418, #817, .T. ) ;
#907 = FILL_AREA_STYLE_COLOUR ( '', #3541 ) ;
#908 = DIRECTION ( 'NONE',  ( -1.000000000000000000, -0.000000000000000000, 1.355252715606880049E-16 ) ) ;
#909 = EDGE_LOOP ( 'NONE', ( #804, #3572, #1043, #1256 ) ) ;
#910 = VERTEX_POINT ( 'NONE', #1868 ) ;
#911 = FACE_OUTER_BOUND ( 'NONE', #1464, .T. ) ;
#912 = FACE_OUTER_BOUND ( 'NONE', #2752, .T. ) ;
#913 = DIRECTION ( 'NONE',  ( -0.000000000000000000, 0.000000000000000000, -1.000000000000000000 ) ) ;
#914 = DIRECTION ( 'NONE',  ( 0.000000000000000000, -0.000000000000000000, 1.000000000000000000 ) ) ;
#915 = DIRECTION ( 'NONE',  ( 0.000000000000000000, 1.000000000000000000, 0.000000000000000000 ) ) ;
#916 = FILL_AREA_STYLE ('',( #3536 ) ) ;
#917 = VERTEX_POINT ( 'NONE', #2496 ) ;
#918 = CARTESIAN_POINT ( 'NONE',  ( 1.200000000000001066, 0.2599999999999999534, 0.1999999999999999278 ) ) ;
#919 = UNCERTAINTY_MEASURE_WITH_UNIT (LENGTH_MEASURE( 1.000000000000000082E-05 ), #2962, 'distance_accuracy_value', 'NONE');
#920 = VECTOR ( 'NONE', #1673, 1000.000000000000000 ) ;
#921 = VECTOR ( 'NONE', #605, 1000.000000000000000 ) ;
#922 = CARTESIAN_POINT ( 'NONE',  ( -0.4999999999999990563, 0.1099999999999999867, 0.4999999999999998890 ) ) ;
#923 = EDGE_CURVE ( 'NONE', #3538, #165, #2457, .T. ) ;
#924 = LINE ( 'NONE', #1788, #92 ) ;
#925 = AXIS2_PLACEMENT_3D ( 'NONE', #2300, #3508, #1786 ) ;
#926 = VECTOR ( 'NONE', #1934, 1000.000000000000000 ) ;
#927 = EDGE_LOOP ( 'NONE', ( #640, #3336, #2778, #43 ) ) ;
#928 = EDGE_LOOP ( 'NONE', ( #1950, #2596, #1867, #56 ) ) ;
#929 = EDGE_CURVE ( 'NONE', #2288, #1142, #460, .T. ) ;
#930 = VECTOR ( 'NONE', #2422, 1000.000000000000000 ) ;
#931 = ADVANCED_FACE ( 'NONE', ( #992 ), #2478, .T. ) ;
#932 = CARTESIAN_POINT ( 'NONE',  ( 0.9000000000000002442, 0.1099999999999999867, -0.5000000000000000000 ) ) ;
#933 = CARTESIAN_POINT ( 'NONE',  ( -0.6999999999999989564, 0.2599999999999999534, -0.2000000000000003997 ) ) ;
#934 = LINE ( 'NONE', #1242, #2043 ) ;
#935 = AXIS2_PLACEMENT_3D ( 'NONE', #3441, #2902, #12 ) ;
#936 = ORIENTED_EDGE ( 'NONE', *, *, #2715, .F. ) ;
#937 = FACE_OUTER_BOUND ( 'NONE', #3599, .T. ) ;
#938 =( GEOMETRIC_REPRESENTATION_CONTEXT ( 3 ) GLOBAL_UNCERTAINTY_ASSIGNED_CONTEXT ( ( #2639 ) ) GLOBAL_UNIT_ASSIGNED_CONTEXT ( ( #189, #2520, #3399 ) ) REPRESENTATION_CONTEXT ( 'NONE', 'WORKASPACE' ) );
#939 = CARTESIAN_POINT ( 'NONE',  ( 0.000000000000000000, 0.1099999999999999867, 0.000000000000000000 ) ) ;
#940 = CARTESIAN_POINT ( 'NONE',  ( 0.6999999999999999556, 0.2599999999999999534, -0.1999999999999999278 ) ) ;
#941 = VECTOR ( 'NONE', #3239, 1000.000000000000000 ) ;
#942 =( LENGTH_UNIT ( ) NAMED_UNIT ( * ) SI_UNIT ( .MILLI., .METRE. ) );
#943 = CARTESIAN_POINT ( 'NONE',  ( 0.3000000000000009326, 0.1099999999999999867, 0.5000000000000000000 ) ) ;
#944 = PRESENTATION_LAYER_ASSIGNMENT (  '', '', ( #2583 ) ) ;
#945 = ORIENTED_EDGE ( 'NONE', *, *, #3133, .F. ) ;
#946 = PLANE ( 'NONE',  #3228 ) ;
#947 = VECTOR ( 'NONE', #2355, 1000.000000000000000 ) ;
#948 = DIRECTION ( 'NONE',  ( 0.000000000000000000, -0.000000000000000000, 1.000000000000000000 ) ) ;
#949 = FILL_AREA_STYLE ('',( #2397 ) ) ;
#950 = ORIENTED_EDGE ( 'NONE', *, *, #1907, .T. ) ;
#951 = PRESENTATION_STYLE_ASSIGNMENT (( #3567 ) ) ;
#952 = FILL_AREA_STYLE_COLOUR ( '', #3440 ) ;
#953 = EDGE_CURVE ( 'NONE', #3443, #897, #719, .T. ) ;
#954 = FACE_OUTER_BOUND ( 'NONE', #2828, .T. ) ;
#955 = CARTESIAN_POINT ( 'NONE',  ( -1.899999999999999467, -0.2400000000000000189, -0.5000000000000000000 ) ) ;
#956 = ORIENTED_EDGE ( 'NONE', *, *, #3230, .F. ) ;
#957 = CARTESIAN_POINT ( 'NONE',  ( -1.199999999999998845, 0.2599999999999999534, 0.5000000000000000000 ) ) ;
#958 = CARTESIAN_POINT ( 'NONE',  ( 0.000000000000000000, 0.2599999999999999534, 0.000000000000000000 ) ) ;
#959 = CARTESIAN_POINT ( 'NONE',  ( 0.5000000000000011102, 0.2599999999999999534, 0.1999999999999999001 ) ) ;
#960 = DIRECTION ( 'NONE',  ( 0.000000000000000000, 0.000000000000000000, 1.000000000000000000 ) ) ;
#961 = ORIENTED_EDGE ( 'NONE', *, *, #747, .F. ) ;
#962 = LINE ( 'NONE', #2669, #2613 ) ;
#963 = UNCERTAINTY_MEASURE_WITH_UNIT (LENGTH_MEASURE( 1.000000000000000082E-05 ), #731, 'distance_accuracy_value', 'NONE');
#964 = CARTESIAN_POINT ( 'NONE',  ( -1.800000000000000044, 0.1099999999999999867, -0.2000000000000003719 ) ) ;
#965 = ORIENTED_EDGE ( 'NONE', *, *, #2089, .T. ) ;
#966 = CARTESIAN_POINT ( 'NONE',  ( -0.4999999999999990563, 0.2599999999999999534, 0.1999999999999999278 ) ) ;
#967 = PLANE ( 'NONE',  #689 ) ;
#968 = CARTESIAN_POINT ( 'NONE',  ( 0.9000000000000002442, 0.2599999999999999534, -0.5000000000000000000 ) ) ;
#969 = ORIENTED_EDGE ( 'NONE', *, *, #2720, .T. ) ;
#970 = CARTESIAN_POINT ( 'NONE',  ( 1.200000000000001066, 0.1099999999999999867, 0.4999999999999997780 ) ) ;
#971 = DIRECTION ( 'NONE',  ( -0.000000000000000000, 1.000000000000000000, 0.000000000000000000 ) ) ;
#972 = SURFACE_STYLE_USAGE ( .BOTH. , #1870 ) ;
#973 = EDGE_CURVE ( 'NONE', #2760, #2915, #1661, .T. ) ;
#974 =( LENGTH_UNIT ( ) NAMED_UNIT ( * ) SI_UNIT ( .MILLI., .METRE. ) );
#975 = CARTESIAN_POINT ( 'NONE',  ( 0.3000000000000009326, 0.2400000000000000189, 0.1999999999999999833 ) ) ;
#976 = PLANE ( 'NONE',  #3612 ) ;
#977 = EDGE_CURVE ( 'NONE', #1025, #1370, #2188, .T. ) ;
#978 = PRESENTATION_LAYER_ASSIGNMENT (  '', '', ( #1468 ) ) ;
#979 = ORIENTED_EDGE ( 'NONE', *, *, #1232, .F. ) ;
#980 = FILL_AREA_STYLE ('',( #339 ) ) ;
#981 = COLOUR_RGB ( '',1.000000000000000000, 1.000000000000000000, 1.000000000000000000 ) ;
#982 = SURFACE_STYLE_FILL_AREA ( #3579 ) ;
#983 = DIRECTION ( 'NONE',  ( -0.000000000000000000, 1.000000000000000000, 0.000000000000000000 ) ) ;
#984 = ORIENTED_EDGE ( 'NONE', *, *, #2651, .F. ) ;
#985 = VECTOR ( 'NONE', #1693, 1000.000000000000000 ) ;
#986 = VERTEX_POINT ( 'NONE', #187 ) ;
#987 = AXIS2_PLACEMENT_3D ( 'NONE', #1611, #3643, #2723 ) ;
#988 =( NAMED_UNIT ( * ) SI_UNIT ( $, .STERADIAN. ) SOLID_ANGLE_UNIT ( ) );
#989 = MECHANICAL_DESIGN_GEOMETRIC_PRESENTATION_REPRESENTATION (  '', ( #1666 ), #873 ) ;
#990 = FILL_AREA_STYLE ('',( #952 ) ) ;
#991 = ORIENTED_EDGE ( 'NONE', *, *, #3114, .F. ) ;
#992 = FACE_OUTER_BOUND ( 'NONE', #3635, .T. ) ;
#993 = CARTESIAN_POINT ( 'NONE',  ( -1.899999999999999467, -0.2400000000000000189, 0.5000000000000000000 ) ) ;
#994 = AXIS2_PLACEMENT_3D ( 'NONE', #1274, #700, #2731 ) ;
#995 = FACE_OUTER_BOUND ( 'NONE', #1660, .T. ) ;
#996 = CARTESIAN_POINT ( 'NONE',  ( -1.199999999999998845, 0.2599999999999999534, 0.5000000000000000000 ) ) ;
#997 = VECTOR ( 'NONE', #3206, 1000.000000000000000 ) ;
#998 = COLOUR_RGB ( '',1.000000000000000000, 1.000000000000000000, 1.000000000000000000 ) ;
#999 = LINE ( 'NONE', #2663, #1557 ) ;
#1000 = FILL_AREA_STYLE_COLOUR ( '', #2813 ) ;
#1001 = EDGE_CURVE ( 'NONE', #1168, #1562, #2226, .T. ) ;
#1002 = DIRECTION ( 'NONE',  ( 1.000000000000000000, 0.000000000000000000, -1.355252715606879310E-16 ) ) ;
#1003 = MECHANICAL_DESIGN_GEOMETRIC_PRESENTATION_REPRESENTATION (  '', ( #3738 ), #335 ) ;
#1004 = EDGE_CURVE ( 'NONE', #3690, #2105, #3712, .T. ) ;
#1005 = ORIENTED_EDGE ( 'NONE', *, *, #2160, .T. ) ;
#1006 =( NAMED_UNIT ( * ) SI_UNIT ( $, .STERADIAN. ) SOLID_ANGLE_UNIT ( ) );
#1007 = CARTESIAN_POINT ( 'NONE',  ( 0.000000000000000000, 0.1099999999999999867, 0.000000000000000000 ) ) ;
#1008 = ORIENTED_EDGE ( 'NONE', *, *, #1564, .F. ) ;
#1009 = VECTOR ( 'NONE', #3555, 1000.000000000000000 ) ;
#1010 = ORIENTED_EDGE ( 'NONE', *, *, #711, .F. ) ;
#1011 = DIRECTION ( 'NONE',  ( 0.000000000000000000, 1.000000000000000000, 0.000000000000000000 ) ) ;
#1012 = COLOUR_RGB ( '',1.000000000000000000, 1.000000000000000000, 1.000000000000000000 ) ;
#1013 = EDGE_LOOP ( 'NONE', ( #1108, #1010, #1528, #2540 ) ) ;
#1014 = DIRECTION ( 'NONE',  ( 1.000000000000000000, 0.000000000000000000, 0.000000000000000000 ) ) ;
#1015 = CARTESIAN_POINT ( 'NONE',  ( 0.9000000000000002442, 0.1099999999999999867, -0.5000000000000000000 ) ) ;
#1016 = LINE ( 'NONE', #1663, #2275 ) ;
#1017 = DIRECTION ( 'NONE',  ( 0.000000000000000000, 0.000000000000000000, -1.000000000000000000 ) ) ;
#1018 = SURFACE_SIDE_STYLE ('',( #40 ) ) ;
#1019 = ORIENTED_EDGE ( 'NONE', *, *, #1415, .T. ) ;
#1020 = DIRECTION ( 'NONE',  ( 0.000000000000000000, 0.000000000000000000, 1.000000000000000000 ) ) ;
#1021 = CARTESIAN_POINT ( 'NONE',  ( -0.2999999999999989342, 0.2599999999999999534, 0.1999999999999999001 ) ) ;
#1022 = SURFACE_STYLE_USAGE ( .BOTH. , #3632 ) ;
#1023 = EDGE_CURVE ( 'NONE', #3544, #784, #1977, .T. ) ;
#1024 = ORIENTED_EDGE ( 'NONE', *, *, #1886, .F. ) ;
#1025 = VERTEX_POINT ( 'NONE', #2012 ) ;
#1026 = PRESENTATION_STYLE_ASSIGNMENT (( #1878 ) ) ;
#1027 = FILL_AREA_STYLE ('',( #3397 ) ) ;
#1028 = ADVANCED_FACE ( 'NONE', ( #3492 ), #1447, .T. ) ;
#1029 = ADVANCED_FACE ( 'NONE', ( #3138 ), #3412, .F. ) ;
#1030 = DIRECTION ( 'NONE',  ( 1.000000000000000000, 0.000000000000000000, -0.000000000000000000 ) ) ;
#1031 = EDGE_LOOP ( 'NONE', ( #1882, #2086, #3434, #1733 ) ) ;
#1032 = DIRECTION ( 'NONE',  ( 3.614007241618347292E-16, 0.000000000000000000, 1.000000000000000000 ) ) ;
#1033 = CARTESIAN_POINT ( 'NONE',  ( -0.4999999999999990563, 0.2400000000000000189, 0.1999999999999999278 ) ) ;
#1034 = DIRECTION ( 'NONE',  ( -1.000000000000000000, 0.000000000000000000, -0.000000000000000000 ) ) ;
#1035 =( NAMED_UNIT ( * ) SI_UNIT ( $, .STERADIAN. ) SOLID_ANGLE_UNIT ( ) );
#1036 = FILL_AREA_STYLE ('',( #1667 ) ) ;
#1037 = FILL_AREA_STYLE ('',( #1000 ) ) ;
#1038 = LINE ( 'NONE', #3365, #3241 ) ;
#1039 = LINE ( 'NONE', #3366, #3557 ) ;
#1040 = CARTESIAN_POINT ( 'NONE',  ( 1.600000000000000089, 0.2599999999999999534, -0.5000000000000002220 ) ) ;
#1041 = VERTEX_POINT ( 'NONE', #1957 ) ;
#1042 = DIRECTION ( 'NONE',  ( -0.000000000000000000, 1.000000000000000000, -0.000000000000000000 ) ) ;
#1043 = ORIENTED_EDGE ( 'NONE', *, *, #3524, .F. ) ;
#1044 = VERTEX_POINT ( 'NONE', #3117 ) ;
#1045 = LINE ( 'NONE', #3094, #3001 ) ;
#1046 = CLOSED_SHELL ( 'NONE', ( #2207, #205, #1771, #2062, #2494, #1392 ) ) ;
#1047 = ADVANCED_FACE ( 'NONE', ( #2853 ), #242, .F. ) ;
#1048 = CARTESIAN_POINT ( 'NONE',  ( 1.900000000000000355, -0.2400000000000000189, 0.5000000000000000000 ) ) ;
#1049 = AXIS2_PLACEMENT_3D ( 'NONE', #3627, #135, #2500 ) ;
#1050 = DIRECTION ( 'NONE',  ( 1.355252715606880049E-16, 0.000000000000000000, 1.000000000000000000 ) ) ;
#1051 = VERTEX_POINT ( 'NONE', #3218 ) ;
#1052 = ADVANCED_FACE ( 'NONE', ( #911 ), #2070, .F. ) ;
#1053 = ADVANCED_FACE ( 'NONE', ( #1808 ), #3582, .F. ) ;
#1054 = VECTOR ( 'NONE', #2433, 1000.000000000000000 ) ;
#1055 = PRESENTATION_STYLE_ASSIGNMENT (( #462 ) ) ;
#1056 = PLANE ( 'NONE',  #2769 ) ;
#1057 = VECTOR ( 'NONE', #853, 1000.000000000000000 ) ;
#1058 = MECHANICAL_DESIGN_GEOMETRIC_PRESENTATION_REPRESENTATION (  '', ( #3430 ), #79 ) ;
#1059 = SURFACE_SIDE_STYLE ('',( #3085 ) ) ;
#1060 = CARTESIAN_POINT ( 'NONE',  ( 1.800000000000000266, 0.2599999999999999534, -0.5000000000000002220 ) ) ;
#1061 = VECTOR ( 'NONE', #2196, 1000.000000000000000 ) ;
#1062 = PRESENTATION_LAYER_ASSIGNMENT (  '', '', ( #137 ) ) ;
#1063 = DIRECTION ( 'NONE',  ( -0.000000000000000000, -1.000000000000000000, -0.000000000000000000 ) ) ;
#1064 = SURFACE_STYLE_FILL_AREA ( #803 ) ;
#1065 = ORIENTED_EDGE ( 'NONE', *, *, #2599, .F. ) ;
#1066 = AXIS2_PLACEMENT_3D ( 'NONE', #1496, #48, #3186 ) ;
#1067 = SURFACE_STYLE_FILL_AREA ( #3352 ) ;
#1068 = STYLED_ITEM ( 'NONE', ( #479 ), #2512 ) ;
#1069 = VERTEX_POINT ( 'NONE', #2618 ) ;
#1070 = ORIENTED_EDGE ( 'NONE', *, *, #3338, .T. ) ;
#1071 = CIRCLE ( 'NONE', #1675, 0.03708142713339462881 ) ;
#1072 = SURFACE_STYLE_USAGE ( .BOTH. , #126 ) ;
#1073 = MECHANICAL_DESIGN_GEOMETRIC_PRESENTATION_REPRESENTATION (  '', ( #1857 ), #2037 ) ;
#1074 = DIRECTION ( 'NONE',  ( 0.000000000000000000, -0.000000000000000000, 1.000000000000000000 ) ) ;
#1075 = EDGE_LOOP ( 'NONE', ( #1212, #2052, #67, #1217 ) ) ;
#1076 = DIRECTION ( 'NONE',  ( 1.000000000000000000, 0.000000000000000000, -1.355252715606880789E-16 ) ) ;
#1077 = PRESENTATION_LAYER_ASSIGNMENT (  '', '', ( #2348 ) ) ;
#1078 = PRESENTATION_STYLE_ASSIGNMENT (( #1321 ) ) ;
#1079 = COLOUR_RGB ( '',1.000000000000000000, 1.000000000000000000, 1.000000000000000000 ) ;
#1080 = CARTESIAN_POINT ( 'NONE',  ( -0.1000000000000000056, 0.2599999999999999534, -0.5000000000000003331 ) ) ;
#1081 = CARTESIAN_POINT ( 'NONE',  ( -0.1000000000000000056, 0.1099999999999999867, -0.5000000000000003331 ) ) ;
#1082 = ORIENTED_EDGE ( 'NONE', *, *, #1995, .T. ) ;
#1083 = CARTESIAN_POINT ( 'NONE',  ( 1.800000000000000266, 0.1099999999999999867, -0.5000000000000002220 ) ) ;
#1084 = SURFACE_STYLE_FILL_AREA ( #3648 ) ;
#1085 = VERTEX_POINT ( 'NONE', #360 ) ;
#1086 = EDGE_LOOP ( 'NONE', ( #715, #303, #2376, #757 ) ) ;
#1087 = CARTESIAN_POINT ( 'NONE',  ( -0.8999999999999991340, 0.1099999999999999867, -0.5000000000000001110 ) ) ;
#1088 = LINE ( 'NONE', #1336, #1550 ) ;
#1089 = ORIENTED_EDGE ( 'NONE', *, *, #547, .F. ) ;
#1090 = CARTESIAN_POINT ( 'NONE',  ( 0.000000000000000000, 0.2599999999999999534, 0.000000000000000000 ) ) ;
#1091 = SURFACE_STYLE_FILL_AREA ( #796 ) ;
#1092 = DIRECTION ( 'NONE',  ( 0.000000000000000000, -0.000000000000000000, 1.000000000000000000 ) ) ;
#1093 = LINE ( 'NONE', #2463, #3607 ) ;
#1094 = CARTESIAN_POINT ( 'NONE',  ( 0.9000000000000001332, 0.2599999999999999534, -0.1999999999999999556 ) ) ;
#1095 = EDGE_CURVE ( 'NONE', #2689, #2987, #2363, .T. ) ;
#1096 = CARTESIAN_POINT ( 'NONE',  ( 0.3000000000000009326, 0.2599999999999999534, 0.1999999999999999833 ) ) ;
#1097 = VERTEX_POINT ( 'NONE', #2347 ) ;
#1098 = DIRECTION ( 'NONE',  ( 1.000000000000000000, 0.000000000000000000, -3.614007241618347785E-16 ) ) ;
#1099 = CARTESIAN_POINT ( 'NONE',  ( -1.777212026920311327, -0.2300000000000000100, -0.3539871179608206631 ) ) ;
#1100 = ADVANCED_FACE ( 'NONE', ( #1508 ), #2658, .F. ) ;
#1101 = LINE ( 'NONE', #2252, #131 ) ;
#1102 = ADVANCED_FACE ( 'NONE', ( #71 ), #1238, .T. ) ;
#1103 = LINE ( 'NONE', #3210, #23 ) ;
#1104 = ORIENTED_EDGE ( 'NONE', *, *, #2378, .F. ) ;
#1105 = ORIENTED_EDGE ( 'NONE', *, *, #3756, .F. ) ;
#1106 = PRESENTATION_STYLE_ASSIGNMENT (( #2257 ) ) ;
#1107 = CARTESIAN_POINT ( 'NONE',  ( -0.1000000000000000056, 0.2400000000000000189, -0.5000000000000003331 ) ) ;
#1108 = ORIENTED_EDGE ( 'NONE', *, *, #1459, .T. ) ;
#1109 = CLOSED_SHELL ( 'NONE', ( #1529, #2512, #2401, #3193, #1883, #2435 ) ) ;
#1110 = CARTESIAN_POINT ( 'NONE',  ( -1.199999999999999067, 0.1099999999999999867, 0.1999999999999999001 ) ) ;
#1111 = LINE ( 'NONE', #2548, #3120 ) ;
#1112 = VECTOR ( 'NONE', #2677, 1000.000000000000000 ) ;
#1113 = FILL_AREA_STYLE ('',( #1390 ) ) ;
#1114 = AXIS2_PLACEMENT_3D ( 'NONE', #2955, #2094, #914 ) ;
#1115 = CARTESIAN_POINT ( 'NONE',  ( -1.199999999999999067, 0.2599999999999999534, 0.1999999999999999001 ) ) ;
#1116 = EDGE_CURVE ( 'NONE', #1698, #2733, #3061, .T. ) ;
#1117 = VECTOR ( 'NONE', #2612, 1000.000000000000000 ) ;
#1118 = COLOUR_RGB ( '',0.2980392156862745057, 0.2980392156862745057, 0.2980392156862745057 ) ;
#1119 = LINE ( 'NONE', #569, #1134 ) ;
#1120 = ORIENTED_EDGE ( 'NONE', *, *, #761, .T. ) ;
#1121 = DIRECTION ( 'NONE',  ( -0.000000000000000000, -1.000000000000000000, -0.000000000000000000 ) ) ;
#1122 = EDGE_CURVE ( 'NONE', #93, #3059, #1583, .T. ) ;
#1123 =( GEOMETRIC_REPRESENTATION_CONTEXT ( 3 ) GLOBAL_UNCERTAINTY_ASSIGNED_CONTEXT ( ( #963 ) ) GLOBAL_UNIT_ASSIGNED_CONTEXT ( ( #731, #2162, #2474 ) ) REPRESENTATION_CONTEXT ( 'NONE', 'WORKASPACE' ) );
#1124 =( GEOMETRIC_REPRESENTATION_CONTEXT ( 3 ) GLOBAL_UNCERTAINTY_ASSIGNED_CONTEXT ( ( #119 ) ) GLOBAL_UNIT_ASSIGNED_CONTEXT ( ( #2125, #1488, #57 ) ) REPRESENTATION_CONTEXT ( 'NONE', 'WORKASPACE' ) );
#1125 = ADVANCED_FACE ( 'NONE', ( #108 ), #3619, .T. ) ;
#1126 = VECTOR ( 'NONE', #550, 1000.000000000000000 ) ;
#1127 = ORIENTED_EDGE ( 'NONE', *, *, #1679, .F. ) ;
#1128 = PRESENTATION_STYLE_ASSIGNMENT (( #3149 ) ) ;
#1129 = UNCERTAINTY_MEASURE_WITH_UNIT (LENGTH_MEASURE( 1.000000000000000082E-05 ), #155, 'distance_accuracy_value', 'NONE');
#1130 = PRESENTATION_LAYER_ASSIGNMENT (  '', '', ( #3379 ) ) ;
#1131 = CARTESIAN_POINT ( 'NONE',  ( -0.4999999999999990563, 0.1099999999999999867, 0.1999999999999999278 ) ) ;
#1132 = ORIENTED_EDGE ( 'NONE', *, *, #2117, .T. ) ;
#1133 =( NAMED_UNIT ( * ) SI_UNIT ( $, .STERADIAN. ) SOLID_ANGLE_UNIT ( ) );
#1134 = VECTOR ( 'NONE', #334, 1000.000000000000000 ) ;
#1135 = DIRECTION ( 'NONE',  ( -9.035018104045873159E-17, -0.000000000000000000, -1.000000000000000000 ) ) ;
#1136 = AXIS2_PLACEMENT_3D ( 'NONE', #1492, #2349, #10 ) ;
#1137 = SURFACE_SIDE_STYLE ('',( #3401 ) ) ;
#1138 =( LENGTH_UNIT ( ) NAMED_UNIT ( * ) SI_UNIT ( .MILLI., .METRE. ) );
#1139 = PRESENTATION_STYLE_ASSIGNMENT (( #3739 ) ) ;
#1140 = COLOUR_RGB ( '',0.2980392156862745057, 0.2980392156862745057, 0.2980392156862745057 ) ;
#1141 =( NAMED_UNIT ( * ) PLANE_ANGLE_UNIT ( ) SI_UNIT ( $, .RADIAN. ) );
#1142 = VERTEX_POINT ( 'NONE', #183 ) ;
#1143 = DIRECTION ( 'NONE',  ( 1.000000000000000000, 0.000000000000000000, -0.000000000000000000 ) ) ;
#1144 = CARTESIAN_POINT ( 'NONE',  ( 1.800000000000000266, 0.1099999999999999867, -0.5000000000000002220 ) ) ;
#1145 = ORIENTED_EDGE ( 'NONE', *, *, #2466, .T. ) ;
#1146 = ORIENTED_EDGE ( 'NONE', *, *, #3006, .T. ) ;
#1147 = EDGE_CURVE ( 'NONE', #2025, #2611, #412, .T. ) ;
#1148 = DIRECTION ( 'NONE',  ( -1.355252715606880049E-16, 0.000000000000000000, -1.000000000000000000 ) ) ;
#1149 = DIRECTION ( 'NONE',  ( -0.000000000000000000, -0.000000000000000000, -1.000000000000000000 ) ) ;
#1150 = VERTEX_POINT ( 'NONE', #1624 ) ;
#1151 = DIRECTION ( 'NONE',  ( -3.614007241618351729E-16, -0.000000000000000000, -1.000000000000000000 ) ) ;
#1152 = EDGE_CURVE ( 'NONE', #1202, #241, #1347, .T. ) ;
#1153 = DIRECTION ( 'NONE',  ( 1.000000000000000000, 0.000000000000000000, -1.355252715606880049E-16 ) ) ;
#1154 = LINE ( 'NONE', #1430, #3201 ) ;
#1155 = LINE ( 'NONE', #1999, #257 ) ;
#1156 =( LENGTH_UNIT ( ) NAMED_UNIT ( * ) SI_UNIT ( .MILLI., .METRE. ) );
#1157 = DIRECTION ( 'NONE',  ( 1.000000000000000000, 0.000000000000000000, 0.000000000000000000 ) ) ;
#1158 = ORIENTED_EDGE ( 'NONE', *, *, #3316, .T. ) ;
#1159 = FACE_OUTER_BOUND ( 'NONE', #3512, .T. ) ;
#1160 = UNCERTAINTY_MEASURE_WITH_UNIT (LENGTH_MEASURE( 1.000000000000000082E-05 ), #1549, 'distance_accuracy_value', 'NONE');
#1161 =( NAMED_UNIT ( * ) SI_UNIT ( $, .STERADIAN. ) SOLID_ANGLE_UNIT ( ) );
#1162 = EDGE_LOOP ( 'NONE', ( #2221, #2530, #2805, #2490 ) ) ;
#1163 = LINE ( 'NONE', #3213, #2811 ) ;
#1164 = LINE ( 'NONE', #1712, #3726 ) ;
#1165 = UNCERTAINTY_MEASURE_WITH_UNIT (LENGTH_MEASURE( 1.000000000000000082E-05 ), #285, 'distance_accuracy_value', 'NONE');
#1166 = SURFACE_SIDE_STYLE ('',( #1736 ) ) ;
#1167 = LINE ( 'NONE', #2315, #1193 ) ;
#1168 = VERTEX_POINT ( 'NONE', #1335 ) ;
#1169 = EDGE_CURVE ( 'NONE', #306, #3689, #1563, .T. ) ;
#1170 = FACE_OUTER_BOUND ( 'NONE', #1502, .T. ) ;
#1171 = EDGE_CURVE ( 'NONE', #484, #3143, #1045, .T. ) ;
#1172 = CLOSED_SHELL ( 'NONE', ( #3696, #2377, #3588, #834, #1028, #3026 ) ) ;
#1173 = DIRECTION ( 'NONE',  ( -7.228014483236692611E-16, -0.000000000000000000, -1.000000000000000000 ) ) ;
#1174 = EDGE_CURVE ( 'NONE', #3369, #1623, #3080, .T. ) ;
#1175 = PLANE ( 'NONE',  #1916 ) ;
#1176 = PRESENTATION_LAYER_ASSIGNMENT (  '', '', ( #1354 ) ) ;
#1177 = LINE ( 'NONE', #1099, #2320 ) ;
#1178 = VECTOR ( 'NONE', #247, 1000.000000000000000 ) ;
#1179 = MECHANICAL_DESIGN_GEOMETRIC_PRESENTATION_REPRESENTATION (  '', ( #1354 ), #3490 ) ;
#1180 = VERTEX_POINT ( 'NONE', #2814 ) ;
#1181 = STYLED_ITEM ( 'NONE', ( #848 ), #2050 ) ;
#1182 = CARTESIAN_POINT ( 'NONE',  ( 0.5000000000000011102, 0.1099999999999999867, 0.1999999999999999001 ) ) ;
#1183 = AXIS2_PLACEMENT_3D ( 'NONE', #2838, #2287, #2870 ) ;
#1184 = COLOUR_RGB ( '',1.000000000000000000, 1.000000000000000000, 1.000000000000000000 ) ;
#1185 = VECTOR ( 'NONE', #124, 1000.000000000000000 ) ;
#1186 = FILL_AREA_STYLE ('',( #2344 ) ) ;
#1187 = ORIENTED_EDGE ( 'NONE', *, *, #2166, .T. ) ;
#1188 = DIRECTION ( 'NONE',  ( -7.228014483236692611E-16, 0.000000000000000000, -1.000000000000000000 ) ) ;
#1189 =( GEOMETRIC_REPRESENTATION_CONTEXT ( 3 ) GLOBAL_UNCERTAINTY_ASSIGNED_CONTEXT ( ( #1765 ) ) GLOBAL_UNIT_ASSIGNED_CONTEXT ( ( #2480, #438, #1299 ) ) REPRESENTATION_CONTEXT ( 'NONE', 'WORKASPACE' ) );
#1190 = FILL_AREA_STYLE ('',( #3515 ) ) ;
#1191 = VECTOR ( 'NONE', #1369, 1000.000000000000000 ) ;
#1192 = DIRECTION ( 'NONE',  ( -1.000000000000000000, 0.000000000000000000, 1.355252715606880049E-16 ) ) ;
#1193 = VECTOR ( 'NONE', #3488, 1000.000000000000000 ) ;
#1194 = PLANE ( 'NONE',  #1847 ) ;
#1195 = DIRECTION ( 'NONE',  ( -0.000000000000000000, -1.000000000000000000, -0.000000000000000000 ) ) ;
#1196 = VECTOR ( 'NONE', #499, 1000.000000000000000 ) ;
#1197 = ORIENTED_EDGE ( 'NONE', *, *, #1333, .F. ) ;
#1198 = VECTOR ( 'NONE', #1293, 1000.000000000000000 ) ;
#1199 = UNCERTAINTY_MEASURE_WITH_UNIT (LENGTH_MEASURE( 1.000000000000000082E-05 ), #641, 'distance_accuracy_value', 'NONE');
#1200 = DIRECTION ( 'NONE',  ( -3.614007241618347292E-16, 0.000000000000000000, -1.000000000000000000 ) ) ;
#1201 = DIRECTION ( 'NONE',  ( -0.000000000000000000, 1.000000000000000000, 0.000000000000000000 ) ) ;
#1202 = VERTEX_POINT ( 'NONE', #203 ) ;
#1203 = ORIENTED_EDGE ( 'NONE', *, *, #1682, .F. ) ;
#1204 =( LENGTH_UNIT ( ) NAMED_UNIT ( * ) SI_UNIT ( .MILLI., .METRE. ) );
#1205 = SURFACE_STYLE_USAGE ( .BOTH. , #1795 ) ;
#1206 = CARTESIAN_POINT ( 'NONE',  ( -0.8999999999999991340, 0.1099999999999999867, -0.5000000000000001110 ) ) ;
#1207 = DIRECTION ( 'NONE',  ( 0.000000000000000000, 0.000000000000000000, 1.000000000000000000 ) ) ;
#1208 = CARTESIAN_POINT ( 'NONE',  ( -0.2999999999999989342, 0.2400000000000000189, 0.1999999999999999001 ) ) ;
#1209 =( NAMED_UNIT ( * ) PLANE_ANGLE_UNIT ( ) SI_UNIT ( $, .RADIAN. ) );
#1210 = EDGE_CURVE ( 'NONE', #2611, #1314, #3410, .T. ) ;
#1211 = EDGE_CURVE ( 'NONE', #2298, #3249, #1367, .T. ) ;
#1212 = ORIENTED_EDGE ( 'NONE', *, *, #1907, .F. ) ;
#1213 = CARTESIAN_POINT ( 'NONE',  ( -0.1000000000000000056, 0.1099999999999999867, -0.5000000000000003331 ) ) ;
#1214 = ADVANCED_FACE ( 'NONE', ( #1951 ), #1655, .F. ) ;
#1215 = CARTESIAN_POINT ( 'NONE',  ( 1.400000000000001021, 0.2599999999999999534, 0.1999999999999999001 ) ) ;
#1216 = ORIENTED_EDGE ( 'NONE', *, *, #740, .F. ) ;
#1217 = ORIENTED_EDGE ( 'NONE', *, *, #929, .F. ) ;
#1218 = CARTESIAN_POINT ( 'NONE',  ( 0.9000000000000002442, 0.1099999999999999867, -0.5000000000000000000 ) ) ;
#1219 = CARTESIAN_POINT ( 'NONE',  ( 0.3000000000000009326, 0.1099999999999999867, 0.1999999999999999833 ) ) ;
#1220 = EDGE_LOOP ( 'NONE', ( #1146, #3447, #1921, #1346 ) ) ;
#1221 = PRESENTATION_STYLE_ASSIGNMENT (( #2351 ) ) ;
#1222 =( NAMED_UNIT ( * ) PLANE_ANGLE_UNIT ( ) SI_UNIT ( $, .RADIAN. ) );
#1223 = CARTESIAN_POINT ( 'NONE',  ( -1.899999999999999467, 0.2400000000000000189, 0.5000000000000000000 ) ) ;
#1224 = FACE_OUTER_BOUND ( 'NONE', #3060, .T. ) ;
#1225 = VECTOR ( 'NONE', #3595, 1000.000000000000000 ) ;
#1226 = DIRECTION ( 'NONE',  ( -0.000000000000000000, 1.000000000000000000, -0.000000000000000000 ) ) ;
#1227 = VECTOR ( 'NONE', #2309, 1000.000000000000000 ) ;
#1228 = ORIENTED_EDGE ( 'NONE', *, *, #3471, .F. ) ;
#1229 = CARTESIAN_POINT ( 'NONE',  ( 0.9000000000000002442, 0.2400000000000000189, -0.5000000000000000000 ) ) ;
#1230 = VECTOR ( 'NONE', #1985, 1000.000000000000000 ) ;
#1231 = MECHANICAL_DESIGN_GEOMETRIC_PRESENTATION_REPRESENTATION (  '', ( #742 ), #73 ) ;
#1232 = EDGE_CURVE ( 'NONE', #2524, #302, #2334, .T. ) ;
#1233 = FACE_OUTER_BOUND ( 'NONE', #1361, .T. ) ;
#1234 = PLANE ( 'NONE',  #1251 ) ;
#1235 = VECTOR ( 'NONE', #1838, 1000.000000000000000 ) ;
#1236 = STYLED_ITEM ( 'NONE', ( #2872 ), #1028 ) ;
#1237 = ORIENTED_EDGE ( 'NONE', *, *, #1634, .T. ) ;
#1238 = PLANE ( 'NONE',  #1298 ) ;
#1239 = AXIS2_PLACEMENT_3D ( 'NONE', #958, #971, #680 ) ;
#1240 =( NAMED_UNIT ( * ) PLANE_ANGLE_UNIT ( ) SI_UNIT ( $, .RADIAN. ) );
#1241 = PLANE ( 'NONE',  #256 ) ;
#1242 = CARTESIAN_POINT ( 'NONE',  ( 1.200000000000001066, 0.1099999999999999867, 0.1999999999999999278 ) ) ;
#1243 =( GEOMETRIC_REPRESENTATION_CONTEXT ( 3 ) GLOBAL_UNCERTAINTY_ASSIGNED_CONTEXT ( ( #2979 ) ) GLOBAL_UNIT_ASSIGNED_CONTEXT ( ( #1704, #844, #3158 ) ) REPRESENTATION_CONTEXT ( 'NONE', 'WORKASPACE' ) );
#1244 = ORIENTED_EDGE ( 'NONE', *, *, #3677, .F. ) ;
#1245 =( NAMED_UNIT ( * ) SI_UNIT ( $, .STERADIAN. ) SOLID_ANGLE_UNIT ( ) );
#1246 = FACE_OUTER_BOUND ( 'NONE', #653, .T. ) ;
#1247 = FILL_AREA_STYLE ('',( #419 ) ) ;
#1248 = LINE ( 'NONE', #1223, #1009 ) ;
#1249 = VECTOR ( 'NONE', #2931, 1000.000000000000000 ) ;
#1250 = DIRECTION ( 'NONE',  ( 1.000000000000000000, 0.000000000000000000, -5.421010862427512309E-16 ) ) ;
#1251 = AXIS2_PLACEMENT_3D ( 'NONE', #2860, #535, #2234 ) ;
#1252 = EDGE_LOOP ( 'NONE', ( #4, #1832, #1756, #1707 ) ) ;
#1253 = MECHANICAL_DESIGN_GEOMETRIC_PRESENTATION_REPRESENTATION (  '', ( #3330 ), #3073 ) ;
#1254 = CARTESIAN_POINT ( 'NONE',  ( 0.000000000000000000, 0.2599999999999999534, 0.000000000000000000 ) ) ;
#1255 = VERTEX_POINT ( 'NONE', #1570 ) ;
#1256 = ORIENTED_EDGE ( 'NONE', *, *, #254, .T. ) ;
#1257 = ADVANCED_FACE ( 'NONE', ( #1246 ), #2922, .T. ) ;
#1258 = ADVANCED_FACE ( 'NONE', ( #995 ), #2113, .F. ) ;
#1259 = DIRECTION ( 'NONE',  ( -3.614007241618347785E-16, 0.000000000000000000, -1.000000000000000000 ) ) ;
#1260 = DIRECTION ( 'NONE',  ( 0.000000000000000000, 0.000000000000000000, 1.000000000000000000 ) ) ;
#1261 = VERTEX_POINT ( 'NONE', #2719 ) ;
#1262 = DIRECTION ( 'NONE',  ( 0.000000000000000000, 0.000000000000000000, -1.000000000000000000 ) ) ;
#1263 = CARTESIAN_POINT ( 'NONE',  ( -0.09999999999999995004, 0.1099999999999999867, -0.2000000000000003719 ) ) ;
#1264 = EDGE_CURVE ( 'NONE', #619, #147, #3032, .T. ) ;
#1265 = DIRECTION ( 'NONE',  ( 0.000000000000000000, -0.000000000000000000, 1.000000000000000000 ) ) ;
#1266 = CARTESIAN_POINT ( 'NONE',  ( -1.599999999999999867, 0.2599999999999999534, -0.2000000000000003997 ) ) ;
#1267 = DIRECTION ( 'NONE',  ( -1.000000000000000000, 0.000000000000000000, 0.000000000000000000 ) ) ;
#1268 = EDGE_LOOP ( 'NONE', ( #2713, #1326, #1603, #523 ) ) ;
#1269 = FACE_OUTER_BOUND ( 'NONE', #595, .T. ) ;
#1270 = UNCERTAINTY_MEASURE_WITH_UNIT (LENGTH_MEASURE( 1.000000000000000082E-05 ), #3740, 'distance_accuracy_value', 'NONE');
#1271 = FILL_AREA_STYLE_COLOUR ( '', #3112 ) ;
#1272 = ORIENTED_EDGE ( 'NONE', *, *, #492, .T. ) ;
#1273 = EDGE_LOOP ( 'NONE', ( #141, #3765, #1538, #2567 ) ) ;
#1274 = CARTESIAN_POINT ( 'NONE',  ( 0.000000000000000000, 0.2599999999999999534, 0.000000000000000000 ) ) ;
#1275 = SURFACE_STYLE_USAGE ( .BOTH. , #1824 ) ;
#1276 = ADVANCED_FACE ( 'NONE', ( #3600 ), #397, .F. ) ;
#1277 = SURFACE_STYLE_USAGE ( .BOTH. , #109 ) ;
#1278 = LINE ( 'NONE', #624, #1862 ) ;
#1279 = ORIENTED_EDGE ( 'NONE', *, *, #664, .F. ) ;
#1280 = EDGE_CURVE ( 'NONE', #870, #2476, #3667, .T. ) ;
#1281 = SURFACE_SIDE_STYLE ('',( #403 ) ) ;
#1282 = CARTESIAN_POINT ( 'NONE',  ( -1.599999999999999867, 0.1099999999999999867, -0.5000000000000000000 ) ) ;
#1283 = EDGE_CURVE ( 'NONE', #1255, #2909, #485, .T. ) ;
#1284 = CARTESIAN_POINT ( 'NONE',  ( -0.6999999999999989564, 0.1099999999999999867, -0.2000000000000003997 ) ) ;
#1285 = CARTESIAN_POINT ( 'NONE',  ( -1.899999999999999467, 0.2400000000000000189, -0.5000000000000000000 ) ) ;
#1286 = EDGE_LOOP ( 'NONE', ( #3358, #1070, #1145, #3504 ) ) ;
#1287 = FACE_OUTER_BOUND ( 'NONE', #1312, .T. ) ;
#1288 = ORIENTED_EDGE ( 'NONE', *, *, #371, .F. ) ;
#1289 = ORIENTED_EDGE ( 'NONE', *, *, #3700, .T. ) ;
#1290 = CARTESIAN_POINT ( 'NONE',  ( 0.3000000000000009326, 0.2599999999999999534, 0.1999999999999999833 ) ) ;
#1291 = VECTOR ( 'NONE', #3360, 1000.000000000000000 ) ;
#1292 = DIRECTION ( 'NONE',  ( -0.000000000000000000, 1.000000000000000000, 0.000000000000000000 ) ) ;
#1293 = DIRECTION ( 'NONE',  ( 1.000000000000000000, 0.000000000000000000, 0.000000000000000000 ) ) ;
#1294 = ORIENTED_EDGE ( 'NONE', *, *, #486, .F. ) ;
#1295 = DIRECTION ( 'NONE',  ( -0.000000000000000000, 1.000000000000000000, -0.000000000000000000 ) ) ;
#1296 =( GEOMETRIC_REPRESENTATION_CONTEXT ( 3 ) GLOBAL_UNCERTAINTY_ASSIGNED_CONTEXT ( ( #1462 ) ) GLOBAL_UNIT_ASSIGNED_CONTEXT ( ( #2776, #2711, #3273 ) ) REPRESENTATION_CONTEXT ( 'NONE', 'WORKASPACE' ) );
#1297 = DIRECTION ( 'NONE',  ( 1.000000000000000000, 0.000000000000000000, -1.355252715606880049E-16 ) ) ;
#1298 = AXIS2_PLACEMENT_3D ( 'NONE', #3323, #1011, #2429 ) ;
#1299 =( NAMED_UNIT ( * ) SI_UNIT ( $, .STERADIAN. ) SOLID_ANGLE_UNIT ( ) );
#1300 = VECTOR ( 'NONE', #406, 1000.000000000000000 ) ;
#1301 = MECHANICAL_DESIGN_GEOMETRIC_PRESENTATION_REPRESENTATION (  '', ( #2939 ), #2084 ) ;
#1302 =( NAMED_UNIT ( * ) PLANE_ANGLE_UNIT ( ) SI_UNIT ( $, .RADIAN. ) );
#1303 = DIRECTION ( 'NONE',  ( -1.000000000000000000, 0.000000000000000000, 1.355252715606880049E-16 ) ) ;
#1304 = CARTESIAN_POINT ( 'NONE',  ( 1.600000000000000089, 0.1099999999999999867, -0.1999999999999999278 ) ) ;
#1305 = EDGE_CURVE ( 'NONE', #1575, #3109, #2061, .T. ) ;
#1306 = STYLED_ITEM ( 'NONE', ( #735 ), #2788 ) ;
#1307 = ORIENTED_EDGE ( 'NONE', *, *, #2489, .T. ) ;
#1308 = CARTESIAN_POINT ( 'NONE',  ( -0.6999999999999990674, 0.2400000000000000189, -0.5000000000000001110 ) ) ;
#1309 = PRODUCT_DEFINITION_CONTEXT ( 'detailed design', #1863, 'design' ) ;
#1310 = PLANE ( 'NONE',  #2198 ) ;
#1311 = SURFACE_SIDE_STYLE ('',( #3038 ) ) ;
#1312 = EDGE_LOOP ( 'NONE', ( #3723, #1512, #2106, #2297 ) ) ;
#1313 = VECTOR ( 'NONE', #1195, 1000.000000000000000 ) ;
#1314 = VERTEX_POINT ( 'NONE', #1436 ) ;
#1315 = FILL_AREA_STYLE ('',( #2183 ) ) ;
#1316 = MECHANICAL_DESIGN_GEOMETRIC_PRESENTATION_REPRESENTATION (  '', ( #577 ), #704 ) ;
#1317 = LINE ( 'NONE', #2816, #1191 ) ;
#1318 =( LENGTH_UNIT ( ) NAMED_UNIT ( * ) SI_UNIT ( .MILLI., .METRE. ) );
#1319 = ORIENTED_EDGE ( 'NONE', *, *, #416, .F. ) ;
#1320 = DIRECTION ( 'NONE',  ( -0.000000000000000000, -1.000000000000000000, -0.000000000000000000 ) ) ;
#1321 = SURFACE_STYLE_USAGE ( .BOTH. , #3413 ) ;
#1322 = PLANE ( 'NONE',  #1596 ) ;
#1323 = CARTESIAN_POINT ( 'NONE',  ( -0.2999999999999988232, 0.1099999999999999867, 0.4999999999999998890 ) ) ;
#1324 =( NAMED_UNIT ( * ) SI_UNIT ( $, .STERADIAN. ) SOLID_ANGLE_UNIT ( ) );
#1325 = FACE_OUTER_BOUND ( 'NONE', #2587, .T. ) ;
#1326 = ORIENTED_EDGE ( 'NONE', *, *, #3728, .F. ) ;
#1327 = LINE ( 'NONE', #1617, #125 ) ;
#1328 = EDGE_CURVE ( 'NONE', #1848, #864, #3144, .T. ) ;
#1329 = FILL_AREA_STYLE_COLOUR ( '', #3614 ) ;
#1330 = DIRECTION ( 'NONE',  ( 0.000000000000000000, -0.000000000000000000, 1.000000000000000000 ) ) ;
#1331 = EDGE_CURVE ( 'NONE', #1261, #2524, #2884, .T. ) ;
#1332 = ORIENTED_EDGE ( 'NONE', *, *, #2887, .F. ) ;
#1333 = EDGE_CURVE ( 'NONE', #2392, #1261, #3048, .T. ) ;
#1334 = ORIENTED_EDGE ( 'NONE', *, *, #1973, .T. ) ;
#1335 = CARTESIAN_POINT ( 'NONE',  ( 0.1000000000000000056, 0.2599999999999999534, -0.5000000000000003331 ) ) ;
#1336 = CARTESIAN_POINT ( 'NONE',  ( -1.599999999999999867, 0.1099999999999999867, -0.5000000000000000000 ) ) ;
#1337 = EDGE_LOOP ( 'NONE', ( #3751, #991, #3054, #2294 ) ) ;
#1338 = SURFACE_SIDE_STYLE ('',( #2783 ) ) ;
#1339 = DIRECTION ( 'NONE',  ( 1.000000000000000000, 0.000000000000000000, 0.000000000000000000 ) ) ;
#1340 = DIRECTION ( 'NONE',  ( -9.035018104045873159E-17, -0.000000000000000000, -1.000000000000000000 ) ) ;
#1341 = ORIENTED_EDGE ( 'NONE', *, *, #3382, .T. ) ;
#1342 = UNCERTAINTY_MEASURE_WITH_UNIT (LENGTH_MEASURE( 1.000000000000000082E-05 ), #1318, 'distance_accuracy_value', 'NONE');
#1343 =( NAMED_UNIT ( * ) SI_UNIT ( $, .STERADIAN. ) SOLID_ANGLE_UNIT ( ) );
#1344 = DIRECTION ( 'NONE',  ( 0.000000000000000000, -0.000000000000000000, -1.000000000000000000 ) ) ;
#1345 = ORIENTED_EDGE ( 'NONE', *, *, #64, .F. ) ;
#1346 = ORIENTED_EDGE ( 'NONE', *, *, #953, .T. ) ;
#1347 = LINE ( 'NONE', #3341, #3315 ) ;
#1348 = EDGE_CURVE ( 'NONE', #849, #1255, #1687, .T. ) ;
#1349 = MECHANICAL_DESIGN_GEOMETRIC_PRESENTATION_REPRESENTATION (  '', ( #860 ), #2015 ) ;
#1350 = DIRECTION ( 'NONE',  ( -0.000000000000000000, 1.000000000000000000, -0.000000000000000000 ) ) ;
#1351 = PRESENTATION_LAYER_ASSIGNMENT (  '', '', ( #3486 ) ) ;
#1352 = CARTESIAN_POINT ( 'NONE',  ( -0.09999999999999995004, 0.2599999999999999534, -0.2000000000000003719 ) ) ;
#1353 = VERTEX_POINT ( 'NONE', #3659 ) ;
#1354 = STYLED_ITEM ( 'NONE', ( #274 ), #579 ) ;
#1355 = COLOUR_RGB ( '',0.2980392156862745057, 0.2980392156862745057, 0.2980392156862745057 ) ;
#1356 = VECTOR ( 'NONE', #1014, 1000.000000000000000 ) ;
#1357 = VECTOR ( 'NONE', #2843, 1000.000000000000000 ) ;
#1358 = MECHANICAL_DESIGN_GEOMETRIC_PRESENTATION_REPRESENTATION (  '', ( #137 ), #2449 ) ;
#1359 = PRESENTATION_STYLE_ASSIGNMENT (( #1939 ) ) ;
#1360 = SURFACE_SIDE_STYLE ('',( #519 ) ) ;
#1361 = EDGE_LOOP ( 'NONE', ( #538, #1554, #1681, #3618 ) ) ;
#1362 = DIRECTION ( 'NONE',  ( 1.000000000000000000, 0.000000000000000000, -1.355252715606880789E-16 ) ) ;
#1363 = PRESENTATION_STYLE_ASSIGNMENT (( #1022 ) ) ;
#1364 = LINE ( 'NONE', #3688, #1665 ) ;
#1365 = ORIENTED_EDGE ( 'NONE', *, *, #95, .T. ) ;
#1366 = ORIENTED_EDGE ( 'NONE', *, *, #3006, .F. ) ;
#1367 = LINE ( 'NONE', #1087, #3729 ) ;
#1368 = VECTOR ( 'NONE', #1350, 1000.000000000000000 ) ;
#1369 = DIRECTION ( 'NONE',  ( 1.000000000000000000, 0.000000000000000000, 0.000000000000000000 ) ) ;
#1370 = VERTEX_POINT ( 'NONE', #798 ) ;
#1371 = EDGE_CURVE ( 'NONE', #3663, #3491, #1093, .T. ) ;
#1372 = AXIS2_PLACEMENT_3D ( 'NONE', #2171, #84, #133 ) ;
#1373 = CARTESIAN_POINT ( 'NONE',  ( -0.8999999999999991340, 0.2599999999999999534, -0.2000000000000003719 ) ) ;
#1374 = CARTESIAN_POINT ( 'NONE',  ( 0.000000000000000000, 0.2599999999999999534, 0.000000000000000000 ) ) ;
#1375 = CARTESIAN_POINT ( 'NONE',  ( 1.400000000000001021, 0.1099999999999999867, 0.1999999999999999001 ) ) ;
#1376 = ADVANCED_FACE ( 'NONE', ( #1889 ), #2800, .F. ) ;
#1377 = CARTESIAN_POINT ( 'NONE',  ( 0.3000000000000009326, 0.2400000000000000189, 0.5000000000000000000 ) ) ;
#1378 = LINE ( 'NONE', #445, #562 ) ;
#1379 =( NAMED_UNIT ( * ) SI_UNIT ( $, .STERADIAN. ) SOLID_ANGLE_UNIT ( ) );
#1380 = EDGE_LOOP ( 'NONE', ( #2197, #3328, #936, #561 ) ) ;
#1381 = CARTESIAN_POINT ( 'NONE',  ( 1.400000000000001021, 0.1099999999999999867, 0.4999999999999997780 ) ) ;
#1382 = ORIENTED_EDGE ( 'NONE', *, *, #1283, .F. ) ;
#1383 = ORIENTED_EDGE ( 'NONE', *, *, #2604, .T. ) ;
#1384 = CARTESIAN_POINT ( 'NONE',  ( 0.6999999999999998446, 0.2599999999999999534, -0.5000000000000000000 ) ) ;
#1385 = ORIENTED_EDGE ( 'NONE', *, *, #254, .F. ) ;
#1386 = DIRECTION ( 'NONE',  ( 0.000000000000000000, -0.000000000000000000, 1.000000000000000000 ) ) ;
#1387 = ADVANCED_FACE ( 'NONE', ( #3346 ), #442, .F. ) ;
#1388 = LINE ( 'NONE', #1469, #340 ) ;
#1389 = DIRECTION ( 'NONE',  ( -1.000000000000000000, -0.000000000000000000, -0.000000000000000000 ) ) ;
#1390 = FILL_AREA_STYLE_COLOUR ( '', #2992 ) ;
#1391 = FILL_AREA_STYLE ('',( #3414 ) ) ;
#1392 = ADVANCED_FACE ( 'NONE', ( #1630 ), #1322, .F. ) ;
#1393 = LINE ( 'NONE', #2483, #2270 ) ;
#1394 = ORIENTED_EDGE ( 'NONE', *, *, #628, .F. ) ;
#1395 = DIRECTION ( 'NONE',  ( -0.000000000000000000, -1.000000000000000000, -0.000000000000000000 ) ) ;
#1396 = PRESENTATION_STYLE_ASSIGNMENT (( #235 ) ) ;
#1397 = VERTEX_POINT ( 'NONE', #3457 ) ;
#1398 = ORIENTED_EDGE ( 'NONE', *, *, #3524, .T. ) ;
#1399 = PRESENTATION_STYLE_ASSIGNMENT (( #2850 ) ) ;
#1400 = CARTESIAN_POINT ( 'NONE',  ( -0.4999999999999990563, 0.2599999999999999534, 0.4999999999999998890 ) ) ;
#1401 = ORIENTED_EDGE ( 'NONE', *, *, #1116, .F. ) ;
#1402 = LINE ( 'NONE', #3139, #193 ) ;
#1403 = VECTOR ( 'NONE', #3347, 1000.000000000000000 ) ;
#1404 = PLANE ( 'NONE',  #2635 ) ;
#1405 = FILL_AREA_STYLE ('',( #858 ) ) ;
#1406 = PRESENTATION_LAYER_ASSIGNMENT (  '', '', ( #330 ) ) ;
#1407 = VECTOR ( 'NONE', #1192, 1000.000000000000000 ) ;
#1408 = LINE ( 'NONE', #2823, #1178 ) ;
#1409 = LINE ( 'NONE', #2353, #3435 ) ;
#1410 = AXIS2_PLACEMENT_3D ( 'NONE', #597, #39, #1200 ) ;
#1411 = SURFACE_STYLE_FILL_AREA ( #2957 ) ;
#1412 = ORIENTED_EDGE ( 'NONE', *, *, #2858, .T. ) ;
#1413 = LINE ( 'NONE', #2578, #2258 ) ;
#1414 = VECTOR ( 'NONE', #1751, 1000.000000000000000 ) ;
#1415 = EDGE_CURVE ( 'NONE', #2965, #1051, #3762, .T. ) ;
#1416 = PRESENTATION_LAYER_ASSIGNMENT (  '', '', ( #1483 ) ) ;
#1417 = ORIENTED_EDGE ( 'NONE', *, *, #3316, .F. ) ;
#1418 = VERTEX_POINT ( 'NONE', #1470 ) ;
#1420 = ADVANCED_FACE ( 'NONE', ( #3715 ), #2900, .F. ) ;
#1419 =( NAMED_UNIT ( * ) SI_UNIT ( $, .STERADIAN. ) SOLID_ANGLE_UNIT ( ) );
#1421 = EDGE_CURVE ( 'NONE', #3143, #3538, #2471, .T. ) ;
#1422 = STYLED_ITEM ( 'NONE', ( #1055 ), #2519 ) ;
#1423 = PLANE ( 'NONE',  #2700 ) ;
#1424 = LINE ( 'NONE', #1384, #926 ) ;
#1425 = PRESENTATION_LAYER_ASSIGNMENT (  '', '', ( #2761 ) ) ;
#1426 = ORIENTED_EDGE ( 'NONE', *, *, #3678, .F. ) ;
#1427 = CARTESIAN_POINT ( 'NONE',  ( -1.399999999999999023, 0.1099999999999999867, 0.5000000000000000000 ) ) ;
#1428 = VECTOR ( 'NONE', #1941, 1000.000000000000000 ) ;
#1429 = CARTESIAN_POINT ( 'NONE',  ( 1.800000000000000266, 0.1099999999999999867, -0.5000000000000002220 ) ) ;
#1430 = CARTESIAN_POINT ( 'NONE',  ( 1.600000000000000089, 0.2400000000000000189, -0.1999999999999999278 ) ) ;
#1431 = VECTOR ( 'NONE', #1815, 1000.000000000000000 ) ;
#1432 = SURFACE_SIDE_STYLE ('',( #1472 ) ) ;
#1433 = AXIS2_PLACEMENT_3D ( 'NONE', #2781, #1050, #3096 ) ;
#1434 = CARTESIAN_POINT ( 'NONE',  ( 1.600000000000000089, 0.1099999999999999867, -0.5000000000000002220 ) ) ;
#1435 = ORIENTED_EDGE ( 'NONE', *, *, #1814, .T. ) ;
#1436 = CARTESIAN_POINT ( 'NONE',  ( 0.3000000000000009326, 0.1099999999999999867, 0.5000000000000000000 ) ) ;
#1437 = DIRECTION ( 'NONE',  ( -0.000000000000000000, -1.000000000000000000, -0.000000000000000000 ) ) ;
#1438 =( NAMED_UNIT ( * ) PLANE_ANGLE_UNIT ( ) SI_UNIT ( $, .RADIAN. ) );
#1439 = ADVANCED_FACE ( 'NONE', ( #1709 ), #279, .F. ) ;
#1440 = ORIENTED_EDGE ( 'NONE', *, *, #3521, .F. ) ;
#1441 = EDGE_CURVE ( 'NONE', #2771, #2081, #1101, .T. ) ;
#1442 =( NAMED_UNIT ( * ) SI_UNIT ( $, .STERADIAN. ) SOLID_ANGLE_UNIT ( ) );
#1443 = EDGE_CURVE ( 'NONE', #201, #917, #2526, .T. ) ;
#1444 = CARTESIAN_POINT ( 'NONE',  ( 0.000000000000000000, 0.000000000000000000, 0.000000000000000000 ) ) ;
#1445 = PLANE ( 'NONE',  #1183 ) ;
#1446 = ORIENTED_EDGE ( 'NONE', *, *, #1973, .F. ) ;
#1447 = PLANE ( 'NONE',  #3111 ) ;
#1448 = LINE ( 'NONE', #3178, #204 ) ;
#1449 = DIRECTION ( 'NONE',  ( 0.000000000000000000, 0.000000000000000000, 1.000000000000000000 ) ) ;
#1450 = SURFACE_STYLE_FILL_AREA ( #11 ) ;
#1451 = CARTESIAN_POINT ( 'NONE',  ( 1.600000000000000089, 0.1099999999999999867, -0.5000000000000002220 ) ) ;
#1452 = FILL_AREA_STYLE_COLOUR ( '', #2145 ) ;
#1453 = SURFACE_STYLE_USAGE ( .BOTH. , #297 ) ;
#1454 = LINE ( 'NONE', #2541, #2562 ) ;
#1455 = DIRECTION ( 'NONE',  ( 1.355252715606881036E-16, 0.000000000000000000, 1.000000000000000000 ) ) ;
#1456 = UNCERTAINTY_MEASURE_WITH_UNIT (LENGTH_MEASURE( 1.000000000000000082E-05 ), #2515, 'distance_accuracy_value', 'NONE');
#1457 = LINE ( 'NONE', #301, #1414 ) ;
#1458 = ORIENTED_EDGE ( 'NONE', *, *, #2352, .T. ) ;
#1459 = EDGE_CURVE ( 'NONE', #3505, #2660, #3393, .T. ) ;
#1460 = SURFACE_STYLE_USAGE ( .BOTH. , #3166 ) ;
#1461 = CARTESIAN_POINT ( 'NONE',  ( 1.400000000000001021, 0.1099999999999999867, 0.1999999999999999001 ) ) ;
#1462 = UNCERTAINTY_MEASURE_WITH_UNIT (LENGTH_MEASURE( 1.000000000000000082E-05 ), #2776, 'distance_accuracy_value', 'NONE');
#1463 = DIRECTION ( 'NONE',  ( 1.355252715606880049E-16, -0.000000000000000000, 1.000000000000000000 ) ) ;
#1464 = EDGE_LOOP ( 'NONE', ( #2786, #1639, #1440, #2420 ) ) ;
#1465 = FILL_AREA_STYLE ('',( #839 ) ) ;
#1466 = PRESENTATION_STYLE_ASSIGNMENT (( #2038 ) ) ;
#1467 = FILL_AREA_STYLE ('',( #659 ) ) ;
#1468 = STYLED_ITEM ( 'NONE', ( #611 ), #51 ) ;
#1469 = CARTESIAN_POINT ( 'NONE',  ( -0.8999999999999991340, 0.1099999999999999867, -0.2000000000000003719 ) ) ;
#1470 = CARTESIAN_POINT ( 'NONE',  ( 1.400000000000001021, 0.2400000000000000189, 0.1999999999999999001 ) ) ;
#1471 = FILL_AREA_STYLE ('',( #310 ) ) ;
#1472 = SURFACE_STYLE_FILL_AREA ( #1391 ) ;
#1473 = DIRECTION ( 'NONE',  ( 0.000000000000000000, -0.000000000000000000, 1.000000000000000000 ) ) ;
#1474 = CARTESIAN_POINT ( 'NONE',  ( 1.900000000000000355, 0.2400000000000000189, -0.5000000000000000000 ) ) ;
#1475 = LINE ( 'NONE', #2630, #947 ) ;
#1476 =( GEOMETRIC_REPRESENTATION_CONTEXT ( 3 ) GLOBAL_UNCERTAINTY_ASSIGNED_CONTEXT ( ( #2911 ) ) GLOBAL_UNIT_ASSIGNED_CONTEXT ( ( #1631, #3386, #843 ) ) REPRESENTATION_CONTEXT ( 'NONE', 'WORKASPACE' ) );
#1477 = PRESENTATION_LAYER_ASSIGNMENT (  '', '', ( #502 ) ) ;
#1478 = MECHANICAL_DESIGN_GEOMETRIC_PRESENTATION_REPRESENTATION (  '', ( #1236 ), #802 ) ;
#1479 = VERTEX_POINT ( 'NONE', #1649 ) ;
#1480 = STYLED_ITEM ( 'NONE', ( #1396 ), #2009 ) ;
#1481 = LINE ( 'NONE', #2978, #1225 ) ;
#1482 = CARTESIAN_POINT ( 'NONE',  ( -1.800000000000000044, 0.2400000000000000189, -0.2000000000000003719 ) ) ;
#1483 = STYLED_ITEM ( 'NONE', ( #890 ), #1257 ) ;
#1484 =( GEOMETRIC_REPRESENTATION_CONTEXT ( 3 ) GLOBAL_UNCERTAINTY_ASSIGNED_CONTEXT ( ( #852 ) ) GLOBAL_UNIT_ASSIGNED_CONTEXT ( ( #2688, #2156, #3270 ) ) REPRESENTATION_CONTEXT ( 'NONE', 'WORKASPACE' ) );
#1485 =( GEOMETRIC_REPRESENTATION_CONTEXT ( 3 ) GLOBAL_UNCERTAINTY_ASSIGNED_CONTEXT ( ( #895 ) ) GLOBAL_UNIT_ASSIGNED_CONTEXT ( ( #3105, #178, #1343 ) ) REPRESENTATION_CONTEXT ( 'NONE', 'WORKASPACE' ) );
#1486 = DIRECTION ( 'NONE',  ( 0.000000000000000000, 0.000000000000000000, 1.000000000000000000 ) ) ;
#1487 = ORIENTED_EDGE ( 'NONE', *, *, #3072, .F. ) ;
#1488 =( NAMED_UNIT ( * ) PLANE_ANGLE_UNIT ( ) SI_UNIT ( $, .RADIAN. ) );
#1489 = VECTOR ( 'NONE', #3155, 1000.000000000000000 ) ;
#1490 = LINE ( 'NONE', #932, #456 ) ;
#1491 = FILL_AREA_STYLE ('',( #2403 ) ) ;
#1492 = CARTESIAN_POINT ( 'NONE',  ( -1.777212026920311327, -0.2400000000000000189, -0.3910685450942153474 ) ) ;
#1493 = ADVANCED_FACE ( 'NONE', ( #1967 ), #1310, .F. ) ;
#1494 = LINE ( 'NONE', #970, #2200 ) ;
#1495 = EDGE_CURVE ( 'NONE', #1202, #415, #2473, .T. ) ;
#1496 = CARTESIAN_POINT ( 'NONE',  ( 1.600000000000000089, 0.2599999999999999534, -0.1999999999999999278 ) ) ;
#1497 = CARTESIAN_POINT ( 'NONE',  ( -0.09999999999999995004, 0.2599999999999999534, -0.2000000000000003719 ) ) ;
#1498 = EDGE_CURVE ( 'NONE', #1041, #1676, #2506, .T. ) ;
#1499 = CARTESIAN_POINT ( 'NONE',  ( 0.000000000000000000, 0.2599999999999999534, 0.000000000000000000 ) ) ;
#1500 = MECHANICAL_DESIGN_GEOMETRIC_PRESENTATION_REPRESENTATION (  '', ( #638 ), #1978 ) ;
#1501 = FACE_OUTER_BOUND ( 'NONE', #846, .T. ) ;
#1502 = EDGE_LOOP ( 'NONE', ( #3351, #1216, #3380, #1244 ) ) ;
#1503 = UNCERTAINTY_MEASURE_WITH_UNIT (LENGTH_MEASURE( 1.000000000000000082E-05 ), #2459, 'distance_accuracy_value', 'NONE');
#1504 = CARTESIAN_POINT ( 'NONE',  ( 0.1000000000000000056, 0.1099999999999999867, -0.5000000000000003331 ) ) ;
#1505 = CARTESIAN_POINT ( 'NONE',  ( 1.600000000000000089, 0.2599999999999999534, -0.1999999999999999278 ) ) ;
#1506 = ORIENTED_EDGE ( 'NONE', *, *, #327, .T. ) ;
#1507 = ORIENTED_EDGE ( 'NONE', *, *, #3574, .F. ) ;
#1508 = FACE_OUTER_BOUND ( 'NONE', #3623, .T. ) ;
#1509 =( LENGTH_UNIT ( ) NAMED_UNIT ( * ) SI_UNIT ( .MILLI., .METRE. ) );
#1510 = PLANE ( 'NONE',  #157 ) ;
#1511 = CARTESIAN_POINT ( 'NONE',  ( -0.6999999999999989564, 0.2599999999999999534, -0.2000000000000003997 ) ) ;
#1512 = ORIENTED_EDGE ( 'NONE', *, *, #3022, .T. ) ;
#1513 = ADVANCED_FACE ( 'NONE', ( #488 ), #2807, .F. ) ;
#1514 = FACE_OUTER_BOUND ( 'NONE', #2636, .T. ) ;
#1515 = FILL_AREA_STYLE ('',( #663 ) ) ;
#1516 = EDGE_CURVE ( 'NONE', #2081, #3217, #2382, .T. ) ;
#1517 = DIRECTION ( 'NONE',  ( -1.000000000000000000, -0.000000000000000000, -0.000000000000000000 ) ) ;
#1518 = ORIENTED_EDGE ( 'NONE', *, *, #227, .T. ) ;
#1519 = SURFACE_STYLE_FILL_AREA ( #1833 ) ;
#1520 = FACE_OUTER_BOUND ( 'NONE', #2128, .T. ) ;
#1521 = ORIENTED_EDGE ( 'NONE', *, *, #1152, .F. ) ;
#1522 = CARTESIAN_POINT ( 'NONE',  ( -1.800000000000000044, 0.2599999999999999534, -0.2000000000000003719 ) ) ;
#1523 = ORIENTED_EDGE ( 'NONE', *, *, #3402, .T. ) ;
#1524 = DIRECTION ( 'NONE',  ( -0.000000000000000000, -1.000000000000000000, -0.000000000000000000 ) ) ;
#1525 = PRESENTATION_STYLE_ASSIGNMENT (( #404 ) ) ;
#1526 = AXIS2_PLACEMENT_3D ( 'NONE', #1555, #2925, #3539 ) ;
#1527 = AXIS2_PLACEMENT_3D ( 'NONE', #2525, #3686, #425 ) ;
#1528 = ORIENTED_EDGE ( 'NONE', *, *, #2323, .F. ) ;
#1529 = ADVANCED_FACE ( 'NONE', ( #882 ), #1241, .F. ) ;
#1530 = UNCERTAINTY_MEASURE_WITH_UNIT (LENGTH_MEASURE( 1.000000000000000082E-05 ), #2039, 'distance_accuracy_value', 'NONE');
#1531 = VECTOR ( 'NONE', #1745, 1000.000000000000000 ) ;
#1532 = VECTOR ( 'NONE', #1872, 1000.000000000000000 ) ;
#1533 = PLANE ( 'NONE',  #2873 ) ;
#1534 = STYLED_ITEM ( 'NONE', ( #1797 ), #1726 ) ;
#1535 = VECTOR ( 'NONE', #543, 1000.000000000000000 ) ;
#1536 = ORIENTED_EDGE ( 'NONE', *, *, #3634, .F. ) ;
#1537 = ADVANCED_FACE ( 'NONE', ( #954 ), #840, .F. ) ;
#1538 = ORIENTED_EDGE ( 'NONE', *, *, #1792, .T. ) ;
#1539 = FILL_AREA_STYLE_COLOUR ( '', #2027 ) ;
#1540 = MECHANICAL_DESIGN_GEOMETRIC_PRESENTATION_REPRESENTATION (  '', ( #2686 ), #1296 ) ;
#1541 = MECHANICAL_DESIGN_GEOMETRIC_PRESENTATION_REPRESENTATION (  '', ( #325 ), #30 ) ;
#1542 = LINE ( 'NONE', #97, #2035 ) ;
#1543 = PLANE ( 'NONE',  #2836 ) ;
#1544 = VECTOR ( 'NONE', #2627, 1000.000000000000000 ) ;
#1545 = ORIENTED_EDGE ( 'NONE', *, *, #2304, .T. ) ;
#1546 = DIRECTION ( 'NONE',  ( -0.000000000000000000, 1.000000000000000000, -0.000000000000000000 ) ) ;
#1547 = AXIS2_PLACEMENT_3D ( 'NONE', #939, #2097, #1265 ) ;
#1548 =( LENGTH_UNIT ( ) NAMED_UNIT ( * ) SI_UNIT ( .MILLI., .METRE. ) );
#1549 =( LENGTH_UNIT ( ) NAMED_UNIT ( * ) SI_UNIT ( .MILLI., .METRE. ) );
#1550 = VECTOR ( 'NONE', #168, 1000.000000000000000 ) ;
#1551 = DIRECTION ( 'NONE',  ( 0.000000000000000000, -0.000000000000000000, 1.000000000000000000 ) ) ;
#1552 = CARTESIAN_POINT ( 'NONE',  ( -1.899999999999999467, 0.2400000000000000189, -0.5000000000000000000 ) ) ;
#1553 = STYLED_ITEM ( 'NONE', ( #2000 ), #3278 ) ;
#1554 = ORIENTED_EDGE ( 'NONE', *, *, #3284, .F. ) ;
#1555 = CARTESIAN_POINT ( 'NONE',  ( -1.399999999999999023, 0.1099999999999999867, 0.1999999999999999278 ) ) ;
#1556 = EDGE_CURVE ( 'NONE', #542, #1591, #1716, .T. ) ;
#1557 = VECTOR ( 'NONE', #662, 1000.000000000000000 ) ;
#1558 = FACE_OUTER_BOUND ( 'NONE', #283, .T. ) ;
#1559 = EDGE_CURVE ( 'NONE', #2235, #2673, #1402, .T. ) ;
#1560 =( GEOMETRIC_REPRESENTATION_CONTEXT ( 3 ) GLOBAL_UNCERTAINTY_ASSIGNED_CONTEXT ( ( #1456 ) ) GLOBAL_UNIT_ASSIGNED_CONTEXT ( ( #2515, #1659, #2817 ) ) REPRESENTATION_CONTEXT ( 'NONE', 'WORKASPACE' ) );
#1561 = EDGE_LOOP ( 'NONE', ( #3656, #3617, #1764, #2977 ) ) ;
#1562 = VERTEX_POINT ( 'NONE', #271 ) ;
#1563 = LINE ( 'NONE', #3653, #3113 ) ;
#1564 = EDGE_CURVE ( 'NONE', #2611, #1202, #528, .T. ) ;
#1565 = EDGE_CURVE ( 'NONE', #870, #1768, #2854, .T. ) ;
#1566 = CARTESIAN_POINT ( 'NONE',  ( -1.199999999999998845, 0.2599999999999999534, 0.5000000000000000000 ) ) ;
#1567 = DIRECTION ( 'NONE',  ( -1.000000000000000000, -0.000000000000000000, 1.355252715606880049E-16 ) ) ;
#1568 = VERTEX_POINT ( 'NONE', #3616 ) ;
#1569 = CARTESIAN_POINT ( 'NONE',  ( 1.600000000000000089, 0.2400000000000000189, -0.5000000000000002220 ) ) ;
#1570 = CARTESIAN_POINT ( 'NONE',  ( -0.4999999999999990563, 0.2599999999999999534, 0.1999999999999999278 ) ) ;
#1571 = DIRECTION ( 'NONE',  ( 7.228014483236692611E-16, 0.000000000000000000, 1.000000000000000000 ) ) ;
#1572 = PLANE ( 'NONE',  #1372 ) ;
#1573 = PLANE ( 'NONE',  #987 ) ;
#1574 = LINE ( 'NONE', #2724, #1731 ) ;
#1575 = VERTEX_POINT ( 'NONE', #2163 ) ;
#1576 = CARTESIAN_POINT ( 'NONE',  ( 1.200000000000001066, 0.2599999999999999534, 0.1999999999999999278 ) ) ;
#1577 = UNCERTAINTY_MEASURE_WITH_UNIT (LENGTH_MEASURE( 1.000000000000000082E-05 ), #3122, 'distance_accuracy_value', 'NONE');
#1578 = DIRECTION ( 'NONE',  ( 0.000000000000000000, -0.000000000000000000, 1.000000000000000000 ) ) ;
#1579 = CARTESIAN_POINT ( 'NONE',  ( -1.399999999999999023, 0.1099999999999999867, 0.1999999999999999278 ) ) ;
#1580 = ORIENTED_EDGE ( 'NONE', *, *, #2111, .T. ) ;
#1581 = CARTESIAN_POINT ( 'NONE',  ( -1.777212026920311327, -0.2300000000000000100, -0.3910685450942153474 ) ) ;
#1582 = ORIENTED_EDGE ( 'NONE', *, *, #3540, .F. ) ;
#1583 = LINE ( 'NONE', #3602, #1185 ) ;
#1584 = ORIENTED_EDGE ( 'NONE', *, *, #862, .T. ) ;
#1585 = SURFACE_STYLE_FILL_AREA ( #1247 ) ;
#1586 = PLANE ( 'NONE',  #1860 ) ;
#1587 = CARTESIAN_POINT ( 'NONE',  ( -1.599999999999999867, 0.2599999999999999534, -0.5000000000000000000 ) ) ;
#1588 = DIRECTION ( 'NONE',  ( -7.228014483236695569E-16, 0.000000000000000000, -1.000000000000000000 ) ) ;
#1589 = CARTESIAN_POINT ( 'NONE',  ( -1.399999999999999023, 0.2400000000000000189, 0.1999999999999999278 ) ) ;
#1590 = AXIS2_PLACEMENT_3D ( 'NONE', #393, #691, #3314 ) ;
#1591 = VERTEX_POINT ( 'NONE', #2426 ) ;
#1592 = DIRECTION ( 'NONE',  ( -1.000000000000000000, 0.000000000000000000, 4.065758146820638669E-16 ) ) ;
#1593 = DIRECTION ( 'NONE',  ( -0.000000000000000000, 1.000000000000000000, -0.000000000000000000 ) ) ;
#1594 = DIRECTION ( 'NONE',  ( 0.000000000000000000, 0.000000000000000000, 1.000000000000000000 ) ) ;
#1595 = VERTEX_POINT ( 'NONE', #3598 ) ;
#1596 = AXIS2_PLACEMENT_3D ( 'NONE', #2624, #228, #273 ) ;
#1597 = ORIENTED_EDGE ( 'NONE', *, *, #3590, .F. ) ;
#1598 = MECHANICAL_DESIGN_GEOMETRIC_PRESENTATION_REPRESENTATION (  '', ( #3238 ), #2078 ) ;
#1599 = COLOUR_RGB ( '',1.000000000000000000, 1.000000000000000000, 1.000000000000000000 ) ;
#1600 = PRESENTATION_LAYER_ASSIGNMENT (  '', '', ( #1666 ) ) ;
#1601 = DIRECTION ( 'NONE',  ( -0.000000000000000000, 1.000000000000000000, -0.000000000000000000 ) ) ;
#1602 = SURFACE_SIDE_STYLE ('',( #3082 ) ) ;
#1603 = ORIENTED_EDGE ( 'NONE', *, *, #352, .F. ) ;
#1604 =( GEOMETRIC_REPRESENTATION_CONTEXT ( 3 ) GLOBAL_UNCERTAINTY_ASSIGNED_CONTEXT ( ( #17 ) ) GLOBAL_UNIT_ASSIGNED_CONTEXT ( ( #2277, #1438, #3225 ) ) REPRESENTATION_CONTEXT ( 'NONE', 'WORKASPACE' ) );
#1605 = STYLED_ITEM ( 'NONE', ( #3670 ), #1125 ) ;
#1606 = PRESENTATION_LAYER_ASSIGNMENT (  '', '', ( #2573 ) ) ;
#1607 = EDGE_CURVE ( 'NONE', #539, #2235, #3021, .T. ) ;
#1608 = VECTOR ( 'NONE', #865, 1000.000000000000000 ) ;
#1609 = CARTESIAN_POINT ( 'NONE',  ( -0.1000000000000000056, 0.1099999999999999867, -0.5000000000000003331 ) ) ;
#1610 = CARTESIAN_POINT ( 'NONE',  ( -0.2999999999999989342, 0.2599999999999999534, 0.1999999999999999001 ) ) ;
#1611 = CARTESIAN_POINT ( 'NONE',  ( 0.000000000000000000, -0.2400000000000000189, 0.000000000000000000 ) ) ;
#1612 = ADVANCED_FACE ( 'NONE', ( #1287 ), #3319, .T. ) ;
#1613 = FACE_OUTER_BOUND ( 'NONE', #1561, .T. ) ;
#1614 = EDGE_CURVE ( 'NONE', #2733, #3276, #3004, .T. ) ;
#1615 = VECTOR ( 'NONE', #19, 1000.000000000000000 ) ;
#1616 = ORIENTED_EDGE ( 'NONE', *, *, #906, .T. ) ;
#1617 = CARTESIAN_POINT ( 'NONE',  ( -0.8999999999999991340, 0.1099999999999999867, -0.2000000000000003719 ) ) ;
#1618 = CARTESIAN_POINT ( 'NONE',  ( -0.2999999999999988232, 0.2599999999999999534, 0.4999999999999998890 ) ) ;
#1619 = STYLED_ITEM ( 'NONE', ( #2928 ), #3026 ) ;
#1620 = PLANE ( 'NONE',  #3308 ) ;
#1621 = ORIENTED_EDGE ( 'NONE', *, *, #1559, .F. ) ;
#1622 = AXIS2_PLACEMENT_3D ( 'NONE', #45, #2056, #2590 ) ;
#1623 = VERTEX_POINT ( 'NONE', #1579 ) ;
#1624 = CARTESIAN_POINT ( 'NONE',  ( 1.200000000000001066, 0.2400000000000000189, 0.4999999999999997780 ) ) ;
#1625 = STYLED_ITEM ( 'NONE', ( #2566 ), #3350 ) ;
#1626 = LINE ( 'NONE', #1657, #2152 ) ;
#1627 = FACE_OUTER_BOUND ( 'NONE', #3136, .T. ) ;
#1628 = VERTEX_POINT ( 'NONE', #3292 ) ;
#1629 = SURFACE_STYLE_USAGE ( .BOTH. , #3121 ) ;
#1630 = FACE_OUTER_BOUND ( 'NONE', #1822, .T. ) ;
#1631 =( LENGTH_UNIT ( ) NAMED_UNIT ( * ) SI_UNIT ( .MILLI., .METRE. ) );
#1632 =( NAMED_UNIT ( * ) PLANE_ANGLE_UNIT ( ) SI_UNIT ( $, .RADIAN. ) );
#1633 =( LENGTH_UNIT ( ) NAMED_UNIT ( * ) SI_UNIT ( .MILLI., .METRE. ) );
#1634 = EDGE_CURVE ( 'NONE', #709, #302, #669, .T. ) ;
#1635 = ORIENTED_EDGE ( 'NONE', *, *, #740, .T. ) ;
#1636 = PLANE ( 'NONE',  #1527 ) ;
#1637 =( LENGTH_UNIT ( ) NAMED_UNIT ( * ) SI_UNIT ( .MILLI., .METRE. ) );
#1638 = ORIENTED_EDGE ( 'NONE', *, *, #2998, .T. ) ;
#1639 = ORIENTED_EDGE ( 'NONE', *, *, #2045, .F. ) ;
#1640 = DIRECTION ( 'NONE',  ( 0.000000000000000000, -0.000000000000000000, 1.000000000000000000 ) ) ;
#1641 =( LENGTH_UNIT ( ) NAMED_UNIT ( * ) SI_UNIT ( .MILLI., .METRE. ) );
#1642 = ORIENTED_EDGE ( 'NONE', *, *, #3422, .F. ) ;
#1643 = DIRECTION ( 'NONE',  ( -0.000000000000000000, 1.000000000000000000, -0.000000000000000000 ) ) ;
#1644 = LINE ( 'NONE', #1890, #1403 ) ;
#1645 = CARTESIAN_POINT ( 'NONE',  ( -0.2999999999999988232, 0.2599999999999999534, 0.4999999999999998890 ) ) ;
#1646 = DIRECTION ( 'NONE',  ( 0.000000000000000000, 0.000000000000000000, -1.000000000000000000 ) ) ;
#1647 = VERTEX_POINT ( 'NONE', #396 ) ;
#1648 = CARTESIAN_POINT ( 'NONE',  ( -0.8999999999999991340, 0.1099999999999999867, -0.5000000000000001110 ) ) ;
#1649 = CARTESIAN_POINT ( 'NONE',  ( -1.899999999999999467, 0.2400000000000000189, -0.5000000000000000000 ) ) ;
#1650 = DIRECTION ( 'NONE',  ( 0.000000000000000000, -1.000000000000000000, 0.000000000000000000 ) ) ;
#1651 = CLOSED_SHELL ( 'NONE', ( #1053, #3137, #1493, #1420, #3453, #418 ) ) ;
#1652 = EDGE_CURVE ( 'NONE', #1989, #2010, #2926, .T. ) ;
#1653 = ORIENTED_EDGE ( 'NONE', *, *, #1371, .F. ) ;
#1654 = ORIENTED_EDGE ( 'NONE', *, *, #1171, .T. ) ;
#1655 = PLANE ( 'NONE',  #559 ) ;
#1656 = MECHANICAL_DESIGN_GEOMETRIC_PRESENTATION_REPRESENTATION (  '', ( #736 ), #314 ) ;
#1657 = CARTESIAN_POINT ( 'NONE',  ( -0.1000000000000000056, 0.1099999999999999867, -0.5000000000000003331 ) ) ;
#1658 = EDGE_CURVE ( 'NONE', #3109, #2792, #2048, .T. ) ;
#1659 =( NAMED_UNIT ( * ) PLANE_ANGLE_UNIT ( ) SI_UNIT ( $, .RADIAN. ) );
#1660 = EDGE_LOOP ( 'NONE', ( #358, #3036, #2908, #3375 ) ) ;
#1661 = LINE ( 'NONE', #434, #3309 ) ;
#1662 = AXIS2_PLACEMENT_3D ( 'NONE', #1754, #2893, #3199 ) ;
#1663 = CARTESIAN_POINT ( 'NONE',  ( 1.800000000000000266, 0.1099999999999999867, -0.1999999999999999556 ) ) ;
#1664 = PLANE ( 'NONE',  #2157 ) ;
#1665 = VECTOR ( 'NONE', #3128, 1000.000000000000000 ) ;
#1666 = STYLED_ITEM ( 'NONE', ( #1128 ), #834 ) ;
#1667 = FILL_AREA_STYLE_COLOUR ( '', #998 ) ;
#1668 = CARTESIAN_POINT ( 'NONE',  ( -1.399999999999999023, 0.2599999999999999534, 0.5000000000000000000 ) ) ;
#1669 = ORIENTED_EDGE ( 'NONE', *, *, #374, .T. ) ;
#1670 = CARTESIAN_POINT ( 'NONE',  ( -0.6999999999999990674, 0.2400000000000000189, -0.5000000000000001110 ) ) ;
#1671 = PRESENTATION_LAYER_ASSIGNMENT (  '', '', ( #1068 ) ) ;
#1672 = CARTESIAN_POINT ( 'NONE',  ( -0.8999999999999991340, 0.2400000000000000189, -0.5000000000000001110 ) ) ;
#1673 = DIRECTION ( 'NONE',  ( -7.228014483236695569E-16, -0.000000000000000000, -1.000000000000000000 ) ) ;
#1674 = FACE_OUTER_BOUND ( 'NONE', #1220, .T. ) ;
#1675 = AXIS2_PLACEMENT_3D ( 'NONE', #540, #3134, #2851 ) ;
#1676 = VERTEX_POINT ( 'NONE', #1182 ) ;
#1677 = ORIENTED_EDGE ( 'NONE', *, *, #3108, .T. ) ;
#1678 = VECTOR ( 'NONE', #2894, 1000.000000000000000 ) ;
#1679 = EDGE_CURVE ( 'NONE', #549, #1749, #1163, .T. ) ;
#1680 = CYLINDRICAL_SURFACE ( 'NONE', #3324, 0.03708142713339462881 ) ;
#1681 = ORIENTED_EDGE ( 'NONE', *, *, #1001, .F. ) ;
#1682 = EDGE_CURVE ( 'NONE', #3110, #2411, #3483, .T. ) ;
#1683 = SURFACE_STYLE_USAGE ( .BOTH. , #856 ) ;
#1684 = VECTOR ( 'NONE', #1846, 1000.000000000000000 ) ;
#1685 =( NAMED_UNIT ( * ) PLANE_ANGLE_UNIT ( ) SI_UNIT ( $, .RADIAN. ) );
#1686 = DIRECTION ( 'NONE',  ( 3.614007241618347292E-16, 0.000000000000000000, 1.000000000000000000 ) ) ;
#1687 = LINE ( 'NONE', #1610, #552 ) ;
#1688 = CARTESIAN_POINT ( 'NONE',  ( -0.2999999999999989342, 0.1099999999999999867, 0.1999999999999999001 ) ) ;
#1689 = CARTESIAN_POINT ( 'NONE',  ( 0.6999999999999998446, 0.1099999999999999867, -0.5000000000000000000 ) ) ;
#1690 = SURFACE_STYLE_USAGE ( .BOTH. , #1963 ) ;
#1691 = VERTEX_POINT ( 'NONE', #317 ) ;
#1692 = LINE ( 'NONE', #3720, #1227 ) ;
#1693 = DIRECTION ( 'NONE',  ( 0.000000000000000000, 0.000000000000000000, 1.000000000000000000 ) ) ;
#1694 = LINE ( 'NONE', #3077, #3180 ) ;
#1695 = ORIENTED_EDGE ( 'NONE', *, *, #3454, .F. ) ;
#1696 = LINE ( 'NONE', #13, #191 ) ;
#1697 = UNCERTAINTY_MEASURE_WITH_UNIT (LENGTH_MEASURE( 1.000000000000000082E-05 ), #869, 'distance_accuracy_value', 'NONE');
#1698 = VERTEX_POINT ( 'NONE', #1482 ) ;
#1699 = DIRECTION ( 'NONE',  ( 0.000000000000000000, 0.000000000000000000, -1.000000000000000000 ) ) ;
#1700 = CARTESIAN_POINT ( 'NONE',  ( 0.3000000000000009326, 0.2599999999999999534, 0.5000000000000000000 ) ) ;
#1701 = DIRECTION ( 'NONE',  ( 1.000000000000000000, 0.000000000000000000, 0.000000000000000000 ) ) ;
#1702 = EDGE_CURVE ( 'NONE', #986, #2797, #2638, .T. ) ;
#1703 = DIRECTION ( 'NONE',  ( 0.000000000000000000, 1.000000000000000000, 0.000000000000000000 ) ) ;
#1704 =( LENGTH_UNIT ( ) NAMED_UNIT ( * ) SI_UNIT ( .MILLI., .METRE. ) );
#1705 = EDGE_CURVE ( 'NONE', #1740, #910, #1981, .T. ) ;
#1706 = EDGE_CURVE ( 'NONE', #1749, #1710, #1408, .T. ) ;
#1707 = ORIENTED_EDGE ( 'NONE', *, *, #2233, .T. ) ;
#1708 = CARTESIAN_POINT ( 'NONE',  ( -0.8999999999999991340, 0.1099999999999999867, -0.2000000000000003719 ) ) ;
#1709 = FACE_OUTER_BOUND ( 'NONE', #2432, .T. ) ;
#1710 = VERTEX_POINT ( 'NONE', #1377 ) ;
#1711 = PRESENTATION_STYLE_ASSIGNMENT (( #1460 ) ) ;
#1712 = CARTESIAN_POINT ( 'NONE',  ( -0.6999999999999990674, 0.2599999999999999534, -0.5000000000000001110 ) ) ;
#1713 = VERTEX_POINT ( 'NONE', #1094 ) ;
#1714 = MECHANICAL_DESIGN_GEOMETRIC_PRESENTATION_REPRESENTATION (  '', ( #313 ), #2072 ) ;
#1715 = DIRECTION ( 'NONE',  ( 1.000000000000000000, -0.000000000000000000, 0.000000000000000000 ) ) ;
#1716 = LINE ( 'NONE', #2014, #3175 ) ;
#1717 = AXIS2_PLACEMENT_3D ( 'NONE', #1499, #2118, #2631 ) ;
#1718 = LINE ( 'NONE', #328, #2895 ) ;
#1719 = VECTOR ( 'NONE', #2178, 1000.000000000000000 ) ;
#1720 = CARTESIAN_POINT ( 'NONE',  ( -1.800000000000000044, 0.2599999999999999534, -0.2000000000000003719 ) ) ;
#1721 = EDGE_CURVE ( 'NONE', #1568, #454, #1038, .T. ) ;
#1722 = COLOUR_RGB ( '',1.000000000000000000, 1.000000000000000000, 1.000000000000000000 ) ;
#1723 = CARTESIAN_POINT ( 'NONE',  ( -1.800000000000000044, 0.1099999999999999867, -0.5000000000000000000 ) ) ;
#1724 = ORIENTED_EDGE ( 'NONE', *, *, #1706, .T. ) ;
#1725 = FACE_OUTER_BOUND ( 'NONE', #3354, .T. ) ;
#1726 = ADVANCED_FACE ( 'NONE', ( #3699 ), #311, .F. ) ;
#1727 = COLOUR_RGB ( '',0.2980392156862745057, 0.2980392156862745057, 0.2980392156862745057 ) ;
#1728 = VECTOR ( 'NONE', #3691, 1000.000000000000000 ) ;
#1729 = EDGE_CURVE ( 'NONE', #221, #1568, #901, .T. ) ;
#1730 = SURFACE_STYLE_FILL_AREA ( #3163 ) ;
#1731 = VECTOR ( 'NONE', #1801, 1000.000000000000000 ) ;
#1732 = ORIENTED_EDGE ( 'NONE', *, *, #1556, .T. ) ;
#1733 = ORIENTED_EDGE ( 'NONE', *, *, #2164, .T. ) ;
#1734 = SURFACE_SIDE_STYLE ('',( #263 ) ) ;
#1735 = UNCERTAINTY_MEASURE_WITH_UNIT (LENGTH_MEASURE( 1.000000000000000082E-05 ), #2479, 'distance_accuracy_value', 'NONE');
#1736 = SURFACE_STYLE_FILL_AREA ( #557 ) ;
#1737 = CARTESIAN_POINT ( 'NONE',  ( -0.8999999999999991340, 0.1099999999999999867, -0.5000000000000001110 ) ) ;
#1738 = SURFACE_STYLE_FILL_AREA ( #3511 ) ;
#1739 = FACE_OUTER_BOUND ( 'NONE', #3161, .T. ) ;
#1740 = VERTEX_POINT ( 'NONE', #295 ) ;
#1741 = CARTESIAN_POINT ( 'NONE',  ( 1.400000000000001021, 0.2599999999999999534, 0.4999999999999997780 ) ) ;
#1742 = CARTESIAN_POINT ( 'NONE',  ( 1.200000000000001066, 0.1099999999999999867, 0.4999999999999997780 ) ) ;
#1743 = VECTOR ( 'NONE', #1135, 1000.000000000000000 ) ;
#1744 = LINE ( 'NONE', #1688, #614 ) ;
#1745 = DIRECTION ( 'NONE',  ( -1.000000000000000000, -0.000000000000000000, -0.000000000000000000 ) ) ;
#1746 = SURFACE_STYLE_USAGE ( .BOTH. , #861 ) ;
#1747 =( GEOMETRIC_REPRESENTATION_CONTEXT ( 3 ) GLOBAL_UNCERTAINTY_ASSIGNED_CONTEXT ( ( #2593 ) ) GLOBAL_UNIT_ASSIGNED_CONTEXT ( ( #3156, #2918, #27 ) ) REPRESENTATION_CONTEXT ( 'NONE', 'WORKASPACE' ) );
#1748 = CARTESIAN_POINT ( 'NONE',  ( 0.000000000000000000, 0.1099999999999999867, 0.000000000000000000 ) ) ;
#1749 = VERTEX_POINT ( 'NONE', #2606 ) ;
#1750 = FACE_OUTER_BOUND ( 'NONE', #671, .T. ) ;
#1751 = DIRECTION ( 'NONE',  ( 1.000000000000000000, 0.000000000000000000, 0.000000000000000000 ) ) ;
#1752 = ORIENTED_EDGE ( 'NONE', *, *, #3681, .T. ) ;
#1753 = ORIENTED_EDGE ( 'NONE', *, *, #1614, .F. ) ;
#1754 = CARTESIAN_POINT ( 'NONE',  ( -1.777212026920311327, -0.2400000000000000189, -0.3910685450942153474 ) ) ;
#1755 = LINE ( 'NONE', #446, #3068 ) ;
#1756 = ORIENTED_EDGE ( 'NONE', *, *, #3402, .F. ) ;
#1757 =( NAMED_UNIT ( * ) PLANE_ANGLE_UNIT ( ) SI_UNIT ( $, .RADIAN. ) );
#1758 = CARTESIAN_POINT ( 'NONE',  ( 1.400000000000001021, 0.2599999999999999534, 0.4999999999999997780 ) ) ;
#1759 =( NAMED_UNIT ( * ) SI_UNIT ( $, .STERADIAN. ) SOLID_ANGLE_UNIT ( ) );
#1760 = CARTESIAN_POINT ( 'NONE',  ( -0.1000000000000000056, 0.2599999999999999534, -0.5000000000000003331 ) ) ;
#1761 = SURFACE_SIDE_STYLE ('',( #607 ) ) ;
#1762 =( NAMED_UNIT ( * ) PLANE_ANGLE_UNIT ( ) SI_UNIT ( $, .RADIAN. ) );
#1763 = ORIENTED_EDGE ( 'NONE', *, *, #3471, .T. ) ;
#1764 = ORIENTED_EDGE ( 'NONE', *, *, #1147, .F. ) ;
#1765 = UNCERTAINTY_MEASURE_WITH_UNIT (LENGTH_MEASURE( 1.000000000000000082E-05 ), #2480, 'distance_accuracy_value', 'NONE');
#1766 = ADVANCED_FACE ( 'NONE', ( #3709 ), #2003, .F. ) ;
#1767 = DIRECTION ( 'NONE',  ( -0.000000000000000000, 1.000000000000000000, 0.000000000000000000 ) ) ;
#1768 = VERTEX_POINT ( 'NONE', #341 ) ;
#1769 = EDGE_LOOP ( 'NONE', ( #634, #2730, #727, #1976 ) ) ;
#1770 = DIRECTION ( 'NONE',  ( 1.000000000000000000, 0.000000000000000000, 0.000000000000000000 ) ) ;
#1771 = ADVANCED_FACE ( 'NONE', ( #1520 ), #2927, .F. ) ;
#1772 = EDGE_CURVE ( 'NONE', #1691, #2852, #1804, .T. ) ;
#1773 = DIRECTION ( 'NONE',  ( -0.000000000000000000, -1.000000000000000000, -0.000000000000000000 ) ) ;
#1774 = DIRECTION ( 'NONE',  ( 0.000000000000000000, 0.000000000000000000, -1.000000000000000000 ) ) ;
#1775 = VECTOR ( 'NONE', #1042, 1000.000000000000000 ) ;
#1776 = DIRECTION ( 'NONE',  ( -1.355252715606880049E-16, 0.000000000000000000, -1.000000000000000000 ) ) ;
#1777 =( NAMED_UNIT ( * ) SI_UNIT ( $, .STERADIAN. ) SOLID_ANGLE_UNIT ( ) );
#1778 = CARTESIAN_POINT ( 'NONE',  ( 0.1000000000000000056, 0.2400000000000000189, -0.5000000000000003331 ) ) ;
#1779 = SURFACE_STYLE_FILL_AREA ( #3222 ) ;
#1780 = VECTOR ( 'NONE', #508, 1000.000000000000000 ) ;
#1781 = AXIS2_PLACEMENT_3D ( 'NONE', #1007, #983, #2712 ) ;
#1782 = PRESENTATION_LAYER_ASSIGNMENT (  '', '', ( #3430 ) ) ;
#1783 = FACE_OUTER_BOUND ( 'NONE', #2883, .T. ) ;
#1784 = ORIENTED_EDGE ( 'NONE', *, *, #2233, .F. ) ;
#1785 = PLANE ( 'NONE',  #1526 ) ;
#1786 = DIRECTION ( 'NONE',  ( 7.228014483236694583E-16, 0.000000000000000000, 1.000000000000000000 ) ) ;
#1787 = MECHANICAL_DESIGN_GEOMETRIC_PRESENTATION_REPRESENTATION (  '', ( #2573 ), #3313 ) ;
#1788 = CARTESIAN_POINT ( 'NONE',  ( 0.5000000000000011102, 0.2599999999999999534, 0.1999999999999999001 ) ) ;
#1789 = VERTEX_POINT ( 'NONE', #1504 ) ;
#1790 = ORIENTED_EDGE ( 'NONE', *, *, #308, .T. ) ;
#1791 =( GEOMETRIC_REPRESENTATION_CONTEXT ( 3 ) GLOBAL_UNCERTAINTY_ASSIGNED_CONTEXT ( ( #1129 ) ) GLOBAL_UNIT_ASSIGNED_CONTEXT ( ( #155, #1685, #2461 ) ) REPRESENTATION_CONTEXT ( 'NONE', 'WORKASPACE' ) );
#1792 = EDGE_CURVE ( 'NONE', #3005, #1768, #2325, .T. ) ;
#1793 = PRESENTATION_STYLE_ASSIGNMENT (( #3530 ) ) ;
#1794 = ADVANCED_FACE ( 'NONE', ( #2598 ), #3215, .F. ) ;
#1795 = SURFACE_SIDE_STYLE ('',( #2055 ) ) ;
#1796 = COLOUR_RGB ( '',1.000000000000000000, 1.000000000000000000, 1.000000000000000000 ) ;
#1797 = PRESENTATION_STYLE_ASSIGNMENT (( #3242 ) ) ;
#1798 = AXIS2_PLACEMENT_3D ( 'NONE', #2973, #3047, #3642 ) ;
#1799 =( NAMED_UNIT ( * ) PLANE_ANGLE_UNIT ( ) SI_UNIT ( $, .RADIAN. ) );
#1800 = VECTOR ( 'NONE', #346, 1000.000000000000000 ) ;
#1801 = DIRECTION ( 'NONE',  ( -0.000000000000000000, -1.000000000000000000, -0.000000000000000000 ) ) ;
#1802 = ORIENTED_EDGE ( 'NONE', *, *, #3072, .T. ) ;
#1803 = UNCERTAINTY_MEASURE_WITH_UNIT (LENGTH_MEASURE( 1.000000000000000082E-05 ), #717, 'distance_accuracy_value', 'NONE');
#1804 = LINE ( 'NONE', #2314, #1057 ) ;
#1805 = FACE_OUTER_BOUND ( 'NONE', #3173, .T. ) ;
#1806 = ORIENTED_EDGE ( 'NONE', *, *, #2184, .F. ) ;
#1807 = ORIENTED_EDGE ( 'NONE', *, *, #1415, .F. ) ;
#1808 = FACE_OUTER_BOUND ( 'NONE', #3231, .T. ) ;
#1809 = LINE ( 'NONE', #2699, #1249 ) ;
#1810 = CARTESIAN_POINT ( 'NONE',  ( -1.199999999999999067, 0.1099999999999999867, 0.1999999999999999001 ) ) ;
#1811 = ORIENTED_EDGE ( 'NONE', *, *, #3677, .T. ) ;
#1812 = PLANE ( 'NONE',  #1114 ) ;
#1813 = CARTESIAN_POINT ( 'NONE',  ( 0.9000000000000001332, 0.2599999999999999534, -0.1999999999999999556 ) ) ;
#1814 = EDGE_CURVE ( 'NONE', #1418, #1397, #2360, .T. ) ;
#1815 = DIRECTION ( 'NONE',  ( -1.000000000000000000, 0.000000000000000000, 1.355252715606880049E-16 ) ) ;
#1816 = SURFACE_STYLE_USAGE ( .BOTH. , #1761 ) ;
#1817 = SURFACE_STYLE_FILL_AREA ( #916 ) ;
#1818 = EDGE_CURVE ( 'NONE', #2105, #3109, #3229, .T. ) ;
#1819 = ORIENTED_EDGE ( 'NONE', *, *, #2841, .T. ) ;
#1820 =( NAMED_UNIT ( * ) PLANE_ANGLE_UNIT ( ) SI_UNIT ( $, .RADIAN. ) );
#1821 = DIRECTION ( 'NONE',  ( -1.000000000000000000, -0.000000000000000000, -0.000000000000000000 ) ) ;
#1822 = EDGE_LOOP ( 'NONE', ( #1426, #984, #2239, #2176 ) ) ;
#1823 = FILL_AREA_STYLE_COLOUR ( '', #2082 ) ;
#1824 = SURFACE_SIDE_STYLE ('',( #3498 ) ) ;
#1825 = LINE ( 'NONE', #381, #760 ) ;
#1826 = ORIENTED_EDGE ( 'NONE', *, *, #2550, .F. ) ;
#1827 = CARTESIAN_POINT ( 'NONE',  ( 1.900000000000000355, 0.2400000000000000189, 0.5000000000000000000 ) ) ;
#1828 = EDGE_CURVE ( 'NONE', #201, #549, #53, .T. ) ;
#1829 = LINE ( 'NONE', #708, #875 ) ;
#1830 = MECHANICAL_DESIGN_GEOMETRIC_PRESENTATION_REPRESENTATION (  '', ( #3486 ), #3298 ) ;
#1831 = ADVANCED_FACE ( 'NONE', ( #637 ), #3633, .T. ) ;
#1832 = ORIENTED_EDGE ( 'NONE', *, *, #1174, .F. ) ;
#1833 = FILL_AREA_STYLE ('',( #907 ) ) ;
#1834 = ADVANCED_FACE ( 'NONE', ( #1558 ), #1533, .F. ) ;
#1835 = UNCERTAINTY_MEASURE_WITH_UNIT (LENGTH_MEASURE( 1.000000000000000082E-05 ), #347, 'distance_accuracy_value', 'NONE');
#1836 = STYLED_ITEM ( 'NONE', ( #3542 ), #1771 ) ;
#1837 = MECHANICAL_DESIGN_GEOMETRIC_PRESENTATION_REPRESENTATION (  '', ( #2327 ), #436 ) ;
#1838 = DIRECTION ( 'NONE',  ( -0.000000000000000000, -1.000000000000000000, -0.000000000000000000 ) ) ;
#1839 = VECTOR ( 'NONE', #2847, 1000.000000000000000 ) ;
#1840 = PRESENTATION_LAYER_ASSIGNMENT (  '', '', ( #1236 ) ) ;
#1841 = ORIENTED_EDGE ( 'NONE', *, *, #2793, .F. ) ;
#1842 = EDGE_LOOP ( 'NONE', ( #3340, #1784, #3593, #2674 ) ) ;
#1843 = VECTOR ( 'NONE', #3071, 1000.000000000000000 ) ;
#1844 = AXIS2_PLACEMENT_3D ( 'NONE', #2274, #1098, #3321 ) ;
#1845 = LINE ( 'NONE', #1522, #631 ) ;
#1846 = DIRECTION ( 'NONE',  ( 0.000000000000000000, 0.000000000000000000, 1.000000000000000000 ) ) ;
#1847 = AXIS2_PLACEMENT_3D ( 'NONE', #996, #2662, #1571 ) ;
#1848 = VERTEX_POINT ( 'NONE', #2447 ) ;
#1849 = LINE ( 'NONE', #1569, #2264 ) ;
#1850 = DIRECTION ( 'NONE',  ( 1.000000000000000000, 0.000000000000000000, -0.000000000000000000 ) ) ;
#1851 = MECHANICAL_DESIGN_GEOMETRIC_PRESENTATION_REPRESENTATION (  '', ( #1306 ), #2342 ) ;
#1852 = CARTESIAN_POINT ( 'NONE',  ( -1.777212026920311327, -0.2300000000000000100, -0.3539871179608206631 ) ) ;
#1853 = PRESENTATION_LAYER_ASSIGNMENT (  '', '', ( #1553 ) ) ;
#1854 = DIRECTION ( 'NONE',  ( 0.000000000000000000, 0.000000000000000000, 1.000000000000000000 ) ) ;
#1855 = PRODUCT_RELATED_PRODUCT_CATEGORY ( 'part', '', ( #3594 ) ) ;
#1856 = LINE ( 'NONE', #3017, #85 ) ;
#1857 = STYLED_ITEM ( 'NONE', ( #2826 ), #3193 ) ;
#1858 = ORIENTED_EDGE ( 'NONE', *, *, #1828, .T. ) ;
#1859 = CARTESIAN_POINT ( 'NONE',  ( 1.200000000000001066, 0.1099999999999999867, 0.1999999999999999278 ) ) ;
#1860 = AXIS2_PLACEMENT_3D ( 'NONE', #2462, #706, #2436 ) ;
#1861 = DIRECTION ( 'NONE',  ( 1.000000000000000000, 0.000000000000000000, -3.614007241618351729E-16 ) ) ;
#1862 = VECTOR ( 'NONE', #3299, 1000.000000000000000 ) ;
#1863 = APPLICATION_CONTEXT ( 'automotive_design' ) ;
#1864 = ORIENTED_EDGE ( 'NONE', *, *, #1705, .F. ) ;
#1865 = ORIENTED_EDGE ( 'NONE', *, *, #1772, .T. ) ;
#1866 =( LENGTH_UNIT ( ) NAMED_UNIT ( * ) SI_UNIT ( .MILLI., .METRE. ) );
#1867 = ORIENTED_EDGE ( 'NONE', *, *, #1171, .F. ) ;
#1868 = CARTESIAN_POINT ( 'NONE',  ( -1.800000000000000044, 0.1099999999999999867, -0.2000000000000003719 ) ) ;
#1869 = FILL_AREA_STYLE ('',( #80 ) ) ;
#1870 = SURFACE_SIDE_STYLE ('',( #1779 ) ) ;
#1871 = FILL_AREA_STYLE ('',( #3305 ) ) ;
#1872 = DIRECTION ( 'NONE',  ( -1.000000000000000000, -0.000000000000000000, 4.065758146820638669E-16 ) ) ;
#1873 = LINE ( 'NONE', #1285, #2335 ) ;
#1874 = EDGE_LOOP ( 'NONE', ( #752, #2280, #3044, #3427 ) ) ;
#1875 = UNCERTAINTY_MEASURE_WITH_UNIT (LENGTH_MEASURE( 1.000000000000000082E-05 ), #2481, 'distance_accuracy_value', 'NONE');
#1876 = ORIENTED_EDGE ( 'NONE', *, *, #1280, .F. ) ;
#1877 = ORIENTED_EDGE ( 'NONE', *, *, #838, .F. ) ;
#1878 = SURFACE_STYLE_USAGE ( .BOTH. , #474 ) ;
#1879 = EDGE_CURVE ( 'NONE', #3663, #1698, #668, .T. ) ;
#1880 = CARTESIAN_POINT ( 'NONE',  ( 1.200000000000001066, 0.2400000000000000189, 0.1999999999999999278 ) ) ;
#1881 = FACE_OUTER_BOUND ( 'NONE', #1769, .T. ) ;
#1882 = ORIENTED_EDGE ( 'NONE', *, *, #1333, .T. ) ;
#1883 = ADVANCED_FACE ( 'NONE', ( #710 ), #90, .T. ) ;
#1884 = DIRECTION ( 'NONE',  ( -0.000000000000000000, 1.000000000000000000, -0.000000000000000000 ) ) ;
#1885 = DIRECTION ( 'NONE',  ( -9.035018104045873159E-17, 0.000000000000000000, -1.000000000000000000 ) ) ;
#1886 = EDGE_CURVE ( 'NONE', #302, #2392, #2414, .T. ) ;
#1887 = PLANE ( 'NONE',  #879 ) ;
#1888 = SURFACE_SIDE_STYLE ('',( #2116 ) ) ;
#1889 = FACE_OUTER_BOUND ( 'NONE', #3527, .T. ) ;
#1890 = CARTESIAN_POINT ( 'NONE',  ( -1.399999999999999023, 0.1099999999999999867, 0.1999999999999999278 ) ) ;
#1891 = SURFACE_SIDE_STYLE ('',( #2803 ) ) ;
#1892 = CARTESIAN_POINT ( 'NONE',  ( 0.000000000000000000, 0.1099999999999999867, 0.000000000000000000 ) ) ;
#1893 = ORIENTED_EDGE ( 'NONE', *, *, #2720, .F. ) ;
#1894 = COLOUR_RGB ( '',1.000000000000000000, 1.000000000000000000, 1.000000000000000000 ) ;
#1895 = EDGE_LOOP ( 'NONE', ( #3580, #60 ) ) ;
#1896 =( GEOMETRIC_REPRESENTATION_CONTEXT ( 3 ) GLOBAL_UNCERTAINTY_ASSIGNED_CONTEXT ( ( #1530 ) ) GLOBAL_UNIT_ASSIGNED_CONTEXT ( ( #2039, #1757, #2647 ) ) REPRESENTATION_CONTEXT ( 'NONE', 'WORKASPACE' ) );
#1897 = VERTEX_POINT ( 'NONE', #2749 ) ;
#1898 = COLOUR_RGB ( '',0.2980392156862745057, 0.2980392156862745057, 0.2980392156862745057 ) ;
#1899 = SURFACE_STYLE_FILL_AREA ( #1315 ) ;
#1900 = VECTOR ( 'NONE', #908, 1000.000000000000000 ) ;
#1901 = CARTESIAN_POINT ( 'NONE',  ( -1.399999999999999023, 0.2400000000000000189, 0.5000000000000000000 ) ) ;
#1902 = LINE ( 'NONE', #1352, #2224 ) ;
#1903 = ORIENTED_EDGE ( 'NONE', *, *, #1565, .T. ) ;
#1904 = CARTESIAN_POINT ( 'NONE',  ( 1.600000000000000089, 0.2599999999999999534, -0.1999999999999999278 ) ) ;
#1905 = PRESENTATION_LAYER_ASSIGNMENT (  '', '', ( #1181 ) ) ;
#1906 = PLANE ( 'NONE',  #2513 ) ;
#1907 = EDGE_CURVE ( 'NONE', #2543, #2288, #451, .T. ) ;
#1908 = SURFACE_SIDE_STYLE ('',( #498 ) ) ;
#1909 = MECHANICAL_DESIGN_GEOMETRIC_PRESENTATION_REPRESENTATION (  '', ( #625 ), #807 ) ;
#1910 = DIRECTION ( 'NONE',  ( 0.000000000000000000, -1.000000000000000000, 0.000000000000000000 ) ) ;
#1911 = MECHANICAL_DESIGN_GEOMETRIC_PRESENTATION_REPRESENTATION (  '', ( #3379 ), #2577 ) ;
#1912 = CARTESIAN_POINT ( 'NONE',  ( 0.6999999999999998446, 0.1099999999999999867, -0.5000000000000000000 ) ) ;
#1913 = DIRECTION ( 'NONE',  ( -1.000000000000000000, -0.000000000000000000, -0.000000000000000000 ) ) ;
#1914 = EDGE_LOOP ( 'NONE', ( #1120, #3029, #2101, #2371 ) ) ;
#1915 = DIRECTION ( 'NONE',  ( -1.000000000000000000, 0.000000000000000000, 5.421010862427512309E-16 ) ) ;
#1916 = AXIS2_PLACEMENT_3D ( 'NONE', #1748, #915, #2076 ) ;
#1917 = CARTESIAN_POINT ( 'NONE',  ( -1.777212026920311327, -0.2300000000000000100, -0.3910685450942153474 ) ) ;
#1918 = ORIENTED_EDGE ( 'NONE', *, *, #1443, .T. ) ;
#1919 = ORIENTED_EDGE ( 'NONE', *, *, #2114, .T. ) ;
#1920 = DIRECTION ( 'NONE',  ( -1.000000000000000000, 0.000000000000000000, 0.000000000000000000 ) ) ;
#1921 = ORIENTED_EDGE ( 'NONE', *, *, #3287, .F. ) ;
#1922 = CARTESIAN_POINT ( 'NONE',  ( -0.4999999999999990563, 0.1099999999999999867, 0.4999999999999998890 ) ) ;
#1923 = SURFACE_STYLE_FILL_AREA ( #2549 ) ;
#1924 = DIRECTION ( 'NONE',  ( -0.000000000000000000, -1.000000000000000000, -0.000000000000000000 ) ) ;
#1925 = ADVANCED_FACE ( 'NONE', ( #1233 ), #1620, .F. ) ;
#1926 = EDGE_CURVE ( 'NONE', #1595, #1069, #489, .T. ) ;
#1927 = FILL_AREA_STYLE ('',( #769 ) ) ;
#1928 = VERTEX_POINT ( 'NONE', #3649 ) ;
#1929 = SURFACE_SIDE_STYLE ('',( #1067 ) ) ;
#1930 = EDGE_CURVE ( 'NONE', #2760, #696, #806, .T. ) ;
#1931 = ORIENTED_EDGE ( 'NONE', *, *, #770, .F. ) ;
#1932 = ORIENTED_EDGE ( 'NONE', *, *, #1421, .F. ) ;
#1933 = LINE ( 'NONE', #1880, #2091 ) ;
#1934 = DIRECTION ( 'NONE',  ( -0.000000000000000000, -1.000000000000000000, -0.000000000000000000 ) ) ;
#1935 = ORIENTED_EDGE ( 'NONE', *, *, #2400, .F. ) ;
#1936 = FILL_AREA_STYLE ('',( #779 ) ) ;
#1937 = MANIFOLD_SOLID_BREP ( 'Boss-Extrude2[6]', #1172 ) ;
#1938 = SURFACE_STYLE_FILL_AREA ( #1113 ) ;
#1939 = SURFACE_STYLE_USAGE ( .BOTH. , #1891 ) ;
#1940 = EDGE_CURVE ( 'NONE', #1097, #2105, #2237, .T. ) ;
#1941 = DIRECTION ( 'NONE',  ( -0.000000000000000000, 1.000000000000000000, -0.000000000000000000 ) ) ;
#1942 = ORIENTED_EDGE ( 'NONE', *, *, #2231, .F. ) ;
#1943 = CARTESIAN_POINT ( 'NONE',  ( 1.800000000000000266, 0.2400000000000000189, -0.1999999999999999556 ) ) ;
#1944 = EDGE_CURVE ( 'NONE', #3088, #170, #2527, .T. ) ;
#1945 =( NAMED_UNIT ( * ) PLANE_ANGLE_UNIT ( ) SI_UNIT ( $, .RADIAN. ) );
#1946 = SURFACE_SIDE_STYLE ('',( #755 ) ) ;
#1947 = ADVANCED_FACE ( 'NONE', ( #1968 ), #3373, .T. ) ;
#1948 = PRESENTATION_LAYER_ASSIGNMENT (  '', '', ( #313 ) ) ;
#1949 = ORIENTED_EDGE ( 'NONE', *, *, #1331, .F. ) ;
#1950 = ORIENTED_EDGE ( 'NONE', *, *, #2580, .T. ) ;
#1951 = FACE_OUTER_BOUND ( 'NONE', #2616, .T. ) ;
#1952 = AXIS2_PLACEMENT_3D ( 'NONE', #3704, #253, #2002 ) ;
#1953 = CARTESIAN_POINT ( 'NONE',  ( 0.1000000000000000333, 0.1099999999999999867, -0.2000000000000003997 ) ) ;
#1954 = MECHANICAL_DESIGN_GEOMETRIC_PRESENTATION_REPRESENTATION (  '', ( #330 ), #613 ) ;
#1955 = DIRECTION ( 'NONE',  ( -1.355252715606880049E-16, 0.000000000000000000, -1.000000000000000000 ) ) ;
#1956 = ORIENTED_EDGE ( 'NONE', *, *, #2907, .F. ) ;
#1957 = CARTESIAN_POINT ( 'NONE',  ( 0.5000000000000013323, 0.1099999999999999867, 0.4999999999999998890 ) ) ;
#1958 = MECHANICAL_DESIGN_GEOMETRIC_PRESENTATION_REPRESENTATION (  '', ( #379 ), #2202 ) ;
#1959 = VECTOR ( 'NONE', #1295, 1000.000000000000000 ) ;
#1960 = PRESENTATION_STYLE_ASSIGNMENT (( #1629 ) ) ;
#1961 = DIRECTION ( 'NONE',  ( -3.614007241618347785E-16, -0.000000000000000000, -1.000000000000000000 ) ) ;
#1962 = LINE ( 'NONE', #2825, #1843 ) ;
#1963 = SURFACE_SIDE_STYLE ('',( #1064 ) ) ;
#1964 = EDGE_LOOP ( 'NONE', ( #3258, #1858, #810, #2385 ) ) ;
#1965 = STYLED_ITEM ( 'NONE', ( #1466 ), #2667 ) ;
#1966 = DIRECTION ( 'NONE',  ( 0.000000000000000000, 0.000000000000000000, 1.000000000000000000 ) ) ;
#1967 = FACE_OUTER_BOUND ( 'NONE', #3275, .T. ) ;
#1968 = FACE_OUTER_BOUND ( 'NONE', #2654, .T. ) ;
#1969 = AXIS2_PLACEMENT_3D ( 'NONE', #2916, #898, #1386 ) ;
#1970 = ORIENTED_EDGE ( 'NONE', *, *, #2774, .T. ) ;
#1971 = ORIENTED_EDGE ( 'NONE', *, *, #255, .F. ) ;
#1972 =( LENGTH_UNIT ( ) NAMED_UNIT ( * ) SI_UNIT ( .MILLI., .METRE. ) );
#1973 = EDGE_CURVE ( 'NONE', #1713, #93, #1364, .T. ) ;
#1974 = DIRECTION ( 'NONE',  ( 1.000000000000000000, 0.000000000000000000, -1.355252715606880049E-16 ) ) ;
#1975 =( GEOMETRIC_REPRESENTATION_CONTEXT ( 3 ) GLOBAL_UNCERTAINTY_ASSIGNED_CONTEXT ( ( #2556 ) ) GLOBAL_UNIT_ASSIGNED_CONTEXT ( ( #172, #2498, #2799 ) ) REPRESENTATION_CONTEXT ( 'NONE', 'WORKASPACE' ) );
#1976 = ORIENTED_EDGE ( 'NONE', *, *, #486, .T. ) ;
#1977 = LINE ( 'NONE', #1427, #2687 ) ;
#1978 =( GEOMETRIC_REPRESENTATION_CONTEXT ( 3 ) GLOBAL_UNCERTAINTY_ASSIGNED_CONTEXT ( ( #1342 ) ) GLOBAL_UNIT_ASSIGNED_CONTEXT ( ( #1318, #3043, #458 ) ) REPRESENTATION_CONTEXT ( 'NONE', 'WORKASPACE' ) );
#1979 = CARTESIAN_POINT ( 'NONE',  ( 0.3000000000000009326, 0.2599999999999999534, 0.5000000000000000000 ) ) ;
#1980 = FACE_OUTER_BOUND ( 'NONE', #1964, .T. ) ;
#1981 = LINE ( 'NONE', #3644, #2991 ) ;
#1982 =( NAMED_UNIT ( * ) PLANE_ANGLE_UNIT ( ) SI_UNIT ( $, .RADIAN. ) );
#1983 = FACE_OUTER_BOUND ( 'NONE', #354, .T. ) ;
#1984 = VERTEX_POINT ( 'NONE', #3407 ) ;
#1985 = DIRECTION ( 'NONE',  ( -0.000000000000000000, 1.000000000000000000, -0.000000000000000000 ) ) ;
#1986 = PLANE ( 'NONE',  #3718 ) ;
#1987 = UNCERTAINTY_MEASURE_WITH_UNIT (LENGTH_MEASURE( 1.000000000000000082E-05 ), #598, 'distance_accuracy_value', 'NONE');
#1988 = SURFACE_STYLE_FILL_AREA ( #2558 ) ;
#1989 = VERTEX_POINT ( 'NONE', #522 ) ;
#1990 = ORIENTED_EDGE ( 'NONE', *, *, #808, .F. ) ;
#1991 = FILL_AREA_STYLE ('',( #874 ) ) ;
#1992 = UNCERTAINTY_MEASURE_WITH_UNIT (LENGTH_MEASURE( 1.000000000000000082E-05 ), #3523, 'distance_accuracy_value', 'NONE');
#1993 = FACE_OUTER_BOUND ( 'NONE', #789, .T. ) ;
#1994 = ORIENTED_EDGE ( 'NONE', *, *, #3262, .T. ) ;
#1995 = EDGE_CURVE ( 'NONE', #3212, #3522, #1694, .T. ) ;
#1996 = DIRECTION ( 'NONE',  ( -1.000000000000000000, 0.000000000000000000, 0.000000000000000000 ) ) ;
#1997 = EDGE_CURVE ( 'NONE', #1041, #2794, #2790, .T. ) ;
#1998 = ADVANCED_FACE ( 'NONE', ( #1674 ), #2833, .F. ) ;
#1999 = CARTESIAN_POINT ( 'NONE',  ( -0.2999999999999989342, 0.2400000000000000189, 0.1999999999999999001 ) ) ;
#2000 = PRESENTATION_STYLE_ASSIGNMENT (( #1453 ) ) ;
#2001 = ORIENTED_EDGE ( 'NONE', *, *, #889, .T. ) ;
#2002 = DIRECTION ( 'NONE',  ( -9.035018104045873159E-17, 0.000000000000000000, -1.000000000000000000 ) ) ;
#2003 = PLANE ( 'NONE',  #3550 ) ;
#2004 = DIRECTION ( 'NONE',  ( -0.000000000000000000, 1.000000000000000000, -0.000000000000000000 ) ) ;
#2005 = ORIENTED_EDGE ( 'NONE', *, *, #185, .F. ) ;
#2006 = FACE_OUTER_BOUND ( 'NONE', #2475, .T. ) ;
#2007 = FILL_AREA_STYLE_COLOUR ( '', #20 ) ;
#2008 = DIRECTION ( 'NONE',  ( -0.000000000000000000, -1.000000000000000000, -0.000000000000000000 ) ) ;
#2009 = MANIFOLD_SOLID_BREP ( 'Boss-Extrude2[5]', #65 ) ;
#2010 = VERTEX_POINT ( 'NONE', #1144 ) ;
#2011 = CLOSED_SHELL ( 'NONE', ( #3361, #2372, #1047, #2953, #1102, #573 ) ) ;
#2012 = CARTESIAN_POINT ( 'NONE',  ( -0.09999999999999995004, 0.1099999999999999867, -0.2000000000000003719 ) ) ;
#2013 = EDGE_CURVE ( 'NONE', #2835, #3276, #1103, .T. ) ;
#2014 = CARTESIAN_POINT ( 'NONE',  ( -0.6999999999999990674, 0.1099999999999999867, -0.5000000000000001110 ) ) ;
#2015 =( GEOMETRIC_REPRESENTATION_CONTEXT ( 3 ) GLOBAL_UNCERTAINTY_ASSIGNED_CONTEXT ( ( #580 ) ) GLOBAL_UNIT_ASSIGNED_CONTEXT ( ( #3405, #3647, #2159 ) ) REPRESENTATION_CONTEXT ( 'NONE', 'WORKASPACE' ) );
#2016 = CARTESIAN_POINT ( 'NONE',  ( -1.199999999999998845, 0.1099999999999999867, 0.5000000000000000000 ) ) ;
#2017 = SURFACE_STYLE_FILL_AREA ( #1405 ) ;
#2018 = MECHANICAL_DESIGN_GEOMETRIC_PRESENTATION_REPRESENTATION (  '', ( #1836 ), #2138 ) ;
#2019 = DIRECTION ( 'NONE',  ( -0.000000000000000000, 1.000000000000000000, -0.000000000000000000 ) ) ;
#2020 = VECTOR ( 'NONE', #171, 1000.000000000000000 ) ;
#2021 = ADVANCED_FACE ( 'NONE', ( #1783 ), #2634, .F. ) ;
#2022 = AXIS2_PLACEMENT_3D ( 'NONE', #1917, #1650, #1344 ) ;
#2023 = VECTOR ( 'NONE', #1320, 1000.000000000000000 ) ;
#2024 = LINE ( 'NONE', #3187, #3257 ) ;
#2025 = VERTEX_POINT ( 'NONE', #633 ) ;
#2026 = DIRECTION ( 'NONE',  ( 1.000000000000000000, 0.000000000000000000, -1.355252715606879310E-16 ) ) ;
#2027 = COLOUR_RGB ( '',1.000000000000000000, 1.000000000000000000, 1.000000000000000000 ) ;
#2028 = SURFACE_STYLE_USAGE ( .BOTH. , #2310 ) ;
#2029 = ORIENTED_EDGE ( 'NONE', *, *, #2160, .F. ) ;
#2030 = LINE ( 'NONE', #3196, #2503 ) ;
#2031 = DIRECTION ( 'NONE',  ( 0.000000000000000000, 0.000000000000000000, -1.000000000000000000 ) ) ;
#2032 = UNCERTAINTY_MEASURE_WITH_UNIT (LENGTH_MEASURE( 1.000000000000000082E-05 ), #3377, 'distance_accuracy_value', 'NONE');
#2033 = STYLED_ITEM ( 'NONE', ( #1525 ), #2435 ) ;
#2034 = LINE ( 'NONE', #1107, #1615 ) ;
#2035 = VECTOR ( 'NONE', #1259, 1000.000000000000000 ) ;
#2036 = ORIENTED_EDGE ( 'NONE', *, *, #1004, .T. ) ;
#2037 =( GEOMETRIC_REPRESENTATION_CONTEXT ( 3 ) GLOBAL_UNCERTAINTY_ASSIGNED_CONTEXT ( ( #3290 ) ) GLOBAL_UNIT_ASSIGNED_CONTEXT ( ( #1633, #175, #1379 ) ) REPRESENTATION_CONTEXT ( 'NONE', 'WORKASPACE' ) );
#2038 = SURFACE_STYLE_USAGE ( .BOTH. , #3495 ) ;
#2039 =( LENGTH_UNIT ( ) NAMED_UNIT ( * ) SI_UNIT ( .MILLI., .METRE. ) );
#2040 = CARTESIAN_POINT ( 'NONE',  ( -1.800000000000000044, 0.2599999999999999534, -0.5000000000000000000 ) ) ;
#2041 = COLOUR_RGB ( '',1.000000000000000000, 1.000000000000000000, 1.000000000000000000 ) ;
#2042 = CARTESIAN_POINT ( 'NONE',  ( 0.1000000000000000056, 0.2599999999999999534, -0.5000000000000003331 ) ) ;
#2043 = VECTOR ( 'NONE', #1567, 1000.000000000000000 ) ;
#2044 =( LENGTH_UNIT ( ) NAMED_UNIT ( * ) SI_UNIT ( .MILLI., .METRE. ) );
#2045 = EDGE_CURVE ( 'NONE', #8, #910, #2923, .T. ) ;
#2046 = ORIENTED_EDGE ( 'NONE', *, *, #490, .F. ) ;
#2047 = ORIENTED_EDGE ( 'NONE', *, *, #664, .T. ) ;
#2048 = LINE ( 'NONE', #3197, #3489 ) ;
#2049 = EDGE_CURVE ( 'NONE', #2794, #1150, #1457, .T. ) ;
#2050 = MANIFOLD_SOLID_BREP ( 'Boss-Extrude2[2]', #1109 ) ;
#2051 = SURFACE_STYLE_USAGE ( .BOTH. , #3135 ) ;
#2052 = ORIENTED_EDGE ( 'NONE', *, *, #2737, .F. ) ;
#2053 = DIRECTION ( 'NONE',  ( 0.000000000000000000, 0.000000000000000000, 1.000000000000000000 ) ) ;
#2054 = PLANE ( 'NONE',  #1969 ) ;
#2055 = SURFACE_STYLE_FILL_AREA ( #1467 ) ;
#2056 = DIRECTION ( 'NONE',  ( 0.000000000000000000, 1.000000000000000000, 0.000000000000000000 ) ) ;
#2057 = MANIFOLD_SOLID_BREP ( 'Boss-Extrude2[7]', #2383 ) ;
#2058 = CARTESIAN_POINT ( 'NONE',  ( 1.800000000000000266, 0.2599999999999999534, -0.1999999999999999556 ) ) ;
#2059 = CARTESIAN_POINT ( 'NONE',  ( 0.000000000000000000, 0.1099999999999999867, 0.000000000000000000 ) ) ;
#2060 = FILL_AREA_STYLE_COLOUR ( '', #3671 ) ;
#2061 = LINE ( 'NONE', #3224, #1230 ) ;
#2062 = ADVANCED_FACE ( 'NONE', ( #1501 ), #281, .F. ) ;
#2063 = ORIENTED_EDGE ( 'NONE', *, *, #1930, .T. ) ;
#2064 = FACE_OUTER_BOUND ( 'NONE', #2591, .T. ) ;
#2065 = UNCERTAINTY_MEASURE_WITH_UNIT (LENGTH_MEASURE( 1.000000000000000082E-05 ), #3174, 'distance_accuracy_value', 'NONE');
#2066 = ADVANCED_FACE ( 'NONE', ( #3335 ), #976, .F. ) ;
#2067 = FILL_AREA_STYLE ('',( #6 ) ) ;
#2068 = EDGE_LOOP ( 'NONE', ( #181, #3116, #1877, #216 ) ) ;
#2069 = ORIENTED_EDGE ( 'NONE', *, *, #2737, .T. ) ;
#2070 = PLANE ( 'NONE',  #2268 ) ;
#2071 = FACE_OUTER_BOUND ( 'NONE', #2068, .T. ) ;
#2072 =( GEOMETRIC_REPRESENTATION_CONTEXT ( 3 ) GLOBAL_UNCERTAINTY_ASSIGNED_CONTEXT ( ( #2597 ) ) GLOBAL_UNIT_ASSIGNED_CONTEXT ( ( #2359, #2691, #1006 ) ) REPRESENTATION_CONTEXT ( 'NONE', 'WORKASPACE' ) );
#2073 = FILL_AREA_STYLE_COLOUR ( '', #2442 ) ;
#2074 = COLOUR_RGB ( '',1.000000000000000000, 1.000000000000000000, 1.000000000000000000 ) ;
#2075 = FILL_AREA_STYLE_COLOUR ( '', #629 ) ;
#2076 = DIRECTION ( 'NONE',  ( 0.000000000000000000, -0.000000000000000000, 1.000000000000000000 ) ) ;
#2077 = MECHANICAL_DESIGN_GEOMETRIC_PRESENTATION_REPRESENTATION (  '', ( #3237 ), #1896 ) ;
#2078 =( GEOMETRIC_REPRESENTATION_CONTEXT ( 3 ) GLOBAL_UNCERTAINTY_ASSIGNED_CONTEXT ( ( #1835 ) ) GLOBAL_UNIT_ASSIGNED_CONTEXT ( ( #347, #78, #1245 ) ) REPRESENTATION_CONTEXT ( 'NONE', 'WORKASPACE' ) );
#2079 =( NAMED_UNIT ( * ) SI_UNIT ( $, .STERADIAN. ) SOLID_ANGLE_UNIT ( ) );
#2080 = VECTOR ( 'NONE', #1149, 1000.000000000000000 ) ;
#2081 = VERTEX_POINT ( 'NONE', #115 ) ;
#2082 = COLOUR_RGB ( '',1.000000000000000000, 1.000000000000000000, 1.000000000000000000 ) ;
#2083 = MECHANICAL_DESIGN_GEOMETRIC_PRESENTATION_REPRESENTATION (  '', ( #3118 ), #1243 ) ;
#2084 =( GEOMETRIC_REPRESENTATION_CONTEXT ( 3 ) GLOBAL_UNCERTAINTY_ASSIGNED_CONTEXT ( ( #394 ) ) GLOBAL_UNIT_ASSIGNED_CONTEXT ( ( #2522, #2229, #1777 ) ) REPRESENTATION_CONTEXT ( 'NONE', 'WORKASPACE' ) );
#2085 = CARTESIAN_POINT ( 'NONE',  ( 0.6999999999999999556, 0.1099999999999999867, -0.1999999999999999278 ) ) ;
#2086 = ORIENTED_EDGE ( 'NONE', *, *, #889, .F. ) ;
#2087 = ORIENTED_EDGE ( 'NONE', *, *, #3631, .T. ) ;
#2088 = SURFACE_STYLE_FILL_AREA ( #2949 ) ;
#2089 = EDGE_CURVE ( 'NONE', #2812, #2308, #103, .T. ) ;
#2090 = LINE ( 'NONE', #2381, #2215 ) ;
#2091 = VECTOR ( 'NONE', #3095, 1000.000000000000000 ) ;
#2092 = CARTESIAN_POINT ( 'NONE',  ( 0.6999999999999999556, 0.1099999999999999867, -0.1999999999999999278 ) ) ;
#2093 = VERTEX_POINT ( 'NONE', #3576 ) ;
#2094 = DIRECTION ( 'NONE',  ( -0.000000000000000000, 1.000000000000000000, 0.000000000000000000 ) ) ;
#2095 = ADVANCED_FACE ( 'NONE', ( #2135 ), #138, .F. ) ;
#2096 = EDGE_CURVE ( 'NONE', #1314, #241, #3558, .T. ) ;
#2097 = DIRECTION ( 'NONE',  ( 0.000000000000000000, 1.000000000000000000, 0.000000000000000000 ) ) ;
#2098 = CARTESIAN_POINT ( 'NONE',  ( -1.599999999999999867, 0.2599999999999999534, -0.5000000000000000000 ) ) ;
#2099 = MECHANICAL_DESIGN_GEOMETRIC_PRESENTATION_REPRESENTATION (  '', ( #1625 ), #3514 ) ;
#2100 = DIRECTION ( 'NONE',  ( 1.000000000000000000, 0.000000000000000000, -5.421010862427512309E-16 ) ) ;
#2101 = ORIENTED_EDGE ( 'NONE', *, *, #3382, .F. ) ;
#2102 = SURFACE_STYLE_FILL_AREA ( #980 ) ;
#2103 = UNCERTAINTY_MEASURE_WITH_UNIT (LENGTH_MEASURE( 1.000000000000000082E-05 ), #1138, 'distance_accuracy_value', 'NONE');
#2104 = PLANE ( 'NONE',  #2704 ) ;
#2105 = VERTEX_POINT ( 'NONE', #86 ) ;
#2106 = ORIENTED_EDGE ( 'NONE', *, *, #3133, .T. ) ;
#2107 = FILL_AREA_STYLE_COLOUR ( '', #2751 ) ;
#2108 =( NAMED_UNIT ( * ) PLANE_ANGLE_UNIT ( ) SI_UNIT ( $, .RADIAN. ) );
#2109 = PRESENTATION_STYLE_ASSIGNMENT (( #2969 ) ) ;
#2110 = VERTEX_POINT ( 'NONE', #370 ) ;
#2111 = EDGE_CURVE ( 'NONE', #2110, #619, #1829, .T. ) ;
#2112 = DIRECTION ( 'NONE',  ( 0.000000000000000000, 0.000000000000000000, 1.000000000000000000 ) ) ;
#2113 = PLANE ( 'NONE',  #83 ) ;
#2114 = EDGE_CURVE ( 'NONE', #1623, #3505, #688, .T. ) ;
#2115 = SURFACE_STYLE_USAGE ( .BOTH. , #2407 ) ;
#2116 = SURFACE_STYLE_FILL_AREA ( #1871 ) ;
#2117 = EDGE_CURVE ( 'NONE', #1044, #1041, #1856, .T. ) ;
#2118 = DIRECTION ( 'NONE',  ( -0.000000000000000000, 1.000000000000000000, 0.000000000000000000 ) ) ;
#2119 = SURFACE_STYLE_USAGE ( .BOTH. , #2976 ) ;
#2120 = EDGE_LOOP ( 'NONE', ( #670, #2553, #3147, #1518 ) ) ;
#2121 = FILL_AREA_STYLE_COLOUR ( '', #1722 ) ;
#2122 = CARTESIAN_POINT ( 'NONE',  ( 0.9000000000000002442, 0.2599999999999999534, -0.5000000000000000000 ) ) ;
#2123 = ORIENTED_EDGE ( 'NONE', *, *, #2180, .T. ) ;
#2124 = ORIENTED_EDGE ( 'NONE', *, *, #1828, .F. ) ;
#2125 =( LENGTH_UNIT ( ) NAMED_UNIT ( * ) SI_UNIT ( .MILLI., .METRE. ) );
#2126 = FILL_AREA_STYLE_COLOUR ( '', #567 ) ;
#2127 = FACE_OUTER_BOUND ( 'NONE', #2679, .T. ) ;
#2128 = EDGE_LOOP ( 'NONE', ( #1187, #3195, #2346, #129 ) ) ;
#2129 = DIRECTION ( 'NONE',  ( -1.000000000000000000, 0.000000000000000000, 0.000000000000000000 ) ) ;
#2130 =( GEOMETRIC_REPRESENTATION_CONTEXT ( 3 ) GLOBAL_UNCERTAINTY_ASSIGNED_CONTEXT ( ( #1165 ) ) GLOBAL_UNIT_ASSIGNED_CONTEXT ( ( #285, #3482, #833 ) ) REPRESENTATION_CONTEXT ( 'NONE', 'WORKASPACE' ) );
#2131 = LINE ( 'NONE', #2682, #2698 ) ;
#2132 =( NAMED_UNIT ( * ) SI_UNIT ( $, .STERADIAN. ) SOLID_ANGLE_UNIT ( ) );
#2133 = FACE_OUTER_BOUND ( 'NONE', #2581, .T. ) ;
#2134 = VECTOR ( 'NONE', #785, 1000.000000000000000 ) ;
#2135 = FACE_OUTER_BOUND ( 'NONE', #850, .T. ) ;
#2136 = ORIENTED_EDGE ( 'NONE', *, *, #886, .T. ) ;
#2137 = PRESENTATION_STYLE_ASSIGNMENT (( #316 ) ) ;
#2138 =( GEOMETRIC_REPRESENTATION_CONTEXT ( 3 ) GLOBAL_UNCERTAINTY_ASSIGNED_CONTEXT ( ( #919 ) ) GLOBAL_UNIT_ASSIGNED_CONTEXT ( ( #2962, #3169, #1442 ) ) REPRESENTATION_CONTEXT ( 'NONE', 'WORKASPACE' ) );
#2139 = VECTOR ( 'NONE', #1884, 1000.000000000000000 ) ;
#2140 = CARTESIAN_POINT ( 'NONE',  ( -0.6999999999999990674, 0.1099999999999999867, -0.5000000000000001110 ) ) ;
#2141 = DIRECTION ( 'NONE',  ( -1.000000000000000000, 0.000000000000000000, 0.000000000000000000 ) ) ;
#2142 = VECTOR ( 'NONE', #2240, 1000.000000000000000 ) ;
#2143 = ORIENTED_EDGE ( 'NONE', *, *, #923, .F. ) ;
#2144 = ORIENTED_EDGE ( 'NONE', *, *, #1721, .T. ) ;
#2145 = COLOUR_RGB ( '',1.000000000000000000, 1.000000000000000000, 1.000000000000000000 ) ;
#2146 = AXIS2_PLACEMENT_3D ( 'NONE', #966, #658, #3295 ) ;
#2147 = DIRECTION ( 'NONE',  ( 1.000000000000000000, 0.000000000000000000, -1.355252715606880049E-16 ) ) ;
#2148 = CARTESIAN_POINT ( 'NONE',  ( 1.600000000000000089, 0.2599999999999999534, -0.5000000000000002220 ) ) ;
#2149 = STYLED_ITEM ( 'NONE', ( #3119 ), #2494 ) ;
#2150 = EDGE_LOOP ( 'NONE', ( #2889, #3749, #3462, #3711 ) ) ;
#2151 = LINE ( 'NONE', #2458, #2020 ) ;
#2152 = VECTOR ( 'NONE', #1601, 1000.000000000000000 ) ;
#2153 = DIRECTION ( 'NONE',  ( -0.000000000000000000, -1.000000000000000000, -0.000000000000000000 ) ) ;
#2154 =( NAMED_UNIT ( * ) PLANE_ANGLE_UNIT ( ) SI_UNIT ( $, .RADIAN. ) );
#2155 = VECTOR ( 'NONE', #3349, 1000.000000000000000 ) ;
#2156 =( NAMED_UNIT ( * ) PLANE_ANGLE_UNIT ( ) SI_UNIT ( $, .RADIAN. ) );
#2157 = AXIS2_PLACEMENT_3D ( 'NONE', #1374, #2536, #1092 ) ;
#2158 = ORIENTED_EDGE ( 'NONE', *, *, #161, .T. ) ;
#2159 =( NAMED_UNIT ( * ) SI_UNIT ( $, .STERADIAN. ) SOLID_ANGLE_UNIT ( ) );
#2160 = EDGE_CURVE ( 'NONE', #454, #63, #390, .T. ) ;
#2161 = DIRECTION ( 'NONE',  ( 1.000000000000000000, 0.000000000000000000, -1.355252715606880049E-16 ) ) ;
#2162 =( NAMED_UNIT ( * ) PLANE_ANGLE_UNIT ( ) SI_UNIT ( $, .RADIAN. ) );
#2163 = CARTESIAN_POINT ( 'NONE',  ( -1.399999999999999023, 0.1099999999999999867, 0.1999999999999999278 ) ) ;
#2164 = EDGE_CURVE ( 'NONE', #3088, #2392, #1574, .T. ) ;
#2165 = ORIENTED_EDGE ( 'NONE', *, *, #2685, .T. ) ;
#2166 = EDGE_CURVE ( 'NONE', #241, #1897, #62, .T. ) ;
#2167 = ORIENTED_EDGE ( 'NONE', *, *, #2517, .F. ) ;
#2168 = DIRECTION ( 'NONE',  ( -1.000000000000000000, 0.000000000000000000, 1.355252715606880049E-16 ) ) ;
#2169 = ORIENTED_EDGE ( 'NONE', *, *, #1441, .F. ) ;
#2170 = LINE ( 'NONE', #2421, #262 ) ;
#2171 = CARTESIAN_POINT ( 'NONE',  ( 0.5000000000000011102, 0.1099999999999999867, 0.1999999999999999001 ) ) ;
#2172 = DIRECTION ( 'NONE',  ( -1.000000000000000000, 0.000000000000000000, 0.000000000000000000 ) ) ;
#2173 = LINE ( 'NONE', #173, #3233 ) ;
#2174 = CARTESIAN_POINT ( 'NONE',  ( -1.399999999999999023, 0.1099999999999999867, 0.1999999999999999278 ) ) ;
#2175 = DIRECTION ( 'NONE',  ( -0.000000000000000000, -1.000000000000000000, -0.000000000000000000 ) ) ;
#2176 = ORIENTED_EDGE ( 'NONE', *, *, #2096, .F. ) ;
#2177 = DIRECTION ( 'NONE',  ( 1.000000000000000000, 0.000000000000000000, -7.228014483236692611E-16 ) ) ;
#2178 = DIRECTION ( 'NONE',  ( 1.000000000000000000, 0.000000000000000000, 0.000000000000000000 ) ) ;
#2179 = PRESENTATION_STYLE_ASSIGNMENT (( #3002 ) ) ;
#2180 = EDGE_CURVE ( 'NONE', #897, #1479, #1873, .T. ) ;
#2181 = VERTEX_POINT ( 'NONE', #422 ) ;
#2182 = ORIENTED_EDGE ( 'NONE', *, *, #2998, .F. ) ;
#2183 = FILL_AREA_STYLE_COLOUR ( '', #2692 ) ;
#2184 = EDGE_CURVE ( 'NONE', #3605, #3650, #2742, .T. ) ;
#2185 =( NAMED_UNIT ( * ) SI_UNIT ( $, .STERADIAN. ) SOLID_ANGLE_UNIT ( ) );
#2186 = FILL_AREA_STYLE ('',( #151 ) ) ;
#2187 = ORIENTED_EDGE ( 'NONE', *, *, #209, .T. ) ;
#2188 = LINE ( 'NONE', #2798, #503 ) ;
#2189 = DIRECTION ( 'NONE',  ( -1.000000000000000000, 0.000000000000000000, -0.000000000000000000 ) ) ;
#2190 = FILL_AREA_STYLE ('',( #721 ) ) ;
#2191 = LINE ( 'NONE', #3591, #2438 ) ;
#2192 = DIRECTION ( 'NONE',  ( 0.000000000000000000, 0.000000000000000000, -1.000000000000000000 ) ) ;
#2193 = PLANE ( 'NONE',  #3442 ) ;
#2194 = ORIENTED_EDGE ( 'NONE', *, *, #2352, .F. ) ;
#2195 = VECTOR ( 'NONE', #3034, 1000.000000000000000 ) ;
#2196 = DIRECTION ( 'NONE',  ( -7.228014483236692611E-16, -0.000000000000000000, -1.000000000000000000 ) ) ;
#2197 = ORIENTED_EDGE ( 'NONE', *, *, #2842, .T. ) ;
#2198 = AXIS2_PLACEMENT_3D ( 'NONE', #1618, #2218, #3090 ) ;
#2199 = ORIENTED_EDGE ( 'NONE', *, *, #923, .T. ) ;
#2200 = VECTOR ( 'NONE', #1546, 1000.000000000000000 ) ;
#2201 = DIRECTION ( 'NONE',  ( 1.000000000000000000, 0.000000000000000000, -1.355252715606880049E-16 ) ) ;
#2202 =( GEOMETRIC_REPRESENTATION_CONTEXT ( 3 ) GLOBAL_UNCERTAINTY_ASSIGNED_CONTEXT ( ( #2671 ) ) GLOBAL_UNIT_ASSIGNED_CONTEXT ( ( #1509, #2108, #3452 ) ) REPRESENTATION_CONTEXT ( 'NONE', 'WORKASPACE' ) );
#2203 = COLOUR_RGB ( '',1.000000000000000000, 1.000000000000000000, 1.000000000000000000 ) ;
#2204 = CARTESIAN_POINT ( 'NONE',  ( 1.400000000000001021, 0.1099999999999999867, 0.1999999999999999001 ) ) ;
#2205 = ORIENTED_EDGE ( 'NONE', *, *, #2604, .F. ) ;
#2206 = STYLED_ITEM ( 'NONE', ( #120 ), #1925 ) ;
#2207 = ADVANCED_FACE ( 'NONE', ( #1613 ), #3101, .F. ) ;
#2208 = VECTOR ( 'NONE', #233, 1000.000000000000000 ) ;
#2209 = DIRECTION ( 'NONE',  ( 0.000000000000000000, -0.000000000000000000, 1.000000000000000000 ) ) ;
#2210 = VECTOR ( 'NONE', #1226, 1000.000000000000000 ) ;
#2211 = FACE_OUTER_BOUND ( 'NONE', #2273, .T. ) ;
#2212 = SURFACE_STYLE_USAGE ( .BOTH. , #1059 ) ;
#2213 = EDGE_CURVE ( 'NONE', #1255, #2543, #1378, .T. ) ;
#2214 =( LENGTH_UNIT ( ) NAMED_UNIT ( * ) SI_UNIT ( .MILLI., .METRE. ) );
#2215 = VECTOR ( 'NONE', #3261, 1000.000000000000000 ) ;
#2216 = ORIENTED_EDGE ( 'NONE', *, *, #1926, .T. ) ;
#2217 = FACE_OUTER_BOUND ( 'NONE', #3408, .T. ) ;
#2218 = DIRECTION ( 'NONE',  ( -1.000000000000000000, 0.000000000000000000, 3.614007241618347292E-16 ) ) ;
#2219 = VECTOR ( 'NONE', #1913, 1000.000000000000000 ) ;
#2220 = CARTESIAN_POINT ( 'NONE',  ( 0.5000000000000013323, 0.1099999999999999867, 0.4999999999999998890 ) ) ;
#2221 = ORIENTED_EDGE ( 'NONE', *, *, #3521, .T. ) ;
#2222 = PRESENTATION_LAYER_ASSIGNMENT (  '', '', ( #280 ) ) ;
#2223 = ORIENTED_EDGE ( 'NONE', *, *, #2791, .F. ) ;
#2224 = VECTOR ( 'NONE', #2241, 1000.000000000000000 ) ;
#2225 = EDGE_LOOP ( 'NONE', ( #111, #2046, #1621, #2528 ) ) ;
#2226 = LINE ( 'NONE', #2588, #1535 ) ;
#2227 = EDGE_CURVE ( 'NONE', #364, #864, #1393, .T. ) ;
#2228 = CARTESIAN_POINT ( 'NONE',  ( -1.800000000000000044, 0.1099999999999999867, -0.5000000000000000000 ) ) ;
#2229 =( NAMED_UNIT ( * ) PLANE_ANGLE_UNIT ( ) SI_UNIT ( $, .RADIAN. ) );
#2230 = FILL_AREA_STYLE ('',( #2247 ) ) ;
#2231 = EDGE_CURVE ( 'NONE', #2909, #2255, #2523, .T. ) ;
#2232 = FACE_OUTER_BOUND ( 'NONE', #2311, .T. ) ;
#2233 = EDGE_CURVE ( 'NONE', #2987, #2861, #2539, .T. ) ;
#2234 = DIRECTION ( 'NONE',  ( -1.000000000000000000, 0.000000000000000000, -0.000000000000000000 ) ) ;
#2235 = VERTEX_POINT ( 'NONE', #2551 ) ;
#2236 = CARTESIAN_POINT ( 'NONE',  ( -0.4999999999999990563, 0.1099999999999999867, 0.1999999999999999278 ) ) ;
#2237 = LINE ( 'NONE', #164, #1061 ) ;
#2238 = ORIENTED_EDGE ( 'NONE', *, *, #1305, .F. ) ;
#2239 = ORIENTED_EDGE ( 'NONE', *, *, #2166, .F. ) ;
#2240 = DIRECTION ( 'NONE',  ( -0.000000000000000000, -1.000000000000000000, -0.000000000000000000 ) ) ;
#2241 = DIRECTION ( 'NONE',  ( -0.000000000000000000, -1.000000000000000000, -0.000000000000000000 ) ) ;
#2242 = ORIENTED_EDGE ( 'NONE', *, *, #437, .F. ) ;
#2243 = SURFACE_STYLE_USAGE ( .BOTH. , #878 ) ;
#2244 = PLANE ( 'NONE',  #391 ) ;
#2245 = LINE ( 'NONE', #797, #2408 ) ;
#2246 = CARTESIAN_POINT ( 'NONE',  ( -0.4999999999999990563, 0.1099999999999999867, 0.1999999999999999278 ) ) ;
#2247 = FILL_AREA_STYLE_COLOUR ( '', #2260 ) ;
#2248 = DIRECTION ( 'NONE',  ( -7.228014483236695569E-16, -0.000000000000000000, -1.000000000000000000 ) ) ;
#2249 = CARTESIAN_POINT ( 'NONE',  ( 0.1000000000000000056, 0.1099999999999999867, -0.5000000000000003331 ) ) ;
#2250 = ORIENTED_EDGE ( 'NONE', *, *, #3287, .T. ) ;
#2251 = PLANE ( 'NONE',  #1952 ) ;
#2252 = CARTESIAN_POINT ( 'NONE',  ( -0.8999999999999991340, 0.2599999999999999534, -0.2000000000000003719 ) ) ;
#2253 = SURFACE_SIDE_STYLE ('',( #1988 ) ) ;
#2254 = VECTOR ( 'NONE', #2505, 1000.000000000000000 ) ;
#2255 = VERTEX_POINT ( 'NONE', #1645 ) ;
#2256 = PLANE ( 'NONE',  #3045 ) ;
#2257 = SURFACE_STYLE_USAGE ( .BOTH. , #1281 ) ;
#2258 = VECTOR ( 'NONE', #2608, 1000.000000000000000 ) ;
#2259 = PLANE ( 'NONE',  #3503 ) ;
#2260 = COLOUR_RGB ( '',1.000000000000000000, 1.000000000000000000, 1.000000000000000000 ) ;
#2261 = PRODUCT_CONTEXT ( 'NONE', #3302, 'mechanical' ) ;
#2262 = VERTEX_POINT ( 'NONE', #1081 ) ;
#2263 = AXIS2_PLACEMENT_3D ( 'NONE', #3154, #544, #3177 ) ;
#2264 = VECTOR ( 'NONE', #2988, 1000.000000000000000 ) ;
#2265 =( LENGTH_UNIT ( ) NAMED_UNIT ( * ) SI_UNIT ( .MILLI., .METRE. ) );
#2266 = DIRECTION ( 'NONE',  ( 0.000000000000000000, -0.000000000000000000, 1.000000000000000000 ) ) ;
#2267 = COLOUR_RGB ( '',0.2980392156862745057, 0.2980392156862745057, 0.2980392156862745057 ) ;
#2268 = AXIS2_PLACEMENT_3D ( 'NONE', #3513, #1770, #2644 ) ;
#2269 = CARTESIAN_POINT ( 'NONE',  ( -1.899999999999999467, 0.2400000000000000189, -0.5000000000000000000 ) ) ;
#2270 = VECTOR ( 'NONE', #1339, 1000.000000000000000 ) ;
#2271 = STYLED_ITEM ( 'NONE', ( #620 ), #1420 ) ;
#2272 = PRESENTATION_STYLE_ASSIGNMENT (( #1690 ) ) ;
#2273 = EDGE_LOOP ( 'NONE', ( #1401, #1366, #2123, #1341, #3083, #2696, #146, #718, #1412, #411, #520, #3404, #1724, #2834, #1089, #2443, #666, #2491, #3092, #512, #277, #2708, #1019, #2194, #3040, #1931, #1005, #3451, #2504, #359, #2063, #2904, #473, #2317, #1994, #3637, #775, #1417, #2516, #1753 ) ) ;
#2274 = CARTESIAN_POINT ( 'NONE',  ( -0.2999999999999989342, 0.1099999999999999867, 0.1999999999999999001 ) ) ;
#2275 = VECTOR ( 'NONE', #1643, 1000.000000000000000 ) ;
#2276 = CARTESIAN_POINT ( 'NONE',  ( 0.6999999999999998446, 0.1099999999999999867, -0.5000000000000000000 ) ) ;
#2277 =( LENGTH_UNIT ( ) NAMED_UNIT ( * ) SI_UNIT ( .MILLI., .METRE. ) );
#2278 = ADVANCED_FACE ( 'NONE', ( #2232 ), #3403, .F. ) ;
#2279 = ORIENTED_EDGE ( 'NONE', *, *, #2775, .T. ) ;
#2280 = ORIENTED_EDGE ( 'NONE', *, *, #3634, .T. ) ;
#2281 =( LENGTH_UNIT ( ) NAMED_UNIT ( * ) SI_UNIT ( .MILLI., .METRE. ) );
#2282 = STYLED_ITEM ( 'NONE', ( #2272 ), #3208 ) ;
#2283 = EDGE_CURVE ( 'NONE', #1591, #147, #3387, .T. ) ;
#2284 = DIRECTION ( 'NONE',  ( 0.000000000000000000, 0.000000000000000000, 1.000000000000000000 ) ) ;
#2285 = EDGE_CURVE ( 'NONE', #2794, #2427, #2768, .T. ) ;
#2286 = STYLED_ITEM ( 'NONE', ( #649 ), #3361 ) ;
#2287 = DIRECTION ( 'NONE',  ( -1.000000000000000000, 0.000000000000000000, 0.000000000000000000 ) ) ;
#2288 = VERTEX_POINT ( 'NONE', #3717 ) ;
#2289 = PRESENTATION_LAYER_ASSIGNMENT (  '', '', ( #577 ) ) ;
#2290 = CARTESIAN_POINT ( 'NONE',  ( 0.1000000000000000056, 0.1099999999999999867, -0.5000000000000003331 ) ) ;
#2291 = FACE_OUTER_BOUND ( 'NONE', #1086, .T. ) ;
#2292 = PRESENTATION_STYLE_ASSIGNMENT (( #566 ) ) ;
#2293 = LINE ( 'NONE', #3534, #211 ) ;
#2294 = ORIENTED_EDGE ( 'NONE', *, *, #3728, .T. ) ;
#2295 = LINE ( 'NONE', #3460, #3419 ) ;
#2296 = DIRECTION ( 'NONE',  ( 1.807003620809174139E-16, 0.000000000000000000, 1.000000000000000000 ) ) ;
#2297 = ORIENTED_EDGE ( 'NONE', *, *, #1729, .T. ) ;
#2298 = VERTEX_POINT ( 'NONE', #3662 ) ;
#2299 = UNCERTAINTY_MEASURE_WITH_UNIT (LENGTH_MEASURE( 1.000000000000000082E-05 ), #786, 'distance_accuracy_value', 'NONE');
#2300 = CARTESIAN_POINT ( 'NONE',  ( 0.5000000000000013323, 0.2599999999999999534, 0.4999999999999998890 ) ) ;
#2301 =( NAMED_UNIT ( * ) PLANE_ANGLE_UNIT ( ) SI_UNIT ( $, .RADIAN. ) );
#2302 = CARTESIAN_POINT ( 'NONE',  ( -1.800000000000000044, 0.2400000000000000189, -0.5000000000000000000 ) ) ;
#2303 = ORIENTED_EDGE ( 'NONE', *, *, #465, .F. ) ;
#2304 = EDGE_CURVE ( 'NONE', #2411, #2602, #1039, .T. ) ;
#2305 = SURFACE_STYLE_FILL_AREA ( #1190 ) ;
#2306 = DIRECTION ( 'NONE',  ( 1.000000000000000000, 0.000000000000000000, -1.355252715606880049E-16 ) ) ;
#2307 = DIRECTION ( 'NONE',  ( -0.000000000000000000, -0.000000000000000000, -1.000000000000000000 ) ) ;
#2308 = VERTEX_POINT ( 'NONE', #1912 ) ;
#2309 = DIRECTION ( 'NONE',  ( -0.000000000000000000, -1.000000000000000000, -0.000000000000000000 ) ) ;
#2310 = SURFACE_SIDE_STYLE ('',( #1730 ) ) ;
#2311 = EDGE_LOOP ( 'NONE', ( #166, #1876, #1903, #2961 ) ) ;
#2312 = CARTESIAN_POINT ( 'NONE',  ( 0.1000000000000000333, 0.2599999999999999534, -0.2000000000000003997 ) ) ;
#2313 = DIRECTION ( 'NONE',  ( -0.000000000000000000, 1.000000000000000000, -0.000000000000000000 ) ) ;
#2314 = CARTESIAN_POINT ( 'NONE',  ( -0.8999999999999991340, 0.2599999999999999534, -0.5000000000000001110 ) ) ;
#2315 = CARTESIAN_POINT ( 'NONE',  ( 0.1000000000000000056, 0.1099999999999999867, -0.5000000000000003331 ) ) ;
#2316 = DIRECTION ( 'NONE',  ( -0.000000000000000000, -1.000000000000000000, -0.000000000000000000 ) ) ;
#2317 = ORIENTED_EDGE ( 'NONE', *, *, #2914, .F. ) ;
#2318 = STYLED_ITEM ( 'NONE', ( #1711 ), #29 ) ;
#2319 = DIRECTION ( 'NONE',  ( 1.000000000000000000, 0.000000000000000000, 0.000000000000000000 ) ) ;
#2320 = VECTOR ( 'NONE', #830, 1000.000000000000000 ) ;
#2321 = LINE ( 'NONE', #226, #1489 ) ;
#2322 = CARTESIAN_POINT ( 'NONE',  ( 1.600000000000000089, 0.2599999999999999534, -0.1999999999999999278 ) ) ;
#2323 = EDGE_CURVE ( 'NONE', #1085, #2689, #782, .T. ) ;
#2324 = FILL_AREA_STYLE ('',( #293 ) ) ;
#2325 = CIRCLE ( 'NONE', #1662, 0.03708142713339462881 ) ;
#2326 = DIRECTION ( 'NONE',  ( -1.000000000000000000, 0.000000000000000000, 1.355252715606880049E-16 ) ) ;
#2327 = STYLED_ITEM ( 'NONE', ( #2292 ), #622 ) ;
#2328 = SURFACE_SIDE_STYLE ('',( #887 ) ) ;
#2329 = COLOUR_RGB ( '',0.2980392156862745057, 0.2980392156862745057, 0.2980392156862745057 ) ;
#2330 =( GEOMETRIC_REPRESENTATION_CONTEXT ( 3 ) GLOBAL_UNCERTAINTY_ASSIGNED_CONTEXT ( ( #2065 ) ) GLOBAL_UNIT_ASSIGNED_CONTEXT ( ( #3174, #3732, #1133 ) ) REPRESENTATION_CONTEXT ( 'NONE', 'WORKASPACE' ) );
#2331 = CARTESIAN_POINT ( 'NONE',  ( -1.899999999999999467, -0.2400000000000000189, -0.5000000000000000000 ) ) ;
#2332 = EDGE_CURVE ( 'NONE', #2534, #1353, #1962, .T. ) ;
#2333 = DIRECTION ( 'NONE',  ( -1.000000000000000000, 0.000000000000000000, 4.065758146820638669E-16 ) ) ;
#2334 = LINE ( 'NONE', #2736, #930 ) ;
#2335 = VECTOR ( 'NONE', #1517, 1000.000000000000000 ) ;
#2336 = VECTOR ( 'NONE', #2201, 1000.000000000000000 ) ;
#2337 = VECTOR ( 'NONE', #272, 1000.000000000000000 ) ;
#2338 = ORIENTED_EDGE ( 'NONE', *, *, #2914, .T. ) ;
#2339 = ORIENTED_EDGE ( 'NONE', *, *, #3417, .T. ) ;
#2340 = CARTESIAN_POINT ( 'NONE',  ( 0.6999999999999999556, 0.1099999999999999867, -0.1999999999999999278 ) ) ;
#2341 = UNCERTAINTY_MEASURE_WITH_UNIT (LENGTH_MEASURE( 1.000000000000000082E-05 ), #1548, 'distance_accuracy_value', 'NONE');
#2342 =( GEOMETRIC_REPRESENTATION_CONTEXT ( 3 ) GLOBAL_UNCERTAINTY_ASSIGNED_CONTEXT ( ( #3251 ) ) GLOBAL_UNIT_ASSIGNED_CONTEXT ( ( #149, #2454, #2185 ) ) REPRESENTATION_CONTEXT ( 'NONE', 'WORKASPACE' ) );
#2343 =( NAMED_UNIT ( * ) SI_UNIT ( $, .STERADIAN. ) SOLID_ANGLE_UNIT ( ) );
#2344 = FILL_AREA_STYLE_COLOUR ( '', #3065 ) ;
#2345 = VECTOR ( 'NONE', #1821, 1000.000000000000000 ) ;
#2346 = ORIENTED_EDGE ( 'NONE', *, *, #1495, .F. ) ;
#2347 = CARTESIAN_POINT ( 'NONE',  ( -1.199999999999999067, 0.2400000000000000189, 0.5000000000000000000 ) ) ;
#2348 = STYLED_ITEM ( 'NONE', ( #2722 ), #3406 ) ;
#2349 = DIRECTION ( 'NONE',  ( 0.000000000000000000, -1.000000000000000000, 0.000000000000000000 ) ) ;
#2350 = VECTOR ( 'NONE', #312, 1000.000000000000000 ) ;
#2351 = SURFACE_STYLE_USAGE ( .BOTH. , #61 ) ;
#2352 = EDGE_CURVE ( 'NONE', #398, #1051, #214, .T. ) ;
#2353 = CARTESIAN_POINT ( 'NONE',  ( -0.8999999999999991340, 0.2599999999999999534, -0.5000000000000001110 ) ) ;
#2354 = MECHANICAL_DESIGN_GEOMETRIC_PRESENTATION_REPRESENTATION (  '', ( #892 ), #1747 ) ;
#2355 = DIRECTION ( 'NONE',  ( 0.000000000000000000, 0.000000000000000000, -1.000000000000000000 ) ) ;
#2356 = PLANE ( 'NONE',  #2617 ) ;
#2357 = EDGE_CURVE ( 'NONE', #1691, #2771, #1409, .T. ) ;
#2358 = ORIENTED_EDGE ( 'NONE', *, *, #3311, .F. ) ;
#2359 =( LENGTH_UNIT ( ) NAMED_UNIT ( * ) SI_UNIT ( .MILLI., .METRE. ) );
#2360 = LINE ( 'NONE', #3526, #1900 ) ;
#2361 = SURFACE_STYLE_USAGE ( .BOTH. , #1018 ) ;
#2362 = ORIENTED_EDGE ( 'NONE', *, *, #249, .F. ) ;
#2363 = LINE ( 'NONE', #3529, #2629 ) ;
#2364 = LINE ( 'NONE', #2646, #941 ) ;
#2365 = PRESENTATION_STYLE_ASSIGNMENT (( #1205 ) ) ;
#2366 = DIRECTION ( 'NONE',  ( 1.000000000000000000, 0.000000000000000000, -1.355252715606879310E-16 ) ) ;
#2367 = SURFACE_SIDE_STYLE ('',( #1450 ) ) ;
#2368 = PRESENTATION_STYLE_ASSIGNMENT (( #972 ) ) ;
#2369 = CARTESIAN_POINT ( 'NONE',  ( -1.599999999999999867, 0.2400000000000000189, -0.5000000000000000000 ) ) ;
#2370 = FILL_AREA_STYLE ('',( #258 ) ) ;
#2371 = ORIENTED_EDGE ( 'NONE', *, *, #47, .T. ) ;
#2372 = ADVANCED_FACE ( 'NONE', ( #2881 ), #2936, .F. ) ;
#2373 = UNCERTAINTY_MEASURE_WITH_UNIT (LENGTH_MEASURE( 1.000000000000000082E-05 ), #290, 'distance_accuracy_value', 'NONE');
#2374 = SURFACE_SIDE_STYLE ('',( #3464 ) ) ;
#2375 = CARTESIAN_POINT ( 'NONE',  ( 0.6999999999999999556, 0.1099999999999999867, -0.1999999999999999278 ) ) ;
#2376 = ORIENTED_EDGE ( 'NONE', *, *, #369, .F. ) ;
#2377 = ADVANCED_FACE ( 'NONE', ( #296 ), #534, .F. ) ;
#2378 = EDGE_CURVE ( 'NONE', #2081, #2534, #902, .T. ) ;
#2379 = ORIENTED_EDGE ( 'NONE', *, *, #1211, .F. ) ;
#2380 = DIRECTION ( 'NONE',  ( 1.000000000000000000, 0.000000000000000000, 3.614007241618347785E-16 ) ) ;
#2381 = CARTESIAN_POINT ( 'NONE',  ( 0.3000000000000009326, 0.1099999999999999867, 0.1999999999999999833 ) ) ;
#2382 = LINE ( 'NONE', #933, #1112 ) ;
#2383 = CLOSED_SHELL ( 'NONE', ( #1794, #3721, #51, #3426, #2840, #2667 ) ) ;
#2384 = CARTESIAN_POINT ( 'NONE',  ( 1.800000000000000266, 0.1099999999999999867, -0.5000000000000002220 ) ) ;
#2385 = ORIENTED_EDGE ( 'NONE', *, *, #369, .T. ) ;
#2386 = FACE_OUTER_BOUND ( 'NONE', #2477, .T. ) ;
#2387 = LINE ( 'NONE', #940, #824 ) ;
#2388 = COLOUR_RGB ( '',1.000000000000000000, 1.000000000000000000, 1.000000000000000000 ) ;
#2389 = DIRECTION ( 'NONE',  ( 0.000000000000000000, 0.000000000000000000, -1.000000000000000000 ) ) ;
#2390 = VECTOR ( 'NONE', #3253, 1000.000000000000000 ) ;
#2391 = VECTOR ( 'NONE', #3030, 1000.000000000000000 ) ;
#2392 = VERTEX_POINT ( 'NONE', #2574 ) ;
#2393 = DIRECTION ( 'NONE',  ( 0.000000000000000000, 0.000000000000000000, 1.000000000000000000 ) ) ;
#2394 = MECHANICAL_DESIGN_GEOMETRIC_PRESENTATION_REPRESENTATION (  '', ( #1605 ), #444 ) ;
#2395 = DIRECTION ( 'NONE',  ( -3.614007241618351729E-16, 0.000000000000000000, -1.000000000000000000 ) ) ;
#2396 = EDGE_CURVE ( 'NONE', #36, #1848, #2607, .T. ) ;
#2397 = FILL_AREA_STYLE_COLOUR ( '', #457 ) ;
#2398 = ORIENTED_EDGE ( 'NONE', *, *, #2283, .F. ) ;
#2399 = VECTOR ( 'NONE', #1996, 1000.000000000000000 ) ;
#2400 = EDGE_CURVE ( 'NONE', #2965, #3640, #2920, .T. ) ;
#2401 = ADVANCED_FACE ( 'NONE', ( #32 ), #1194, .F. ) ;
#2402 = CARTESIAN_POINT ( 'NONE',  ( 1.600000000000000089, 0.1099999999999999867, -0.5000000000000002220 ) ) ;
#2403 = FILL_AREA_STYLE_COLOUR ( '', #2564 ) ;
#2404 = CARTESIAN_POINT ( 'NONE',  ( -1.800000000000000044, 0.1099999999999999867, -0.2000000000000003719 ) ) ;
#2405 = ORIENTED_EDGE ( 'NONE', *, *, #1443, .F. ) ;
#2406 = MECHANICAL_DESIGN_GEOMETRIC_PRESENTATION_REPRESENTATION (  '', ( #2282 ), #2765 ) ;
#2407 = SURFACE_SIDE_STYLE ('',( #1585 ) ) ;
#2408 = VECTOR ( 'NONE', #1686, 1000.000000000000000 ) ;
#2409 = AXIS2_PLACEMENT_3D ( 'NONE', #1444, #3202, #3172 ) ;
#2410 = CARTESIAN_POINT ( 'NONE',  ( 1.200000000000001066, 0.1099999999999999867, 0.1999999999999999278 ) ) ;
#2411 = VERTEX_POINT ( 'NONE', #2989 ) ;
#2412 = LINE ( 'NONE', #918, #3100 ) ;
#2413 = UNCERTAINTY_MEASURE_WITH_UNIT (LENGTH_MEASURE( 1.000000000000000082E-05 ), #2214, 'distance_accuracy_value', 'NONE');
#2414 = LINE ( 'NONE', #3291, #82 ) ;
#2415 = ORIENTED_EDGE ( 'NONE', *, *, #3066, .F. ) ;
#2416 = ORIENTED_EDGE ( 'NONE', *, *, #1729, .F. ) ;
#2417 = FILL_AREA_STYLE ('',( #2107 ) ) ;
#2418 = DIRECTION ( 'NONE',  ( 0.000000000000000000, -0.000000000000000000, 1.000000000000000000 ) ) ;
#2419 = PLANE ( 'NONE',  #284 ) ;
#2420 = ORIENTED_EDGE ( 'NONE', *, *, #33, .T. ) ;
#2421 = CARTESIAN_POINT ( 'NONE',  ( 0.1000000000000000333, 0.2599999999999999534, -0.2000000000000003997 ) ) ;
#2422 = DIRECTION ( 'NONE',  ( 1.000000000000000000, 0.000000000000000000, 0.000000000000000000 ) ) ;
#2423 = LINE ( 'NONE', #3050, #70 ) ;
#2424 = ORIENTED_EDGE ( 'NONE', *, *, #1023, .T. ) ;
#2425 = SURFACE_SIDE_STYLE ('',( #1519 ) ) ;
#2426 = CARTESIAN_POINT ( 'NONE',  ( -0.6999999999999990674, 0.1099999999999999867, -0.5000000000000001110 ) ) ;
#2427 = VERTEX_POINT ( 'NONE', #2721 ) ;
#2428 = ORIENTED_EDGE ( 'NONE', *, *, #1702, .F. ) ;
#2429 = DIRECTION ( 'NONE',  ( 0.000000000000000000, -0.000000000000000000, 1.000000000000000000 ) ) ;
#2430 = SURFACE_SIDE_STYLE ('',( #345 ) ) ;
#2431 = CARTESIAN_POINT ( 'NONE',  ( 1.200000000000001066, 0.1099999999999999867, 0.4999999999999997780 ) ) ;
#2432 = EDGE_LOOP ( 'NONE', ( #1580, #2643, #2946, #877 ) ) ;
#2433 = DIRECTION ( 'NONE',  ( -7.228014483236692611E-16, 0.000000000000000000, -1.000000000000000000 ) ) ;
#2434 = LINE ( 'NONE', #3267, #2759 ) ;
#2435 = ADVANCED_FACE ( 'NONE', ( #2386 ), #3552, .F. ) ;
#2436 = DIRECTION ( 'NONE',  ( 0.000000000000000000, 0.000000000000000000, -1.000000000000000000 ) ) ;
#2437 = LINE ( 'NONE', #3610, #1532 ) ;
#2438 = VECTOR ( 'NONE', #3660, 1000.000000000000000 ) ;
#2439 = CARTESIAN_POINT ( 'NONE',  ( 0.5000000000000013323, 0.1099999999999999867, 0.4999999999999998890 ) ) ;
#2440 = EDGE_CURVE ( 'NONE', #1984, #3343, #2131, .T. ) ;
#2441 = VECTOR ( 'NONE', #1389, 1000.000000000000000 ) ;
#2442 = COLOUR_RGB ( '',0.2980392156862745057, 0.2980392156862745057, 0.2980392156862745057 ) ;
#2443 = ORIENTED_EDGE ( 'NONE', *, *, #2285, .F. ) ;
#2444 = DIRECTION ( 'NONE',  ( 1.355252715606880049E-16, -0.000000000000000000, 1.000000000000000000 ) ) ;
#2445 = MECHANICAL_DESIGN_GEOMETRIC_PRESENTATION_REPRESENTATION (  '', ( #1534 ), #3370 ) ;
#2446 =( GEOMETRIC_REPRESENTATION_CONTEXT ( 3 ) GLOBAL_UNCERTAINTY_ASSIGNED_CONTEXT ( ( #3020 ) ) GLOBAL_UNIT_ASSIGNED_CONTEXT ( ( #1972, #3752, #851 ) ) REPRESENTATION_CONTEXT ( 'NONE', 'WORKASPACE' ) );
#2447 = CARTESIAN_POINT ( 'NONE',  ( 1.900000000000000355, 0.2400000000000000189, 0.5000000000000000000 ) ) ;
#2448 = MECHANICAL_DESIGN_GEOMETRIC_PRESENTATION_REPRESENTATION (  '', ( #871 ), #2690 ) ;
#2449 =( GEOMETRIC_REPRESENTATION_CONTEXT ( 3 ) GLOBAL_UNCERTAINTY_ASSIGNED_CONTEXT ( ( #1199 ) ) GLOBAL_UNIT_ASSIGNED_CONTEXT ( ( #641, #2697, #3259 ) ) REPRESENTATION_CONTEXT ( 'NONE', 'WORKASPACE' ) );
#2450 = ORIENTED_EDGE ( 'NONE', *, *, #1283, .T. ) ;
#2451 = ORIENTED_EDGE ( 'NONE', *, *, #1721, .F. ) ;
#2452 = SURFACE_SIDE_STYLE ('',( #1899 ) ) ;
#2453 = AXIS2_PLACEMENT_3D ( 'NONE', #500, #723, #158 ) ;
#2454 =( NAMED_UNIT ( * ) PLANE_ANGLE_UNIT ( ) SI_UNIT ( $, .RADIAN. ) );
#2455 = LINE ( 'NONE', #2092, #218 ) ;
#2456 = EDGE_LOOP ( 'NONE', ( #1506, #2424, #1763, #3012 ) ) ;
#2457 = LINE ( 'NONE', #1904, #2391 ) ;
#2458 = CARTESIAN_POINT ( 'NONE',  ( -0.8999999999999991340, 0.2599999999999999534, -0.2000000000000003719 ) ) ;
#2459 =( LENGTH_UNIT ( ) NAMED_UNIT ( * ) SI_UNIT ( .MILLI., .METRE. ) );
#2460 = VECTOR ( 'NONE', #2284, 1000.000000000000000 ) ;
#2461 =( NAMED_UNIT ( * ) SI_UNIT ( $, .STERADIAN. ) SOLID_ANGLE_UNIT ( ) );
#2462 = CARTESIAN_POINT ( 'NONE',  ( 1.200000000000001066, 0.2599999999999999534, 0.1999999999999999278 ) ) ;
#2463 = CARTESIAN_POINT ( 'NONE',  ( -1.800000000000000044, 0.1099999999999999867, -0.2000000000000003719 ) ) ;
#2464 = VECTOR ( 'NONE', #3216, 1000.000000000000000 ) ;
#2465 = LINE ( 'NONE', #114, #3168 ) ;
#2466 = EDGE_CURVE ( 'NONE', #1713, #539, #3304, .T. ) ;
#2467 = CIRCLE ( 'NONE', #1136, 0.03708142713339462881 ) ;
#2468 =( LENGTH_UNIT ( ) NAMED_UNIT ( * ) SI_UNIT ( .MILLI., .METRE. ) );
#2469 = EDGE_CURVE ( 'NONE', #1085, #3505, #2434, .T. ) ;
#2470 = VERTEX_POINT ( 'NONE', #81 ) ;
#2471 = LINE ( 'NONE', #487, #985 ) ;
#2472 = AXIS2_PLACEMENT_3D ( 'NONE', #3673, #1074, #1030 ) ;
#2473 = LINE ( 'NONE', #2773, #1780 ) ;
#2474 =( NAMED_UNIT ( * ) SI_UNIT ( $, .STERADIAN. ) SOLID_ANGLE_UNIT ( ) );
#2475 = EDGE_LOOP ( 'NONE', ( #3294, #2777, #1990, #3211 ) ) ;
#2476 = VERTEX_POINT ( 'NONE', #1852 ) ;
#2477 = EDGE_LOOP ( 'NONE', ( #2714, #186, #961, #3152 ) ) ;
#2478 = PLANE ( 'NONE',  #24 ) ;
#2479 =( LENGTH_UNIT ( ) NAMED_UNIT ( * ) SI_UNIT ( .MILLI., .METRE. ) );
#2480 =( LENGTH_UNIT ( ) NAMED_UNIT ( * ) SI_UNIT ( .MILLI., .METRE. ) );
#2481 =( LENGTH_UNIT ( ) NAMED_UNIT ( * ) SI_UNIT ( .MILLI., .METRE. ) );
#2482 = PLANE ( 'NONE',  #868 ) ;
#2483 = CARTESIAN_POINT ( 'NONE',  ( -1.899999999999999467, -0.2400000000000000189, 0.5000000000000000000 ) ) ;
#2484 = SURFACE_STYLE_USAGE ( .BOTH. , #1360 ) ;
#2485 = EDGE_LOOP ( 'NONE', ( #3395, #76, #468, #1523 ) ) ;
#2486 = LINE ( 'NONE', #1648, #2254 ) ;
#2487 = CARTESIAN_POINT ( 'NONE',  ( 0.5000000000000011102, 0.1099999999999999867, 0.1999999999999999001 ) ) ;
#2488 = DIRECTION ( 'NONE',  ( 0.000000000000000000, 0.000000000000000000, -1.000000000000000000 ) ) ;
#2489 = EDGE_CURVE ( 'NONE', #2255, #849, #648, .T. ) ;
#2490 = ORIENTED_EDGE ( 'NONE', *, *, #3636, .T. ) ;
#2491 = ORIENTED_EDGE ( 'NONE', *, *, #2842, .F. ) ;
#2492 = SURFACE_STYLE_USAGE ( .BOTH. , #2452 ) ;
#2493 = FACE_OUTER_BOUND ( 'NONE', #1286, .T. ) ;
#2494 = ADVANCED_FACE ( 'NONE', ( #705 ), #367, .T. ) ;
#2495 = ORIENTED_EDGE ( 'NONE', *, *, #1328, .T. ) ;
#2496 = CARTESIAN_POINT ( 'NONE',  ( -0.4999999999999990563, 0.2400000000000000189, 0.4999999999999998890 ) ) ;
#2497 = FILL_AREA_STYLE ('',( #3013 ) ) ;
#2498 =( NAMED_UNIT ( * ) PLANE_ANGLE_UNIT ( ) SI_UNIT ( $, .RADIAN. ) );
#2499 = DIRECTION ( 'NONE',  ( -1.000000000000000000, 0.000000000000000000, 1.355252715606880049E-16 ) ) ;
#2500 = DIRECTION ( 'NONE',  ( 0.000000000000000000, 0.000000000000000000, 1.000000000000000000 ) ) ;
#2501 = DIRECTION ( 'NONE',  ( -0.000000000000000000, -1.000000000000000000, -0.000000000000000000 ) ) ;
#2502 = DIRECTION ( 'NONE',  ( -0.000000000000000000, 1.000000000000000000, 0.000000000000000000 ) ) ;
#2503 = VECTOR ( 'NONE', #3272, 1000.000000000000000 ) ;
#2504 = ORIENTED_EDGE ( 'NONE', *, *, #2774, .F. ) ;
#2505 = DIRECTION ( 'NONE',  ( 0.000000000000000000, 0.000000000000000000, 1.000000000000000000 ) ) ;
#2506 = LINE ( 'NONE', #2487, #920 ) ;
#2507 = DIRECTION ( 'NONE',  ( 0.000000000000000000, 0.000000000000000000, 1.000000000000000000 ) ) ;
#2508 = EDGE_LOOP ( 'NONE', ( #2753, #1826, #1956, #401 ) ) ;
#2509 = ORIENTED_EDGE ( 'NONE', *, *, #374, .F. ) ;
#2510 = MECHANICAL_DESIGN_GEOMETRIC_PRESENTATION_REPRESENTATION (  '', ( #3106 ), #1476 ) ;
#2511 = DIRECTION ( 'NONE',  ( 3.614007241618347292E-16, 0.000000000000000000, 1.000000000000000000 ) ) ;
#2512 = ADVANCED_FACE ( 'NONE', ( #3626 ), #2244, .F. ) ;
#2513 = AXIS2_PLACEMENT_3D ( 'NONE', #286, #5, #3484 ) ;
#2514 = DIRECTION ( 'NONE',  ( -0.000000000000000000, 1.000000000000000000, 0.000000000000000000 ) ) ;
#2515 =( LENGTH_UNIT ( ) NAMED_UNIT ( * ) SI_UNIT ( .MILLI., .METRE. ) );
#2516 = ORIENTED_EDGE ( 'NONE', *, *, #3192, .T. ) ;
#2517 = EDGE_CURVE ( 'NONE', #578, #398, #1016, .T. ) ;
#2518 = AXIS2_PLACEMENT_3D ( 'NONE', #1218, #2380, #2675 ) ;
#2519 = ADVANCED_FACE ( 'NONE', ( #3658 ), #1887, .F. ) ;
#2520 =( NAMED_UNIT ( * ) PLANE_ANGLE_UNIT ( ) SI_UNIT ( $, .RADIAN. ) );
#2521 = VECTOR ( 'NONE', #801, 1000.000000000000000 ) ;
#2522 =( LENGTH_UNIT ( ) NAMED_UNIT ( * ) SI_UNIT ( .MILLI., .METRE. ) );
#2523 = LINE ( 'NONE', #174, #1357 ) ;
#2524 = VERTEX_POINT ( 'NONE', #1742 ) ;
#2525 = CARTESIAN_POINT ( 'NONE',  ( 0.3000000000000009326, 0.1099999999999999867, 0.1999999999999999833 ) ) ;
#2526 = LINE ( 'NONE', #3372, #741 ) ;
#2527 = LINE ( 'NONE', #3445, #677 ) ;
#2528 = ORIENTED_EDGE ( 'NONE', *, *, #891, .T. ) ;
#2529 = COLOUR_RGB ( '',1.000000000000000000, 1.000000000000000000, 1.000000000000000000 ) ;
#2530 = ORIENTED_EDGE ( 'NONE', *, *, #2734, .T. ) ;
#2531 = CARTESIAN_POINT ( 'NONE',  ( 0.3000000000000009326, 0.2599999999999999534, 0.5000000000000000000 ) ) ;
#2532 = PRODUCT_DEFINITION ( 'UNKNOWN', '', #402, #1309 ) ;
#2533 = DIRECTION ( 'NONE',  ( 0.000000000000000000, -0.000000000000000000, 1.000000000000000000 ) ) ;
#2534 = VERTEX_POINT ( 'NONE', #3455 ) ;
#2535 = DIRECTION ( 'NONE',  ( -1.355252715606879310E-16, 0.000000000000000000, -1.000000000000000000 ) ) ;
#2536 = DIRECTION ( 'NONE',  ( 0.000000000000000000, 1.000000000000000000, 0.000000000000000000 ) ) ;
#2537 = FACE_OUTER_BOUND ( 'NONE', #1268, .T. ) ;
#2538 = DIRECTION ( 'NONE',  ( -0.000000000000000000, 1.000000000000000000, -0.000000000000000000 ) ) ;
#2539 = LINE ( 'NONE', #1115, #2938 ) ;
#2540 = ORIENTED_EDGE ( 'NONE', *, *, #2469, .T. ) ;
#2541 = CARTESIAN_POINT ( 'NONE',  ( -1.899999999999999467, 0.2400000000000000189, 0.5000000000000000000 ) ) ;
#2542 = DIRECTION ( 'NONE',  ( -1.000000000000000000, 0.000000000000000000, 0.000000000000000000 ) ) ;
#2543 = VERTEX_POINT ( 'NONE', #857 ) ;
#2544 = ORIENTED_EDGE ( 'NONE', *, *, #2213, .T. ) ;
#2545 = LINE ( 'NONE', #1131, #2460 ) ;
#2546 = CARTESIAN_POINT ( 'NONE',  ( -1.777212026920311327, -0.2300000000000000100, -0.4281499722276099762 ) ) ;
#2547 = EDGE_LOOP ( 'NONE', ( #1272, #3695, #2242, #2560 ) ) ;
#2548 = CARTESIAN_POINT ( 'NONE',  ( -0.1000000000000000056, 0.1099999999999999867, -0.5000000000000003331 ) ) ;
#2549 = FILL_AREA_STYLE ('',( #439 ) ) ;
#2550 = EDGE_CURVE ( 'NONE', #1789, #123, #3140, .T. ) ;
#2551 = CARTESIAN_POINT ( 'NONE',  ( 0.6999999999999998446, 0.2599999999999999534, -0.5000000000000000000 ) ) ;
#2552 = DIRECTION ( 'NONE',  ( 1.000000000000000000, 0.000000000000000000, -1.355252715606880049E-16 ) ) ;
#2553 = ORIENTED_EDGE ( 'NONE', *, *, #1564, .T. ) ;
#2554 = CARTESIAN_POINT ( 'NONE',  ( -1.599999999999999867, 0.2599999999999999534, -0.2000000000000003997 ) ) ;
#2555 = ADVANCED_FACE ( 'NONE', ( #3470 ), #3437, .F. ) ;
#2556 = UNCERTAINTY_MEASURE_WITH_UNIT (LENGTH_MEASURE( 1.000000000000000082E-05 ), #172, 'distance_accuracy_value', 'NONE');
#2557 = EDGE_CURVE ( 'NONE', #784, #1097, #25, .T. ) ;
#2558 = FILL_AREA_STYLE ('',( #3146 ) ) ;
#2559 = ORIENTED_EDGE ( 'NONE', *, *, #352, .T. ) ;
#2560 = ORIENTED_EDGE ( 'NONE', *, *, #2184, .T. ) ;
#2561 = UNCERTAINTY_MEASURE_WITH_UNIT (LENGTH_MEASURE( 1.000000000000000082E-05 ), #3041, 'distance_accuracy_value', 'NONE');
#2562 = VECTOR ( 'NONE', #1395, 1000.000000000000000 ) ;
#2563 = CARTESIAN_POINT ( 'NONE',  ( 1.200000000000001066, 0.1099999999999999867, 0.1999999999999999278 ) ) ;
#2564 = COLOUR_RGB ( '',1.000000000000000000, 1.000000000000000000, 1.000000000000000000 ) ;
#2565 = VECTOR ( 'NONE', #627, 1000.000000000000000 ) ;
#2566 = PRESENTATION_STYLE_ASSIGNMENT (( #2051 ) ) ;
#2567 = ORIENTED_EDGE ( 'NONE', *, *, #1565, .F. ) ;
#2568 = VECTOR ( 'NONE', #2603, 1000.000000000000000 ) ;
#2569 = CARTESIAN_POINT ( 'NONE',  ( 1.200000000000001066, 0.2599999999999999534, 0.4999999999999997780 ) ) ;
#2570 = MECHANICAL_DESIGN_GEOMETRIC_PRESENTATION_REPRESENTATION (  '', ( #264 ), #749 ) ;
#2571 = AXIS2_PLACEMENT_3D ( 'NONE', #1741, #44, #2053 ) ;
#2572 = FACE_OUTER_BOUND ( 'NONE', #3093, .T. ) ;
#2573 = STYLED_ITEM ( 'NONE', ( #826 ), #2372 ) ;
#2574 = CARTESIAN_POINT ( 'NONE',  ( 1.400000000000001021, 0.1099999999999999867, 0.1999999999999999001 ) ) ;
#2575 = CARTESIAN_POINT ( 'NONE',  ( -0.6999999999999990674, 0.2599999999999999534, -0.5000000000000001110 ) ) ;
#2576 = EDGE_LOOP ( 'NONE', ( #3459, #1398, #122, #690 ) ) ;
#2577 =( GEOMETRIC_REPRESENTATION_CONTEXT ( 3 ) GLOBAL_UNCERTAINTY_ASSIGNED_CONTEXT ( ( #2341 ) ) GLOBAL_UNIT_ASSIGNED_CONTEXT ( ( #1548, #2705, #3575 ) ) REPRESENTATION_CONTEXT ( 'NONE', 'WORKASPACE' ) );
#2578 = CARTESIAN_POINT ( 'NONE',  ( -0.1000000000000000056, 0.2599999999999999534, -0.5000000000000003331 ) ) ;
#2579 = VECTOR ( 'NONE', #58, 1000.000000000000000 ) ;
#2580 = EDGE_CURVE ( 'NONE', #2010, #3212, #2589, .T. ) ;
#2581 = EDGE_LOOP ( 'NONE', ( #493, #2205, #338, #377 ) ) ;
#2582 = ORIENTED_EDGE ( 'NONE', *, *, #574, .T. ) ;
#2583 = STYLED_ITEM ( 'NONE', ( #140 ), #3137 ) ;
#2584 = FACE_OUTER_BOUND ( 'NONE', #1273, .T. ) ;
#2585 =( GEOMETRIC_REPRESENTATION_CONTEXT ( 3 ) GLOBAL_UNCERTAINTY_ASSIGNED_CONTEXT ( ( #1270 ) ) GLOBAL_UNIT_ASSIGNED_CONTEXT ( ( #3740, #1141, #3159 ) ) REPRESENTATION_CONTEXT ( 'NONE', 'WORKASPACE' ) );
#2586 = CARTESIAN_POINT ( 'NONE',  ( 1.400000000000001021, 0.1099999999999999867, 0.1999999999999999001 ) ) ;
#2587 = EDGE_LOOP ( 'NONE', ( #162, #1288, #1942, #818 ) ) ;
#2588 = CARTESIAN_POINT ( 'NONE',  ( 0.1000000000000000056, 0.2599999999999999534, -0.5000000000000003331 ) ) ;
#2589 = LINE ( 'NONE', #1429, #3500 ) ;
#2590 = DIRECTION ( 'NONE',  ( 0.000000000000000000, -0.000000000000000000, 1.000000000000000000 ) ) ;
#2591 = EDGE_LOOP ( 'NONE', ( #3103, #2238, #2303, #2036 ) ) ;
#2592 = FACE_OUTER_BOUND ( 'NONE', #1162, .T. ) ;
#2593 = UNCERTAINTY_MEASURE_WITH_UNIT (LENGTH_MEASURE( 1.000000000000000082E-05 ), #3156, 'distance_accuracy_value', 'NONE');
#2594 = CARTESIAN_POINT ( 'NONE',  ( -0.8999999999999991340, 0.1099999999999999867, -0.2000000000000003719 ) ) ;
#2595 = SURFACE_STYLE_FILL_AREA ( #2370 ) ;
#2596 = ORIENTED_EDGE ( 'NONE', *, *, #3356, .F. ) ;
#2597 = UNCERTAINTY_MEASURE_WITH_UNIT (LENGTH_MEASURE( 1.000000000000000082E-05 ), #2359, 'distance_accuracy_value', 'NONE');
#2598 = FACE_OUTER_BOUND ( 'NONE', #2225, .T. ) ;
#2599 = EDGE_CURVE ( 'NONE', #484, #2010, #1448, .T. ) ;
#2600 =( NAMED_UNIT ( * ) SI_UNIT ( $, .STERADIAN. ) SOLID_ANGLE_UNIT ( ) );
#2601 = CARTESIAN_POINT ( 'NONE',  ( 1.900000000000000355, -0.2400000000000000189, 0.5000000000000000000 ) ) ;
#2602 = VERTEX_POINT ( 'NONE', #841 ) ;
#2603 = DIRECTION ( 'NONE',  ( -0.000000000000000000, 1.000000000000000000, -0.000000000000000000 ) ) ;
#2604 = EDGE_CURVE ( 'NONE', #3544, #2792, #880, .T. ) ;
#2605 = DIRECTION ( 'NONE',  ( 1.807003620809174139E-16, 0.000000000000000000, 1.000000000000000000 ) ) ;
#2606 = CARTESIAN_POINT ( 'NONE',  ( -0.2999999999999992673, 0.2400000000000000189, 0.5000000000000000000 ) ) ;
#2607 = LINE ( 'NONE', #2859, #3184 ) ;
#2608 = DIRECTION ( 'NONE',  ( 1.807003620809174139E-16, 0.000000000000000000, 1.000000000000000000 ) ) ;
#2609 = SURFACE_SIDE_STYLE ('',( #3587 ) ) ;
#2610 = ORIENTED_EDGE ( 'NONE', *, *, #746, .F. ) ;
#2611 = VERTEX_POINT ( 'NONE', #1979 ) ;
#2612 = DIRECTION ( 'NONE',  ( -0.000000000000000000, -0.000000000000000000, -1.000000000000000000 ) ) ;
#2613 = VECTOR ( 'NONE', #3250, 1000.000000000000000 ) ;
#2614 = SURFACE_STYLE_USAGE ( .BOTH. , #1166 ) ;
#2615 = DIRECTION ( 'NONE',  ( 0.000000000000000000, 0.000000000000000000, -1.000000000000000000 ) ) ;
#2616 = EDGE_LOOP ( 'NONE', ( #893, #3320, #3265, #2582 ) ) ;
#2617 = AXIS2_PLACEMENT_3D ( 'NONE', #3209, #590, #1551 ) ;
#2618 = CARTESIAN_POINT ( 'NONE',  ( -1.599999999999999867, 0.1099999999999999867, -0.5000000000000000000 ) ) ;
#2619 = ADVANCED_FACE ( 'NONE', ( #244 ), #1404, .T. ) ;
#2620 =( GEOMETRIC_REPRESENTATION_CONTEXT ( 3 ) GLOBAL_UNCERTAINTY_ASSIGNED_CONTEXT ( ( #3132 ) ) GLOBAL_UNIT_ASSIGNED_CONTEXT ( ( #602, #2789, #118 ) ) REPRESENTATION_CONTEXT ( 'NONE', 'WORKASPACE' ) );
#2621 = VECTOR ( 'NONE', #900, 1000.000000000000000 ) ;
#2622 = EDGE_CURVE ( 'NONE', #123, #1025, #1111, .T. ) ;
#2623 = PLANE ( 'NONE',  #1622 ) ;
#2624 = CARTESIAN_POINT ( 'NONE',  ( 0.000000000000000000, 0.1099999999999999867, 0.000000000000000000 ) ) ;
#2625 = MECHANICAL_DESIGN_GEOMETRIC_PRESENTATION_REPRESENTATION (  '', ( #502 ), #3055 ) ;
#2626 = SURFACE_STYLE_FILL_AREA ( #1471 ) ;
#2627 = DIRECTION ( 'NONE',  ( -0.000000000000000000, -1.000000000000000000, -0.000000000000000000 ) ) ;
#2628 = MECHANICAL_DESIGN_GEOMETRIC_PRESENTATION_REPRESENTATION (  '', ( #1181 ), #324 ) ;
#2629 = VECTOR ( 'NONE', #1188, 1000.000000000000000 ) ;
#2630 = CARTESIAN_POINT ( 'NONE',  ( 1.900000000000000355, 0.2400000000000000189, 0.5000000000000000000 ) ) ;
#2631 = DIRECTION ( 'NONE',  ( 0.000000000000000000, -0.000000000000000000, 1.000000000000000000 ) ) ;
#2632 = PRESENTATION_LAYER_ASSIGNMENT (  '', '', ( #3118 ) ) ;
#2633 = AXIS2_PLACEMENT_3D ( 'NONE', #1021, #2444, #2161 ) ;
#2634 = PLANE ( 'NONE',  #2994 ) ;
#2635 = AXIS2_PLACEMENT_3D ( 'NONE', #822, #9, #309 ) ;
#2636 = EDGE_LOOP ( 'NONE', ( #2948, #956, #738, #52 ) ) ;
#2637 = FACE_OUTER_BOUND ( 'NONE', #554, .T. ) ;
#2638 = LINE ( 'NONE', #1461, #1117 ) ;
#2639 = UNCERTAINTY_MEASURE_WITH_UNIT (LENGTH_MEASURE( 1.000000000000000082E-05 ), #189, 'distance_accuracy_value', 'NONE');
#2640 = AXIS2_PLACEMENT_3D ( 'NONE', #326, #642, #701 ) ;
#2641 = LINE ( 'NONE', #320, #2464 ) ;
#2642 = MECHANICAL_DESIGN_GEOMETRIC_PRESENTATION_REPRESENTATION (  '', ( #2583 ), #2947 ) ;
#2643 = ORIENTED_EDGE ( 'NONE', *, *, #3157, .F. ) ;
#2644 = DIRECTION ( 'NONE',  ( 0.000000000000000000, 0.000000000000000000, -1.000000000000000000 ) ) ;
#2645 = VECTOR ( 'NONE', #3245, 1000.000000000000000 ) ;
#2646 = CARTESIAN_POINT ( 'NONE',  ( -0.2999999999999989342, 0.1099999999999999867, 0.1999999999999999001 ) ) ;
#2647 =( NAMED_UNIT ( * ) SI_UNIT ( $, .STERADIAN. ) SOLID_ANGLE_UNIT ( ) );
#2648 = DIRECTION ( 'NONE',  ( 0.000000000000000000, 0.000000000000000000, 1.000000000000000000 ) ) ;
#2649 = COLOUR_RGB ( '',1.000000000000000000, 1.000000000000000000, 1.000000000000000000 ) ;
#2650 = FILL_AREA_STYLE ('',( #3764 ) ) ;
#2651 = EDGE_CURVE ( 'NONE', #1897, #3601, #529, .T. ) ;
#2652 = CARTESIAN_POINT ( 'NONE',  ( 0.1000000000000000056, 0.1099999999999999867, -0.5000000000000003331 ) ) ;
#2653 = DIRECTION ( 'NONE',  ( -0.000000000000000000, -1.000000000000000000, -0.000000000000000000 ) ) ;
#2654 = EDGE_LOOP ( 'NONE', ( #600, #3396 ) ) ;
#2655 = DIRECTION ( 'NONE',  ( -1.000000000000000000, -0.000000000000000000, 1.355252715606880049E-16 ) ) ;
#2656 = CARTESIAN_POINT ( 'NONE',  ( 0.000000000000000000, 0.1099999999999999867, 0.000000000000000000 ) ) ;
#2657 = ORIENTED_EDGE ( 'NONE', *, *, #3066, .T. ) ;
#2658 = PLANE ( 'NONE',  #2518 ) ;
#2659 = FILL_AREA_STYLE_COLOUR ( '', #1079 ) ;
#2660 = VERTEX_POINT ( 'NONE', #291 ) ;
#2661 = CARTESIAN_POINT ( 'NONE',  ( -1.800000000000000044, 0.2599999999999999534, -0.5000000000000000000 ) ) ;
#2662 = DIRECTION ( 'NONE',  ( -1.000000000000000000, 0.000000000000000000, 7.228014483236692611E-16 ) ) ;
#2663 = CARTESIAN_POINT ( 'NONE',  ( 1.600000000000000089, 0.2599999999999999534, -0.5000000000000002220 ) ) ;
#2664 =( LENGTH_UNIT ( ) NAMED_UNIT ( * ) SI_UNIT ( .MILLI., .METRE. ) );
#2665 = EDGE_CURVE ( 'NONE', #225, #1397, #2321, .T. ) ;
#2666 = CARTESIAN_POINT ( 'NONE',  ( 0.3000000000000009326, 0.1099999999999999867, 0.1999999999999999833 ) ) ;
#2667 = ADVANCED_FACE ( 'NONE', ( #1170 ), #2054, .F. ) ;
#2668 = ORIENTED_EDGE ( 'NONE', *, *, #2855, .T. ) ;
#2669 = CARTESIAN_POINT ( 'NONE',  ( -1.899999999999999467, 0.2400000000000000189, -0.5000000000000000000 ) ) ;
#2670 = EDGE_CURVE ( 'NONE', #1568, #491, #3297, .T. ) ;
#2671 = UNCERTAINTY_MEASURE_WITH_UNIT (LENGTH_MEASURE( 1.000000000000000082E-05 ), #1509, 'distance_accuracy_value', 'NONE');
#2672 = DIRECTION ( 'NONE',  ( 0.000000000000000000, -0.000000000000000000, 1.000000000000000000 ) ) ;
#2673 = VERTEX_POINT ( 'NONE', #2951 ) ;
#2674 = ORIENTED_EDGE ( 'NONE', *, *, #711, .T. ) ;
#2675 = DIRECTION ( 'NONE',  ( 3.614007241618347785E-16, 0.000000000000000000, -1.000000000000000000 ) ) ;
#2676 = CARTESIAN_POINT ( 'NONE',  ( -0.6999999999999990674, 0.2599999999999999534, -0.5000000000000001110 ) ) ;
#2677 = DIRECTION ( 'NONE',  ( -3.614007241618351729E-16, 0.000000000000000000, -1.000000000000000000 ) ) ;
#2678 = DIRECTION ( 'NONE',  ( -1.000000000000000000, -0.000000000000000000, -0.000000000000000000 ) ) ;
#2679 = EDGE_LOOP ( 'NONE', ( #1458, #829, #945, #3719 ) ) ;
#2680 =( LENGTH_UNIT ( ) NAMED_UNIT ( * ) SI_UNIT ( .MILLI., .METRE. ) );
#2681 = VECTOR ( 'NONE', #1854, 1000.000000000000000 ) ;
#2682 = CARTESIAN_POINT ( 'NONE',  ( -0.09999999999999995004, 0.2400000000000000189, -0.2000000000000003719 ) ) ;
#2683 = SURFACE_STYLE_USAGE ( .BOTH. , #3608 ) ;
#2684 = VECTOR ( 'NONE', #1297, 1000.000000000000000 ) ;
#2685 = EDGE_CURVE ( 'NONE', #1676, #3605, #2090, .T. ) ;
#2686 = STYLED_ITEM ( 'NONE', ( #2179 ), #1883 ) ;
#2687 = VECTOR ( 'NONE', #2319, 1000.000000000000000 ) ;
#2688 =( LENGTH_UNIT ( ) NAMED_UNIT ( * ) SI_UNIT ( .MILLI., .METRE. ) );
#2689 = VERTEX_POINT ( 'NONE', #1566 ) ;
#2690 =( GEOMETRIC_REPRESENTATION_CONTEXT ( 3 ) GLOBAL_UNCERTAINTY_ASSIGNED_CONTEXT ( ( #655 ) ) GLOBAL_UNIT_ASSIGNED_CONTEXT ( ( #1637, #787, #199 ) ) REPRESENTATION_CONTEXT ( 'NONE', 'WORKASPACE' ) );
#2691 =( NAMED_UNIT ( * ) PLANE_ANGLE_UNIT ( ) SI_UNIT ( $, .RADIAN. ) );
#2692 = COLOUR_RGB ( '',1.000000000000000000, 1.000000000000000000, 1.000000000000000000 ) ;
#2693 = ADVANCED_FACE ( 'NONE', ( #912 ), #3325, .F. ) ;
#2694 = VECTOR ( 'NONE', #351, 1000.000000000000000 ) ;
#2695 = ORIENTED_EDGE ( 'NONE', *, *, #1371, .T. ) ;
#2696 = ORIENTED_EDGE ( 'NONE', *, *, #1658, .F. ) ;
#2697 =( NAMED_UNIT ( * ) PLANE_ANGLE_UNIT ( ) SI_UNIT ( $, .RADIAN. ) );
#2698 = VECTOR ( 'NONE', #113, 1000.000000000000000 ) ;
#2699 = CARTESIAN_POINT ( 'NONE',  ( 1.200000000000001066, 0.1099999999999999867, 0.1999999999999999278 ) ) ;
#2700 = AXIS2_PLACEMENT_3D ( 'NONE', #222, #1463, #1974 ) ;
#2701 = FACE_OUTER_BOUND ( 'NONE', #2782, .T. ) ;
#2702 = ORIENTED_EDGE ( 'NONE', *, *, #1926, .F. ) ;
#2703 = CARTESIAN_POINT ( 'NONE',  ( -1.800000000000000044, 0.1099999999999999867, -0.2000000000000003719 ) ) ;
#2704 = AXIS2_PLACEMENT_3D ( 'NONE', #2656, #1201, #2672 ) ;
#2705 =( NAMED_UNIT ( * ) PLANE_ANGLE_UNIT ( ) SI_UNIT ( $, .RADIAN. ) );
#2706 = SURFACE_STYLE_USAGE ( .BOTH. , #3556 ) ;
#2707 = AXIS2_PLACEMENT_3D ( 'NONE', #2877, #3516, #1260 ) ;
#2708 = ORIENTED_EDGE ( 'NONE', *, *, #3311, .T. ) ;
#2709 = CARTESIAN_POINT ( 'NONE',  ( 0.1000000000000000333, 0.1099999999999999867, -0.2000000000000003997 ) ) ;
#2710 = UNCERTAINTY_MEASURE_WITH_UNIT (LENGTH_MEASURE( 1.000000000000000082E-05 ), #2044, 'distance_accuracy_value', 'NONE');
#2711 =( NAMED_UNIT ( * ) PLANE_ANGLE_UNIT ( ) SI_UNIT ( $, .RADIAN. ) );
#2712 = DIRECTION ( 'NONE',  ( 0.000000000000000000, -0.000000000000000000, 1.000000000000000000 ) ) ;
#2713 = ORIENTED_EDGE ( 'NONE', *, *, #2622, .T. ) ;
#2714 = ORIENTED_EDGE ( 'NONE', *, *, #2114, .F. ) ;
#2715 = EDGE_CURVE ( 'NONE', #225, #2093, #1809, .T. ) ;
#2716 = SURFACE_STYLE_FILL_AREA ( #674 ) ;
#2717 = ORIENTED_EDGE ( 'NONE', *, *, #1210, .T. ) ;
#2718 = FACE_OUTER_BOUND ( 'NONE', #3669, .T. ) ;
#2719 = CARTESIAN_POINT ( 'NONE',  ( 1.200000000000001066, 0.1099999999999999867, 0.1999999999999999278 ) ) ;
#2720 = EDGE_CURVE ( 'NONE', #2411, #2812, #1490, .T. ) ;
#2721 = CARTESIAN_POINT ( 'NONE',  ( 0.5000000000000011102, 0.2400000000000000189, 0.1999999999999999001 ) ) ;
#2722 = PRESENTATION_STYLE_ASSIGNMENT (( #2683 ) ) ;
#2723 = DIRECTION ( 'NONE',  ( 0.000000000000000000, -0.000000000000000000, -1.000000000000000000 ) ) ;
#2724 = CARTESIAN_POINT ( 'NONE',  ( 1.400000000000001021, 0.2599999999999999534, 0.1999999999999999001 ) ) ;
#2725 = ORIENTED_EDGE ( 'NONE', *, *, #647, .F. ) ;
#2726 = CARTESIAN_POINT ( 'NONE',  ( 0.5000000000000011102, 0.2599999999999999534, 0.1999999999999999001 ) ) ;
#2727 = DIRECTION ( 'NONE',  ( 0.000000000000000000, 0.000000000000000000, -1.000000000000000000 ) ) ;
#2728 = ORIENTED_EDGE ( 'NONE', *, *, #365, .F. ) ;
#2729 = DIRECTION ( 'NONE',  ( 0.000000000000000000, -1.000000000000000000, 0.000000000000000000 ) ) ;
#2730 = ORIENTED_EDGE ( 'NONE', *, *, #33, .F. ) ;
#2731 = DIRECTION ( 'NONE',  ( 0.000000000000000000, -0.000000000000000000, 1.000000000000000000 ) ) ;
#2732 = SURFACE_SIDE_STYLE ('',( #3327 ) ) ;
#2733 = VERTEX_POINT ( 'NONE', #3569 ) ;
#2734 = EDGE_CURVE ( 'NONE', #8, #432, #1845, .T. ) ;
#2735 = LINE ( 'NONE', #153, #2023 ) ;
#2736 = CARTESIAN_POINT ( 'NONE',  ( 1.200000000000001066, 0.1099999999999999867, 0.4999999999999997780 ) ) ;
#2737 = EDGE_CURVE ( 'NONE', #1180, #2543, #2364, .T. ) ;
#2738 = MECHANICAL_DESIGN_GEOMETRIC_PRESENTATION_REPRESENTATION (  '', ( #2318 ), #2130 ) ;
#2739 =( LENGTH_UNIT ( ) NAMED_UNIT ( * ) SI_UNIT ( .MILLI., .METRE. ) );
#2740 = CARTESIAN_POINT ( 'NONE',  ( 0.1000000000000000333, 0.2400000000000000189, -0.2000000000000003997 ) ) ;
#2741 = PLANE ( 'NONE',  #1049 ) ;
#2742 = LINE ( 'NONE', #2666, #2210 ) ;
#2743 = AXIS2_PLACEMENT_3D ( 'NONE', #1511, #586, #2968 ) ;
#2744 = VECTOR ( 'NONE', #246, 1000.000000000000000 ) ;
#2745 = SURFACE_STYLE_USAGE ( .BOTH. , #2981 ) ;
#2746 = ORIENTED_EDGE ( 'NONE', *, *, #3454, .T. ) ;
#2747 = CARTESIAN_POINT ( 'NONE',  ( -1.599999999999999867, 0.2599999999999999534, -0.2000000000000003997 ) ) ;
#2748 = VECTOR ( 'NONE', #304, 1000.000000000000000 ) ;
#2749 = CARTESIAN_POINT ( 'NONE',  ( 0.5000000000000011102, 0.1099999999999999867, 0.1999999999999999001 ) ) ;
#2750 = AXIS2_PLACEMENT_3D ( 'NONE', #219, #2542, #3705 ) ;
#2751 = COLOUR_RGB ( '',1.000000000000000000, 1.000000000000000000, 1.000000000000000000 ) ;
#2752 = EDGE_LOOP ( 'NONE', ( #2970, #428, #2428, #2047 ) ) ;
#2753 = ORIENTED_EDGE ( 'NONE', *, *, #2622, .F. ) ;
#2754 =( NAMED_UNIT ( * ) PLANE_ANGLE_UNIT ( ) SI_UNIT ( $, .RADIAN. ) );
#2755 = VECTOR ( 'NONE', #1588, 1000.000000000000000 ) ;
#2756 = VECTOR ( 'NONE', #3743, 1000.000000000000000 ) ;
#2757 = LINE ( 'NONE', #1048, #2824 ) ;
#2758 = SURFACE_STYLE_FILL_AREA ( #2186 ) ;
#2759 = VECTOR ( 'NONE', #2153, 1000.000000000000000 ) ;
#2760 = VERTEX_POINT ( 'NONE', #2967 ) ;
#2761 = STYLED_ITEM ( 'NONE', ( #835 ), #2953 ) ;
#2762 = DIRECTION ( 'NONE',  ( -0.000000000000000000, 1.000000000000000000, 0.000000000000000000 ) ) ;
#2763 = FACE_OUTER_BOUND ( 'NONE', #2983, .T. ) ;
#2764 = DIRECTION ( 'NONE',  ( 0.000000000000000000, 0.000000000000000000, 1.000000000000000000 ) ) ;
#2765 =( GEOMETRIC_REPRESENTATION_CONTEXT ( 3 ) GLOBAL_UNCERTAINTY_ASSIGNED_CONTEXT ( ( #2710 ) ) GLOBAL_UNIT_ASSIGNED_CONTEXT ( ( #2044, #845, #3476 ) ) REPRESENTATION_CONTEXT ( 'NONE', 'WORKASPACE' ) );
#2766 = LINE ( 'NONE', #405, #548 ) ;
#2767 = ADVANCED_FACE ( 'NONE', ( #2071 ), #361, .F. ) ;
#2768 = LINE ( 'NONE', #750, #3246 ) ;
#2769 = AXIS2_PLACEMENT_3D ( 'NONE', #3400, #1910, #3680 ) ;
#2770 = LINE ( 'NONE', #3254, #763 ) ;
#2771 = VERTEX_POINT ( 'NONE', #400 ) ;
#2772 = CARTESIAN_POINT ( 'NONE',  ( -1.199999999999999067, 0.1099999999999999867, 0.1999999999999999001 ) ) ;
#2773 = CARTESIAN_POINT ( 'NONE',  ( 0.5000000000000013323, 0.2599999999999999534, 0.4999999999999998890 ) ) ;
#2774 = EDGE_CURVE ( 'NONE', #2915, #2602, #1825, .T. ) ;
#2775 = EDGE_CURVE ( 'NONE', #1142, #1180, #1542, .T. ) ;
#2776 =( LENGTH_UNIT ( ) NAMED_UNIT ( * ) SI_UNIT ( .MILLI., .METRE. ) );
#2777 = ORIENTED_EDGE ( 'NONE', *, *, #650, .F. ) ;
#2778 = ORIENTED_EDGE ( 'NONE', *, *, #3000, .F. ) ;
#2779 =( NAMED_UNIT ( * ) SI_UNIT ( $, .STERADIAN. ) SOLID_ANGLE_UNIT ( ) );
#2780 = CARTESIAN_POINT ( 'NONE',  ( 0.000000000000000000, 0.1099999999999999867, 0.000000000000000000 ) ) ;
#2781 = CARTESIAN_POINT ( 'NONE',  ( 1.600000000000000089, 0.1099999999999999867, -0.1999999999999999278 ) ) ;
#2782 = EDGE_LOOP ( 'NONE', ( #1811, #1446, #525, #639 ) ) ;
#2783 = SURFACE_STYLE_FILL_AREA ( #461 ) ;
#2784 = DIRECTION ( 'NONE',  ( -1.000000000000000000, -0.000000000000000000, -0.000000000000000000 ) ) ;
#2785 = DIRECTION ( 'NONE',  ( -0.000000000000000000, -0.000000000000000000, -1.000000000000000000 ) ) ;
#2786 = ORIENTED_EDGE ( 'NONE', *, *, #1705, .T. ) ;
#2787 = DIRECTION ( 'NONE',  ( -0.000000000000000000, 1.000000000000000000, -0.000000000000000000 ) ) ;
#2788 = ADVANCED_FACE ( 'NONE', ( #3583 ), #967, .F. ) ;
#2789 =( NAMED_UNIT ( * ) PLANE_ANGLE_UNIT ( ) SI_UNIT ( $, .RADIAN. ) );
#2790 = LINE ( 'NONE', #2220, #3666 ) ;
#2791 = EDGE_CURVE ( 'NONE', #1069, #1740, #1088, .T. ) ;
#2792 = VERTEX_POINT ( 'NONE', #1901 ) ;
#2793 = EDGE_CURVE ( 'NONE', #864, #3640, #2757, .T. ) ;
#2794 = VERTEX_POINT ( 'NONE', #206 ) ;
#2795 = LINE ( 'NONE', #184, #1368 ) ;
#2796 = PLANE ( 'NONE',  #1433 ) ;
#2797 = VERTEX_POINT ( 'NONE', #2204 ) ;
#2798 = CARTESIAN_POINT ( 'NONE',  ( -0.09999999999999995004, 0.1099999999999999867, -0.2000000000000003719 ) ) ;
#2799 =( NAMED_UNIT ( * ) SI_UNIT ( $, .STERADIAN. ) SOLID_ANGLE_UNIT ( ) );
#2800 = PLANE ( 'NONE',  #809 ) ;
#2801 = DIRECTION ( 'NONE',  ( 1.000000000000000000, 0.000000000000000000, 0.000000000000000000 ) ) ;
#2802 = CLOSED_SHELL ( 'NONE', ( #579, #3406, #29, #1925, #1257, #1726 ) ) ;
#2803 = SURFACE_STYLE_FILL_AREA ( #1927 ) ;
#2804 = VECTOR ( 'NONE', #2389, 1000.000000000000000 ) ;
#2805 = ORIENTED_EDGE ( 'NONE', *, *, #416, .T. ) ;
#2806 = LINE ( 'NONE', #163, #3657 ) ;
#2807 = PLANE ( 'NONE',  #2743 ) ;
#2808 = VECTOR ( 'NONE', #1437, 1000.000000000000000 ) ;
#2809 = CARTESIAN_POINT ( 'NONE',  ( -1.599999999999999867, 0.1099999999999999867, -0.2000000000000003997 ) ) ;
#2810 = EDGE_LOOP ( 'NONE', ( #1841, #3355, #3024, #220 ) ) ;
#2811 = VECTOR ( 'NONE', #2313, 1000.000000000000000 ) ;
#2812 = VERTEX_POINT ( 'NONE', #3672 ) ;
#2813 = COLOUR_RGB ( '',1.000000000000000000, 1.000000000000000000, 1.000000000000000000 ) ;
#2814 = CARTESIAN_POINT ( 'NONE',  ( -0.2999999999999989342, 0.1099999999999999867, 0.1999999999999999001 ) ) ;
#2815 = PRESENTATION_LAYER_ASSIGNMENT (  '', '', ( #1480 ) ) ;
#2816 = CARTESIAN_POINT ( 'NONE',  ( -1.899999999999999467, 0.2400000000000000189, 0.5000000000000000000 ) ) ;
#2817 =( NAMED_UNIT ( * ) SI_UNIT ( $, .STERADIAN. ) SOLID_ANGLE_UNIT ( ) );
#2818 = LINE ( 'NONE', #224, #2874 ) ;
#2819 = ORIENTED_EDGE ( 'NONE', *, *, #3160, .F. ) ;
#2820 = COLOUR_RGB ( '',1.000000000000000000, 1.000000000000000000, 1.000000000000000000 ) ;
#2821 = PRESENTATION_LAYER_ASSIGNMENT (  '', '', ( #1605 ) ) ;
#2822 = PRESENTATION_LAYER_ASSIGNMENT (  '', '', ( #2033 ) ) ;
#2823 = CARTESIAN_POINT ( 'NONE',  ( -1.899999999999999467, 0.2400000000000000189, 0.5000000000000000000 ) ) ;
#2824 = VECTOR ( 'NONE', #3638, 1000.000000000000000 ) ;
#2825 = CARTESIAN_POINT ( 'NONE',  ( -0.6999999999999989564, 0.1099999999999999867, -0.2000000000000003997 ) ) ;
#2826 = PRESENTATION_STYLE_ASSIGNMENT (( #2484 ) ) ;
#2827 =( GEOMETRIC_REPRESENTATION_CONTEXT ( 3 ) GLOBAL_UNCERTAINTY_ASSIGNED_CONTEXT ( ( #88 ) ) GLOBAL_UNIT_ASSIGNED_CONTEXT ( ( #2468, #3565, #357 ) ) REPRESENTATION_CONTEXT ( 'NONE', 'WORKASPACE' ) );
#2828 = EDGE_LOOP ( 'NONE', ( #1864, #2223, #2702, #2610 ) ) ;
#2829 = SURFACE_SIDE_STYLE ('',( #506 ) ) ;
#2830 = UNCERTAINTY_MEASURE_WITH_UNIT (LENGTH_MEASURE( 1.000000000000000082E-05 ), #1641, 'distance_accuracy_value', 'NONE');
#2831 = FILL_AREA_STYLE ('',( #773 ) ) ;
#2832 = MECHANICAL_DESIGN_GEOMETRIC_PRESENTATION_REPRESENTATION (  '', ( #2286 ), #399 ) ;
#2833 = PLANE ( 'NONE',  #2750 ) ;
#2834 = ORIENTED_EDGE ( 'NONE', *, *, #492, .F. ) ;
#2835 = VERTEX_POINT ( 'NONE', #3342 ) ;
#2836 = AXIS2_PLACEMENT_3D ( 'NONE', #2148, #3028, #110 ) ;
#2837 = DIRECTION ( 'NONE',  ( -1.000000000000000000, 0.000000000000000000, 1.355252715606880049E-16 ) ) ;
#2838 = CARTESIAN_POINT ( 'NONE',  ( -0.8999999999999991340, 0.1099999999999999867, -0.5000000000000001110 ) ) ;
#2839 = ORIENTED_EDGE ( 'NONE', *, *, #161, .F. ) ;
#2840 = ADVANCED_FACE ( 'NONE', ( #2493 ), #3081, .T. ) ;
#2841 = EDGE_CURVE ( 'NONE', #2308, #2760, #2795, .T. ) ;
#2842 = EDGE_CURVE ( 'NONE', #1397, #1150, #1933, .T. ) ;
#2843 = DIRECTION ( 'NONE',  ( 1.000000000000000000, 0.000000000000000000, 0.000000000000000000 ) ) ;
#2844 = CARTESIAN_POINT ( 'NONE',  ( 1.600000000000000089, 0.2400000000000000189, -0.1999999999999999278 ) ) ;
#2845 = ORIENTED_EDGE ( 'NONE', *, *, #282, .T. ) ;
#2846 = DIRECTION ( 'NONE',  ( 1.000000000000000000, 0.000000000000000000, -1.355252715606880049E-16 ) ) ;
#2847 = DIRECTION ( 'NONE',  ( -1.000000000000000000, -0.000000000000000000, -0.000000000000000000 ) ) ;
#2848 = ORIENTED_EDGE ( 'NONE', *, *, #2855, .F. ) ;
#2849 = ORIENTED_EDGE ( 'NONE', *, *, #2357, .T. ) ;
#2850 = SURFACE_STYLE_USAGE ( .BOTH. , #1338 ) ;
#2851 = DIRECTION ( 'NONE',  ( 0.000000000000000000, 0.000000000000000000, -1.000000000000000000 ) ) ;
#2852 = VERTEX_POINT ( 'NONE', #3042 ) ;
#2853 = FACE_OUTER_BOUND ( 'NONE', #3652, .T. ) ;
#2854 = LINE ( 'NONE', #2875, #2934 ) ;
#2855 = EDGE_CURVE ( 'NONE', #2262, #1928, #1626, .T. ) ;
#2856 = CARTESIAN_POINT ( 'NONE',  ( -1.399999999999999023, 0.1099999999999999867, 0.5000000000000000000 ) ) ;
#2857 = DIRECTION ( 'NONE',  ( 0.000000000000000000, -0.000000000000000000, 1.000000000000000000 ) ) ;
#2858 = EDGE_CURVE ( 'NONE', #1097, #917, #1317, .T. ) ;
#2859 = CARTESIAN_POINT ( 'NONE',  ( -1.899999999999999467, 0.2400000000000000189, 0.5000000000000000000 ) ) ;
#2860 = CARTESIAN_POINT ( 'NONE',  ( -0.4999999999999990563, 0.2599999999999999534, 0.4999999999999998890 ) ) ;
#2861 = VERTEX_POINT ( 'NONE', #3692 ) ;
#2862 = LINE ( 'NONE', #2554, #672 ) ;
#2863 = EDGE_LOOP ( 'NONE', ( #3409, #1104, #2169, #3646 ) ) ;
#2864 = DIRECTION ( 'NONE',  ( 9.035018104045873159E-17, 0.000000000000000000, 1.000000000000000000 ) ) ;
#2865 = DIRECTION ( 'NONE',  ( -1.000000000000000000, 0.000000000000000000, 0.000000000000000000 ) ) ;
#2866 = UNCERTAINTY_MEASURE_WITH_UNIT (LENGTH_MEASURE( 1.000000000000000082E-05 ), #3099, 'distance_accuracy_value', 'NONE');
#2867 = DIRECTION ( 'NONE',  ( 3.614007241618347785E-16, -0.000000000000000000, -1.000000000000000000 ) ) ;
#2868 = PRESENTATION_LAYER_ASSIGNMENT (  '', '', ( #742 ) ) ;
#2869 =( NAMED_UNIT ( * ) SI_UNIT ( $, .STERADIAN. ) SOLID_ANGLE_UNIT ( ) );
#2870 = DIRECTION ( 'NONE',  ( 0.000000000000000000, 0.000000000000000000, 1.000000000000000000 ) ) ;
#2871 = ORIENTED_EDGE ( 'NONE', *, *, #2557, .T. ) ;
#2872 = PRESENTATION_STYLE_ASSIGNMENT (( #2243 ) ) ;
#2873 = AXIS2_PLACEMENT_3D ( 'NONE', #2140, #1861, #2395 ) ;
#2874 = VECTOR ( 'NONE', #2896, 1000.000000000000000 ) ;
#2875 = CARTESIAN_POINT ( 'NONE',  ( -1.777212026920311327, -0.2300000000000000100, -0.4281499722276099762 ) ) ;
#2876 = DIRECTION ( 'NONE',  ( -1.000000000000000000, 0.000000000000000000, 0.000000000000000000 ) ) ;
#2877 = CARTESIAN_POINT ( 'NONE',  ( 1.800000000000000266, 0.2599999999999999534, -0.1999999999999999556 ) ) ;
#2878 = COLOUR_RGB ( '',1.000000000000000000, 1.000000000000000000, 1.000000000000000000 ) ;
#2879 =( GEOMETRIC_REPRESENTATION_CONTEXT ( 3 ) GLOBAL_UNCERTAINTY_ASSIGNED_CONTEXT ( ( #1503 ) ) GLOBAL_UNIT_ASSIGNED_CONTEXT ( ( #2459, #1762, #3573 ) ) REPRESENTATION_CONTEXT ( 'NONE', 'WORKASPACE' ) );
#2880 = SURFACE_SIDE_STYLE ('',( #1938 ) ) ;
#2881 = FACE_OUTER_BOUND ( 'NONE', #909, .T. ) ;
#2882 = FACE_OUTER_BOUND ( 'NONE', #2456, .T. ) ;
#2883 = EDGE_LOOP ( 'NONE', ( #2338, #771, #1642, #2668 ) ) ;
#2884 = LINE ( 'NONE', #3478, #1608 ) ;
#2885 = VECTOR ( 'NONE', #603, 1000.000000000000000 ) ;
#2886 = DIRECTION ( 'NONE',  ( -1.000000000000000000, -0.000000000000000000, 1.355252715606880049E-16 ) ) ;
#2887 = EDGE_CURVE ( 'NONE', #2181, #201, #2545, .T. ) ;
#2888 = EDGE_LOOP ( 'NONE', ( #2746, #3420, #969, #965 ) ) ;
#2889 = ORIENTED_EDGE ( 'NONE', *, *, #1995, .F. ) ;
#2891 = ADVANCED_FACE ( 'NONE', ( #2584 ), #1680, .F. ) ;
#2890 =( NAMED_UNIT ( * ) PLANE_ANGLE_UNIT ( ) SI_UNIT ( $, .RADIAN. ) );
#2892 = COLOUR_RGB ( '',0.2980392156862745057, 0.2980392156862745057, 0.2980392156862745057 ) ;
#2893 = DIRECTION ( 'NONE',  ( 0.000000000000000000, -1.000000000000000000, 0.000000000000000000 ) ) ;
#2894 = DIRECTION ( 'NONE',  ( -0.000000000000000000, 1.000000000000000000, -0.000000000000000000 ) ) ;
#2895 = VECTOR ( 'NONE', #1173, 1000.000000000000000 ) ;
#2896 = DIRECTION ( 'NONE',  ( -0.000000000000000000, 1.000000000000000000, -0.000000000000000000 ) ) ;
#2897 = ORIENTED_EDGE ( 'NONE', *, *, #973, .T. ) ;
#2898 = CARTESIAN_POINT ( 'NONE',  ( -1.399999999999999023, 0.1099999999999999867, 0.5000000000000000000 ) ) ;
#2899 = SURFACE_SIDE_STYLE ('',( #2017 ) ) ;
#2900 = PLANE ( 'NONE',  #2633 ) ;
#2901 = DIRECTION ( 'NONE',  ( -1.355252715606880049E-16, 0.000000000000000000, -1.000000000000000000 ) ) ;
#2902 = DIRECTION ( 'NONE',  ( 0.000000000000000000, 0.000000000000000000, -1.000000000000000000 ) ) ;
#2903 = LINE ( 'NONE', #630, #276 ) ;
#2904 = ORIENTED_EDGE ( 'NONE', *, *, #3568, .F. ) ;
#2905 = PLANE ( 'NONE',  #1717 ) ;
#2906 =( NAMED_UNIT ( * ) SI_UNIT ( $, .STERADIAN. ) SOLID_ANGLE_UNIT ( ) );
#2907 = EDGE_CURVE ( 'NONE', #1370, #1789, #3710, .T. ) ;
#2908 = ORIENTED_EDGE ( 'NONE', *, *, #886, .F. ) ;
#2909 = VERTEX_POINT ( 'NONE', #1400 ) ;
#2910 = DIRECTION ( 'NONE',  ( 0.000000000000000000, 0.000000000000000000, 1.000000000000000000 ) ) ;
#2911 = UNCERTAINTY_MEASURE_WITH_UNIT (LENGTH_MEASURE( 1.000000000000000082E-05 ), #1631, 'distance_accuracy_value', 'NONE');
#2912 = ADVANCED_FACE ( 'NONE', ( #1993 ), #2259, .F. ) ;
#2913 = CARTESIAN_POINT ( 'NONE',  ( -0.2999999999999989342, 0.1099999999999999867, 0.1999999999999999001 ) ) ;
#2914 = EDGE_CURVE ( 'NONE', #1928, #1984, #2034, .T. ) ;
#2915 = VERTEX_POINT ( 'NONE', #524 ) ;
#2916 = CARTESIAN_POINT ( 'NONE',  ( 0.000000000000000000, 0.1099999999999999867, 0.000000000000000000 ) ) ;
#2917 = DIRECTION ( 'NONE',  ( 3.614007241618347292E-16, 0.000000000000000000, 1.000000000000000000 ) ) ;
#2918 =( NAMED_UNIT ( * ) PLANE_ANGLE_UNIT ( ) SI_UNIT ( $, .RADIAN. ) );
#2919 = LINE ( 'NONE', #957, #3546 ) ;
#2920 = LINE ( 'NONE', #1474, #1544 ) ;
#2921 = LINE ( 'NONE', #1723, #2350 ) ;
#2922 = PLANE ( 'NONE',  #1239 ) ;
#2923 = LINE ( 'NONE', #3248, #197 ) ;
#2924 = ORIENTED_EDGE ( 'NONE', *, *, #2378, .T. ) ;
#2925 = DIRECTION ( 'NONE',  ( -1.355252715606880049E-16, 0.000000000000000000, -1.000000000000000000 ) ) ;
#2926 = LINE ( 'NONE', #3506, #617 ) ;
#2927 = PLANE ( 'NONE',  #925 ) ;
#2928 = PRESENTATION_STYLE_ASSIGNMENT (( #2361 ) ) ;
#2929 = VERTEX_POINT ( 'NONE', #265 ) ;
#2930 = ORIENTED_EDGE ( 'NONE', *, *, #470, .T. ) ;
#2931 = DIRECTION ( 'NONE',  ( 0.000000000000000000, 0.000000000000000000, 1.000000000000000000 ) ) ;
#2932 = SURFACE_STYLE_FILL_AREA ( #1491 ) ;
#2933 = DIRECTION ( 'NONE',  ( -1.000000000000000000, 0.000000000000000000, 1.355252715606880049E-16 ) ) ;
#2934 = VECTOR ( 'NONE', #243, 1000.000000000000000 ) ;
#2935 = LINE ( 'NONE', #331, #1407 ) ;
#2936 = PLANE ( 'NONE',  #935 ) ;
#2937 = PRESENTATION_LAYER_ASSIGNMENT (  '', '', ( #264 ) ) ;
#2938 = VECTOR ( 'NONE', #2501, 1000.000000000000000 ) ;
#2939 = STYLED_ITEM ( 'NONE', ( #3384 ), #1392 ) ;
#2940 = CARTESIAN_POINT ( 'NONE',  ( -0.1000000000000000056, 0.1099999999999999867, -0.5000000000000003331 ) ) ;
#2941 = MECHANICAL_DESIGN_GEOMETRIC_PRESENTATION_REPRESENTATION (  '', ( #1965 ), #3620 ) ;
#2942 = ORIENTED_EDGE ( 'NONE', *, *, #2685, .F. ) ;
#2943 = DIRECTION ( 'NONE',  ( -0.000000000000000000, 1.000000000000000000, -0.000000000000000000 ) ) ;
#2944 = COLOUR_RGB ( '',1.000000000000000000, 1.000000000000000000, 1.000000000000000000 ) ;
#2945 = CARTESIAN_POINT ( 'NONE',  ( 0.9000000000000002442, 0.1099999999999999867, -0.5000000000000000000 ) ) ;
#2946 = ORIENTED_EDGE ( 'NONE', *, *, #3468, .F. ) ;
#2947 =( GEOMETRIC_REPRESENTATION_CONTEXT ( 3 ) GLOBAL_UNCERTAINTY_ASSIGNED_CONTEXT ( ( #2413 ) ) GLOBAL_UNIT_ASSIGNED_CONTEXT ( ( #2214, #231, #3684 ) ) REPRESENTATION_CONTEXT ( 'NONE', 'WORKASPACE' ) );
#2948 = ORIENTED_EDGE ( 'NONE', *, *, #2285, .T. ) ;
#2949 = FILL_AREA_STYLE ('',( #1539 ) ) ;
#2950 = MECHANICAL_DESIGN_GEOMETRIC_PRESENTATION_REPRESENTATION (  '', ( #2348 ), #154 ) ;
#2951 = CARTESIAN_POINT ( 'NONE',  ( 0.6999999999999999556, 0.2599999999999999534, -0.1999999999999999278 ) ) ;
#2952 = LINE ( 'NONE', #2986, #1800 ) ;
#2953 = ADVANCED_FACE ( 'NONE', ( #3432 ), #1423, .F. ) ;
#2954 = PRESENTATION_LAYER_ASSIGNMENT (  '', '', ( #3204 ) ) ;
#2955 = CARTESIAN_POINT ( 'NONE',  ( 0.000000000000000000, 0.1099999999999999867, 0.000000000000000000 ) ) ;
#2956 = EDGE_CURVE ( 'NONE', #2476, #870, #1071, .T. ) ;
#2957 = FILL_AREA_STYLE ('',( #3458 ) ) ;
#2958 = EDGE_CURVE ( 'NONE', #2602, #63, #3465, .T. ) ;
#2959 = PRESENTATION_STYLE_ASSIGNMENT (( #2706 ) ) ;
#2960 = DIRECTION ( 'NONE',  ( 0.000000000000000000, 0.000000000000000000, 1.000000000000000000 ) ) ;
#2961 = ORIENTED_EDGE ( 'NONE', *, *, #3519, .T. ) ;
#2962 =( LENGTH_UNIT ( ) NAMED_UNIT ( * ) SI_UNIT ( .MILLI., .METRE. ) );
#2963 = CARTESIAN_POINT ( 'NONE',  ( -0.1000000000000000056, 0.1099999999999999867, -0.5000000000000003331 ) ) ;
#2964 = ORIENTED_EDGE ( 'NONE', *, *, #1004, .F. ) ;
#2965 = VERTEX_POINT ( 'NONE', #3170 ) ;
#2966 = SURFACE_STYLE_USAGE ( .BOTH. , #3008 ) ;
#2967 = CARTESIAN_POINT ( 'NONE',  ( 0.6999999999999998446, 0.2400000000000000189, -0.5000000000000000000 ) ) ;
#2968 = DIRECTION ( 'NONE',  ( 3.614007241618351729E-16, 0.000000000000000000, 1.000000000000000000 ) ) ;
#2969 = SURFACE_STYLE_USAGE ( .BOTH. , #2732 ) ;
#2970 = ORIENTED_EDGE ( 'NONE', *, *, #3236, .T. ) ;
#2971 = LINE ( 'NONE', #661, #921 ) ;
#2972 = DIRECTION ( 'NONE',  ( -3.614007241618347785E-16, 0.000000000000000000, -1.000000000000000000 ) ) ;
#2973 = CARTESIAN_POINT ( 'NONE',  ( -0.09999999999999995004, 0.2599999999999999534, -0.2000000000000003719 ) ) ;
#2974 = PRESENTATION_STYLE_ASSIGNMENT (( #1816 ) ) ;
#2975 = EDGE_CURVE ( 'NONE', #2298, #237, #560, .T. ) ;
#2976 = SURFACE_SIDE_STYLE ('',( #1817 ) ) ;
#2977 = ORIENTED_EDGE ( 'NONE', *, *, #814, .T. ) ;
#2978 = CARTESIAN_POINT ( 'NONE',  ( -0.6999999999999990674, 0.2599999999999999534, -0.5000000000000001110 ) ) ;
#2979 = UNCERTAINTY_MEASURE_WITH_UNIT (LENGTH_MEASURE( 1.000000000000000082E-05 ), #1704, 'distance_accuracy_value', 'NONE');
#2980 = CARTESIAN_POINT ( 'NONE',  ( 0.000000000000000000, 0.1099999999999999867, 0.000000000000000000 ) ) ;
#2981 = SURFACE_SIDE_STYLE ('',( #3274 ) ) ;
#2982 = ORIENTED_EDGE ( 'NONE', *, *, #2049, .F. ) ;
#2983 = EDGE_LOOP ( 'NONE', ( #1635, #3707, #3078, #2087 ) ) ;
#2984 =( NAMED_UNIT ( * ) SI_UNIT ( $, .STERADIAN. ) SOLID_ANGLE_UNIT ( ) );
#2985 = PRESENTATION_LAYER_ASSIGNMENT (  '', '', ( #860 ) ) ;
#2986 = CARTESIAN_POINT ( 'NONE',  ( -0.09999999999999995004, 0.2599999999999999534, -0.2000000000000003719 ) ) ;
#2987 = VERTEX_POINT ( 'NONE', #7 ) ;
#2988 = DIRECTION ( 'NONE',  ( 0.000000000000000000, 0.000000000000000000, 1.000000000000000000 ) ) ;
#2989 = CARTESIAN_POINT ( 'NONE',  ( 0.9000000000000001332, 0.1099999999999999867, -0.1999999999999999556 ) ) ;
#2990 = CARTESIAN_POINT ( 'NONE',  ( -1.199999999999999067, 0.2599999999999999534, 0.1999999999999999001 ) ) ;
#2991 = VECTOR ( 'NONE', #229, 1000.000000000000000 ) ;
#2992 = COLOUR_RGB ( '',1.000000000000000000, 1.000000000000000000, 1.000000000000000000 ) ;
#2993 = PRESENTATION_STYLE_ASSIGNMENT (( #217 ) ) ;
#2994 = AXIS2_PLACEMENT_3D ( 'NONE', #2940, #337, #2296 ) ;
#2995 = DIRECTION ( 'NONE',  ( -1.000000000000000000, 0.000000000000000000, 0.000000000000000000 ) ) ;
#2996 = ORIENTED_EDGE ( 'NONE', *, *, #1348, .F. ) ;
#2997 = VECTOR ( 'NONE', #2960, 1000.000000000000000 ) ;
#2998 = EDGE_CURVE ( 'NONE', #424, #696, #1167, .T. ) ;
#2999 = PLANE ( 'NONE',  #1590 ) ;
#3000 = EDGE_CURVE ( 'NONE', #549, #2929, #876, .T. ) ;
#3001 = VECTOR ( 'NONE', #1920, 1000.000000000000000 ) ;
#3002 = SURFACE_STYLE_USAGE ( .BOTH. , #1311 ) ;
#3003 = MECHANICAL_DESIGN_GEOMETRIC_PRESENTATION_REPRESENTATION (  '', ( #2149 ), #1189 ) ;
#3004 = LINE ( 'NONE', #695, #673 ) ;
#3005 = VERTEX_POINT ( 'NONE', #582 ) ;
#3006 = EDGE_CURVE ( 'NONE', #897, #1698, #1755, .T. ) ;
#3007 = ORIENTED_EDGE ( 'NONE', *, *, #3235, .F. ) ;
#3008 = SURFACE_SIDE_STYLE ('',( #3277 ) ) ;
#3009 = MECHANICAL_DESIGN_GEOMETRIC_PRESENTATION_REPRESENTATION (  '', ( #2033 ), #3735 ) ;
#3010 = AXIS2_PLACEMENT_3D ( 'NONE', #475, #1292, #1640 ) ;
#3011 = FILL_AREA_STYLE_COLOUR ( '', #2649 ) ;
#3012 = ORIENTED_EDGE ( 'NONE', *, *, #465, .T. ) ;
#3013 = FILL_AREA_STYLE_COLOUR ( '', #1118 ) ;
#3014 = DIRECTION ( 'NONE',  ( -0.000000000000000000, 0.000000000000000000, -1.000000000000000000 ) ) ;
#3015 = COLOUR_RGB ( '',1.000000000000000000, 1.000000000000000000, 1.000000000000000000 ) ;
#3016 = FACE_BOUND ( 'NONE', #1895, .T. ) ;
#3017 = CARTESIAN_POINT ( 'NONE',  ( 0.3000000000000009326, 0.1099999999999999867, 0.5000000000000000000 ) ) ;
#3018 = ORIENTED_EDGE ( 'NONE', *, *, #2089, .F. ) ;
#3019 = PLANE ( 'NONE',  #248 ) ;
#3020 = UNCERTAINTY_MEASURE_WITH_UNIT (LENGTH_MEASURE( 1.000000000000000082E-05 ), #1972, 'distance_accuracy_value', 'NONE');
#3021 = LINE ( 'NONE', #2122, #3428 ) ;
#3022 = EDGE_CURVE ( 'NONE', #491, #578, #2641, .T. ) ;
#3023 = EDGE_LOOP ( 'NONE', ( #1919, #392, #1507, #407 ) ) ;
#3024 = ORIENTED_EDGE ( 'NONE', *, *, #761, .F. ) ;
#3025 =( NAMED_UNIT ( * ) PLANE_ANGLE_UNIT ( ) SI_UNIT ( $, .RADIAN. ) );
#3026 = ADVANCED_FACE ( 'NONE', ( #160 ), #616, .F. ) ;
#3027 =( NAMED_UNIT ( * ) SI_UNIT ( $, .STERADIAN. ) SOLID_ANGLE_UNIT ( ) );
#3028 = DIRECTION ( 'NONE',  ( 1.000000000000000000, 0.000000000000000000, 0.000000000000000000 ) ) ;
#3029 = ORIENTED_EDGE ( 'NONE', *, *, #282, .F. ) ;
#3030 = DIRECTION ( 'NONE',  ( 1.000000000000000000, 0.000000000000000000, -1.355252715606880049E-16 ) ) ;
#3031 =( NAMED_UNIT ( * ) PLANE_ANGLE_UNIT ( ) SI_UNIT ( $, .RADIAN. ) );
#3032 = LINE ( 'NONE', #1670, #2208 ) ;
#3033 = FILL_AREA_STYLE ('',( #3589 ) ) ;
#3034 = DIRECTION ( 'NONE',  ( -0.000000000000000000, -1.000000000000000000, -0.000000000000000000 ) ) ;
#3035 = DIRECTION ( 'NONE',  ( 4.065758146820638669E-16, -0.000000000000000000, 1.000000000000000000 ) ) ;
#3036 = ORIENTED_EDGE ( 'NONE', *, *, #2013, .F. ) ;
#3037 = CARTESIAN_POINT ( 'NONE',  ( 0.3000000000000009326, 0.2599999999999999534, 0.5000000000000000000 ) ) ;
#3038 = SURFACE_STYLE_FILL_AREA ( #395 ) ;
#3039 = ORIENTED_EDGE ( 'NONE', *, *, #1328, .F. ) ;
#3040 = ORIENTED_EDGE ( 'NONE', *, *, #3473, .F. ) ;
#3041 =( LENGTH_UNIT ( ) NAMED_UNIT ( * ) SI_UNIT ( .MILLI., .METRE. ) );
#3042 = CARTESIAN_POINT ( 'NONE',  ( -0.8999999999999991340, 0.1099999999999999867, -0.5000000000000001110 ) ) ;
#3043 =( NAMED_UNIT ( * ) PLANE_ANGLE_UNIT ( ) SI_UNIT ( $, .RADIAN. ) );
#3044 = ORIENTED_EDGE ( 'NONE', *, *, #1702, .T. ) ;
#3045 = AXIS2_PLACEMENT_3D ( 'NONE', #2312, #872, #2864 ) ;
#3046 = CARTESIAN_POINT ( 'NONE',  ( 0.000000000000000000, 0.2599999999999999534, 0.000000000000000000 ) ) ;
#3047 = DIRECTION ( 'NONE',  ( -1.355252715606880789E-16, 0.000000000000000000, -1.000000000000000000 ) ) ;
#3048 = LINE ( 'NONE', #1375, #3733 ) ;
#3049 = EDGE_CURVE ( 'NONE', #415, #1897, #924, .T. ) ;
#3050 = CARTESIAN_POINT ( 'NONE',  ( -1.800000000000000044, 0.1099999999999999867, -0.5000000000000000000 ) ) ;
#3051 = PRESENTATION_LAYER_ASSIGNMENT (  '', '', ( #736 ) ) ;
#3052 = AXIS2_PLACEMENT_3D ( 'NONE', #1827, #3282, #2112 ) ;
#3053 = LINE ( 'NONE', #2963, #2345 ) ;
#3054 = ORIENTED_EDGE ( 'NONE', *, *, #3700, .F. ) ;
#3055 =( GEOMETRIC_REPRESENTATION_CONTEXT ( 3 ) GLOBAL_UNCERTAINTY_ASSIGNED_CONTEXT ( ( #3562 ) ) GLOBAL_UNIT_ASSIGNED_CONTEXT ( ( #581, #18, #2343 ) ) REPRESENTATION_CONTEXT ( 'NONE', 'WORKASPACE' ) );
#3056 = COLOUR_RGB ( '',1.000000000000000000, 1.000000000000000000, 1.000000000000000000 ) ;
#3057 = SURFACE_SIDE_STYLE ('',( #730 ) ) ;
#3058 = COLOUR_RGB ( '',1.000000000000000000, 1.000000000000000000, 1.000000000000000000 ) ;
#3059 = VERTEX_POINT ( 'NONE', #2945 ) ;
#3060 = EDGE_LOOP ( 'NONE', ( #2158, #3611, #376, #1865 ) ) ;
#3061 = LINE ( 'NONE', #429, #2336 ) ;
#3062 = SURFACE_SIDE_STYLE ('',( #2758 ) ) ;
#3063 = ORIENTED_EDGE ( 'NONE', *, *, #1879, .T. ) ;
#3064 = FILL_AREA_STYLE_COLOUR ( '', #3371 ) ;
#3065 = COLOUR_RGB ( '',1.000000000000000000, 1.000000000000000000, 1.000000000000000000 ) ;
#3066 = EDGE_CURVE ( 'NONE', #424, #2262, #3053, .T. ) ;
#3067 = CARTESIAN_POINT ( 'NONE',  ( 1.800000000000000266, 0.2599999999999999534, -0.1999999999999999556 ) ) ;
#3068 = VECTOR ( 'NONE', #1486, 1000.000000000000000 ) ;
#3069 = DIRECTION ( 'NONE',  ( 0.000000000000000000, 0.000000000000000000, 1.000000000000000000 ) ) ;
#3070 = ADVANCED_FACE ( 'NONE', ( #1805 ), #2104, .T. ) ;
#3071 = DIRECTION ( 'NONE',  ( -3.614007241618351729E-16, 0.000000000000000000, -1.000000000000000000 ) ) ;
#3072 = EDGE_CURVE ( 'NONE', #3538, #3522, #342, .T. ) ;
#3073 =( GEOMETRIC_REPRESENTATION_CONTEXT ( 3 ) GLOBAL_UNCERTAINTY_ASSIGNED_CONTEXT ( ( #1875 ) ) GLOBAL_UNIT_ASSIGNED_CONTEXT ( ( #2481, #3697, #1035 ) ) REPRESENTATION_CONTEXT ( 'NONE', 'WORKASPACE' ) );
#3074 = DIRECTION ( 'NONE',  ( 0.000000000000000000, -0.000000000000000000, 1.000000000000000000 ) ) ;
#3075 = ORIENTED_EDGE ( 'NONE', *, *, #2304, .F. ) ;
#3076 = LINE ( 'NONE', #177, #795 ) ;
#3077 = CARTESIAN_POINT ( 'NONE',  ( 1.600000000000000089, 0.1099999999999999867, -0.5000000000000002220 ) ) ;
#3078 = ORIENTED_EDGE ( 'NONE', *, *, #1607, .F. ) ;
#3079 = ORIENTED_EDGE ( 'NONE', *, *, #433, .F. ) ;
#3080 = LINE ( 'NONE', #494, #2142 ) ;
#3081 = PLANE ( 'NONE',  #3010 ) ;
#3082 = SURFACE_STYLE_FILL_AREA ( #3548 ) ;
#3083 = ORIENTED_EDGE ( 'NONE', *, *, #3235, .T. ) ;
#3084 = SURFACE_STYLE_USAGE ( .BOTH. , #3383 ) ;
#3085 = SURFACE_STYLE_FILL_AREA ( #1036 ) ;
#3086 = FACE_OUTER_BOUND ( 'NONE', #202, .T. ) ;
#3087 = LINE ( 'NONE', #483, #3385 ) ;
#3088 = VERTEX_POINT ( 'NONE', #1215 ) ;
#3089 = DIRECTION ( 'NONE',  ( -0.000000000000000000, 1.000000000000000000, -0.000000000000000000 ) ) ;
#3090 = DIRECTION ( 'NONE',  ( 3.614007241618347292E-16, 0.000000000000000000, 1.000000000000000000 ) ) ;
#3091 = CARTESIAN_POINT ( 'NONE',  ( -1.899999999999999467, 0.2400000000000000189, -0.5000000000000000000 ) ) ;
#3092 = ORIENTED_EDGE ( 'NONE', *, *, #1814, .F. ) ;
#3093 = EDGE_LOOP ( 'NONE', ( #777, #1971, #315, #22 ) ) ;
#3094 = CARTESIAN_POINT ( 'NONE',  ( 1.800000000000000266, 0.2599999999999999534, -0.5000000000000002220 ) ) ;
#3095 = DIRECTION ( 'NONE',  ( 0.000000000000000000, 0.000000000000000000, 1.000000000000000000 ) ) ;
#3096 = DIRECTION ( 'NONE',  ( 1.000000000000000000, 0.000000000000000000, -1.355252715606880049E-16 ) ) ;
#3097 = ORIENTED_EDGE ( 'NONE', *, *, #3108, .F. ) ;
#3098 = CARTESIAN_POINT ( 'NONE',  ( -1.800000000000000044, 0.1099999999999999867, -0.5000000000000000000 ) ) ;
#3099 =( LENGTH_UNIT ( ) NAMED_UNIT ( * ) SI_UNIT ( .MILLI., .METRE. ) );
#3100 = VECTOR ( 'NONE', #2393, 1000.000000000000000 ) ;
#3101 = PLANE ( 'NONE',  #386 ) ;
#3102 = CARTESIAN_POINT ( 'NONE',  ( 0.000000000000000000, 0.1099999999999999867, 0.000000000000000000 ) ) ;
#3103 = ORIENTED_EDGE ( 'NONE', *, *, #1818, .T. ) ;
#3104 = FILL_AREA_STYLE ('',( #3191 ) ) ;
#3105 =( LENGTH_UNIT ( ) NAMED_UNIT ( * ) SI_UNIT ( .MILLI., .METRE. ) );
#3106 = STYLED_ITEM ( 'NONE', ( #481 ), #573 ) ;
#3107 = DIRECTION ( 'NONE',  ( -0.000000000000000000, 1.000000000000000000, -0.000000000000000000 ) ) ;
#3108 = EDGE_CURVE ( 'NONE', #3110, #2915, #423, .T. ) ;
#3109 = VERTEX_POINT ( 'NONE', #1589 ) ;
#3110 = VERTEX_POINT ( 'NONE', #2085 ) ;
#3111 = AXIS2_PLACEMENT_3D ( 'NONE', #1090, #269, #819 ) ;
#3112 = COLOUR_RGB ( '',1.000000000000000000, 1.000000000000000000, 1.000000000000000000 ) ;
#3113 = VECTOR ( 'NONE', #2511, 1000.000000000000000 ) ;
#3114 = EDGE_CURVE ( 'NONE', #259, #1370, #3509, .T. ) ;
#3115 = LINE ( 'NONE', #169, #827 ) ;
#3116 = ORIENTED_EDGE ( 'NONE', *, *, #1772, .F. ) ;
#3117 = CARTESIAN_POINT ( 'NONE',  ( 0.3000000000000009326, 0.1099999999999999867, 0.5000000000000000000 ) ) ;
#3118 = STYLED_ITEM ( 'NONE', ( #1139 ), #2377 ) ;
#3119 = PRESENTATION_STYLE_ASSIGNMENT (( #2115 ) ) ;
#3120 = VECTOR ( 'NONE', #2605, 1000.000000000000000 ) ;
#3121 = SURFACE_SIDE_STYLE ('',( #463 ) ) ;
#3122 =( LENGTH_UNIT ( ) NAMED_UNIT ( * ) SI_UNIT ( .MILLI., .METRE. ) );
#3123 = CARTESIAN_POINT ( 'NONE',  ( -1.899999999999999467, 0.2400000000000000189, -0.5000000000000000000 ) ) ;
#3124 = ORIENTED_EDGE ( 'NONE', *, *, #2227, .T. ) ;
#3125 = LINE ( 'NONE', #521, #2134 ) ;
#3126 = SURFACE_STYLE_USAGE ( .BOTH. , #3057 ) ;
#3127 = MECHANICAL_DESIGN_GEOMETRIC_PRESENTATION_REPRESENTATION (  '', ( #280 ), #1975 ) ;
#3128 = DIRECTION ( 'NONE',  ( -0.000000000000000000, -1.000000000000000000, -0.000000000000000000 ) ) ;
#3129 = ORIENTED_EDGE ( 'NONE', *, *, #1940, .T. ) ;
#3130 = PRESENTATION_LAYER_ASSIGNMENT (  '', '', ( #638 ) ) ;
#3131 = ORIENTED_EDGE ( 'NONE', *, *, #2489, .F. ) ;
#3132 = UNCERTAINTY_MEASURE_WITH_UNIT (LENGTH_MEASURE( 1.000000000000000082E-05 ), #602, 'distance_accuracy_value', 'NONE');
#3133 = EDGE_CURVE ( 'NONE', #578, #221, #2770, .T. ) ;
#3134 = DIRECTION ( 'NONE',  ( 0.000000000000000000, -1.000000000000000000, 0.000000000000000000 ) ) ;
#3135 = SURFACE_SIDE_STYLE ('',( #1738 ) ) ;
#3136 = EDGE_LOOP ( 'NONE', ( #764, #2167, #758, #427 ) ) ;
#3137 = ADVANCED_FACE ( 'NONE', ( #1325 ), #1234, .F. ) ;
#3138 = FACE_OUTER_BOUND ( 'NONE', #1914, .T. ) ;
#3139 = CARTESIAN_POINT ( 'NONE',  ( 0.6999999999999998446, 0.2599999999999999534, -0.5000000000000000000 ) ) ;
#3140 = LINE ( 'NONE', #2290, #2399 ) ;
#3141 = CARTESIAN_POINT ( 'NONE',  ( 1.600000000000000089, 0.1099999999999999867, -0.1999999999999999278 ) ) ;
#3142 =( NAMED_UNIT ( * ) SI_UNIT ( $, .STERADIAN. ) SOLID_ANGLE_UNIT ( ) );
#3143 = VERTEX_POINT ( 'NONE', #1040 ) ;
#3144 = LINE ( 'NONE', #3189, #1126 ) ;
#3145 = CARTESIAN_POINT ( 'NONE',  ( -0.2999999999999988232, 0.2599999999999999534, 0.4999999999999998890 ) ) ;
#3146 = FILL_AREA_STYLE_COLOUR ( '', #1355 ) ;
#3147 = ORIENTED_EDGE ( 'NONE', *, *, #1495, .T. ) ;
#3148 = VERTEX_POINT ( 'NONE', #2844 ) ;
#3149 = SURFACE_STYLE_USAGE ( .BOTH. , #1734 ) ;
#3150 =( LENGTH_UNIT ( ) NAMED_UNIT ( * ) SI_UNIT ( .MILLI., .METRE. ) );
#3151 = APPLICATION_PROTOCOL_DEFINITION ( 'draft international standard', 'automotive_design', 1998, #3302 ) ;
#3152 = ORIENTED_EDGE ( 'NONE', *, *, #1459, .F. ) ;
#3153 = PRESENTATION_STYLE_ASSIGNMENT (( #1683 ) ) ;
#3154 = CARTESIAN_POINT ( 'NONE',  ( 0.000000000000000000, 0.1099999999999999867, 0.000000000000000000 ) ) ;
#3155 = DIRECTION ( 'NONE',  ( -0.000000000000000000, 1.000000000000000000, -0.000000000000000000 ) ) ;
#3156 =( LENGTH_UNIT ( ) NAMED_UNIT ( * ) SI_UNIT ( .MILLI., .METRE. ) );
#3157 = EDGE_CURVE ( 'NONE', #542, #619, #828, .T. ) ;
#3158 =( NAMED_UNIT ( * ) SI_UNIT ( $, .STERADIAN. ) SOLID_ANGLE_UNIT ( ) );
#3159 =( NAMED_UNIT ( * ) SI_UNIT ( $, .STERADIAN. ) SOLID_ANGLE_UNIT ( ) );
#3160 = EDGE_CURVE ( 'NONE', #709, #3088, #3087, .T. ) ;
#3161 = EDGE_LOOP ( 'NONE', ( #1158, #657, #2379, #268 ) ) ;
#3162 = DIRECTION ( 'NONE',  ( 0.000000000000000000, 0.000000000000000000, 1.000000000000000000 ) ) ;
#3163 = FILL_AREA_STYLE ('',( #592 ) ) ;
#3164 = COLOUR_RGB ( '',1.000000000000000000, 1.000000000000000000, 1.000000000000000000 ) ;
#3165 = ORIENTED_EDGE ( 'NONE', *, *, #2975, .F. ) ;
#3166 = SURFACE_SIDE_STYLE ('',( #261 ) ) ;
#3167 = UNCERTAINTY_MEASURE_WITH_UNIT (LENGTH_MEASURE( 1.000000000000000082E-05 ), #942, 'distance_accuracy_value', 'NONE');
#3168 = VECTOR ( 'NONE', #3334, 1000.000000000000000 ) ;
#3169 =( NAMED_UNIT ( * ) PLANE_ANGLE_UNIT ( ) SI_UNIT ( $, .RADIAN. ) );
#3170 = CARTESIAN_POINT ( 'NONE',  ( 1.900000000000000355, 0.2400000000000000189, -0.5000000000000000000 ) ) ;
#3171 = VECTOR ( 'NONE', #112, 1000.000000000000000 ) ;
#3172 = DIRECTION ( 'NONE',  ( 1.000000000000000000, 0.000000000000000000, 0.000000000000000000 ) ) ;
#3173 = EDGE_LOOP ( 'NONE', ( #2250, #2695, #2136, #2930 ) ) ;
#3174 =( LENGTH_UNIT ( ) NAMED_UNIT ( * ) SI_UNIT ( .MILLI., .METRE. ) );
#3175 = VECTOR ( 'NONE', #1151, 1000.000000000000000 ) ;
#3176 = COLOUR_RGB ( '',1.000000000000000000, 1.000000000000000000, 1.000000000000000000 ) ;
#3177 = DIRECTION ( 'NONE',  ( 0.000000000000000000, -0.000000000000000000, 1.000000000000000000 ) ) ;
#3178 = CARTESIAN_POINT ( 'NONE',  ( 1.800000000000000266, 0.2599999999999999534, -0.5000000000000002220 ) ) ;
#3179 = PLANE ( 'NONE',  #575 ) ;
#3180 = VECTOR ( 'NONE', #2507, 1000.000000000000000 ) ;
#3181 = PRESENTATION_LAYER_ASSIGNMENT (  '', '', ( #325 ) ) ;
#3182 =( LENGTH_UNIT ( ) NAMED_UNIT ( * ) SI_UNIT ( .MILLI., .METRE. ) );
#3183 = DIRECTION ( 'NONE',  ( -0.000000000000000000, 1.000000000000000000, 0.000000000000000000 ) ) ;
#3184 = VECTOR ( 'NONE', #589, 1000.000000000000000 ) ;
#3185 = ADVANCED_FACE ( 'NONE', ( #1983 ), #783, .T. ) ;
#3186 = DIRECTION ( 'NONE',  ( -1.000000000000000000, 0.000000000000000000, 1.355252715606880049E-16 ) ) ;
#3187 = CARTESIAN_POINT ( 'NONE',  ( 1.400000000000001021, 0.2400000000000000189, 0.1999999999999999001 ) ) ;
#3188 = ORIENTED_EDGE ( 'NONE', *, *, #1498, .T. ) ;
#3189 = CARTESIAN_POINT ( 'NONE',  ( 1.900000000000000355, 0.2400000000000000189, 0.5000000000000000000 ) ) ;
#3190 = PRESENTATION_LAYER_ASSIGNMENT (  '', '', ( #1422 ) ) ;
#3191 = FILL_AREA_STYLE_COLOUR ( '', #1894 ) ;
#3192 = EDGE_CURVE ( 'NONE', #237, #3276, #194, .T. ) ;
#3193 = ADVANCED_FACE ( 'NONE', ( #467 ), #2193, .F. ) ;
#3194 = PRESENTATION_STYLE_ASSIGNMENT (( #2028 ) ) ;
#3195 = ORIENTED_EDGE ( 'NONE', *, *, #3049, .F. ) ;
#3196 = CARTESIAN_POINT ( 'NONE',  ( -1.800000000000000044, 0.2599999999999999534, -0.5000000000000000000 ) ) ;
#3197 = CARTESIAN_POINT ( 'NONE',  ( -1.399999999999999023, 0.2400000000000000189, 0.1999999999999999278 ) ) ;
#3198 = PRESENTATION_LAYER_ASSIGNMENT (  '', '', ( #2282 ) ) ;
#3199 = DIRECTION ( 'NONE',  ( 0.000000000000000000, 0.000000000000000000, -1.000000000000000000 ) ) ;
#3200 = DIRECTION ( 'NONE',  ( -3.614007241618347785E-16, -0.000000000000000000, -1.000000000000000000 ) ) ;
#3201 = VECTOR ( 'NONE', #2306, 1000.000000000000000 ) ;
#3202 = DIRECTION ( 'NONE',  ( 0.000000000000000000, 0.000000000000000000, 1.000000000000000000 ) ) ;
#3203 = ORIENTED_EDGE ( 'NONE', *, *, #1211, .T. ) ;
#3204 = STYLED_ITEM ( 'NONE', ( #3357 ), #3721 ) ;
#3205 =( NAMED_UNIT ( * ) PLANE_ANGLE_UNIT ( ) SI_UNIT ( $, .RADIAN. ) );
#3206 = DIRECTION ( 'NONE',  ( -0.000000000000000000, -1.000000000000000000, -0.000000000000000000 ) ) ;
#3207 = EDGE_CURVE ( 'NONE', #3560, #424, #751, .T. ) ;
#3208 = MANIFOLD_SOLID_BREP ( 'Boss-Extrude2[1]', #2802 ) ;
#3209 = CARTESIAN_POINT ( 'NONE',  ( 0.000000000000000000, 0.1099999999999999867, 0.000000000000000000 ) ) ;
#3210 = CARTESIAN_POINT ( 'NONE',  ( -1.599999999999999867, 0.1099999999999999867, -0.5000000000000000000 ) ) ;
#3211 = ORIENTED_EDGE ( 'NONE', *, *, #3114, .T. ) ;
#3212 = VERTEX_POINT ( 'NONE', #1434 ) ;
#3213 = CARTESIAN_POINT ( 'NONE',  ( -0.2999999999999988232, 0.1099999999999999867, 0.4999999999999998890 ) ) ;
#3214 = UNCERTAINTY_MEASURE_WITH_UNIT (LENGTH_MEASURE( 1.000000000000000082E-05 ), #3182, 'distance_accuracy_value', 'NONE');
#3215 = PLANE ( 'NONE',  #1410 ) ;
#3216 = DIRECTION ( 'NONE',  ( 1.000000000000000000, 0.000000000000000000, -1.355252715606880049E-16 ) ) ;
#3217 = VERTEX_POINT ( 'NONE', #2575 ) ;
#3218 = CARTESIAN_POINT ( 'NONE',  ( 1.800000000000000266, 0.2400000000000000189, -0.5000000000000002220 ) ) ;
#3219 = CARTESIAN_POINT ( 'NONE',  ( -1.800000000000000044, 0.1099999999999999867, -0.2000000000000003719 ) ) ;
#3220 = LINE ( 'NONE', #3761, #1743 ) ;
#3221 = DIRECTION ( 'NONE',  ( -0.000000000000000000, -1.000000000000000000, -0.000000000000000000 ) ) ;
#3222 = FILL_AREA_STYLE ('',( #2060 ) ) ;
#3223 = CARTESIAN_POINT ( 'NONE',  ( -0.8999999999999991340, 0.2400000000000000189, -0.5000000000000001110 ) ) ;
#3224 = CARTESIAN_POINT ( 'NONE',  ( -1.399999999999999023, 0.1099999999999999867, 0.1999999999999999278 ) ) ;
#3225 =( NAMED_UNIT ( * ) SI_UNIT ( $, .STERADIAN. ) SOLID_ANGLE_UNIT ( ) );
#3226 = EDGE_LOOP ( 'NONE', ( #2849, #3742, #3731, #3703 ) ) ;
#3227 = LINE ( 'NONE', #3561, #3362 ) ;
#3228 = AXIS2_PLACEMENT_3D ( 'NONE', #2747, #3664, #1020 ) ;
#3229 = LINE ( 'NONE', #615, #260 ) ;
#3230 = EDGE_CURVE ( 'NONE', #1676, #2427, #1119, .T. ) ;
#3231 = EDGE_LOOP ( 'NONE', ( #950, #2728, #1382, #2544 ) ) ;
#3232 = VERTEX_POINT ( 'NONE', #2331 ) ;
#3233 = VECTOR ( 'NONE', #3069, 1000.000000000000000 ) ;
#3234 = PRESENTATION_STYLE_ASSIGNMENT (( #2966 ) ) ;
#3235 = EDGE_CURVE ( 'NONE', #1647, #2792, #2293, .T. ) ;
#3236 = EDGE_CURVE ( 'NONE', #36, #1418, #2024, .T. ) ;
#3237 = STYLED_ITEM ( 'NONE', ( #362 ), #1529 ) ;
#3238 = STYLED_ITEM ( 'NONE', ( #3266 ), #681 ) ;
#3239 = DIRECTION ( 'NONE',  ( -1.000000000000000000, 0.000000000000000000, 1.355252715606880049E-16 ) ) ;
#3240 = LINE ( 'NONE', #968, #100 ) ;
#3241 = VECTOR ( 'NONE', #2538, 1000.000000000000000 ) ;
#3242 = SURFACE_STYLE_USAGE ( .BOTH. , #1432 ) ;
#3243 = MECHANICAL_DESIGN_GEOMETRIC_PRESENTATION_REPRESENTATION (  '', ( #1480 ), #1604 ) ;
#3244 = STYLED_ITEM ( 'NONE', ( #3234 ), #1053 ) ;
#3245 = DIRECTION ( 'NONE',  ( 0.000000000000000000, 0.000000000000000000, 1.000000000000000000 ) ) ;
#3246 = VECTOR ( 'NONE', #2248, 1000.000000000000000 ) ;
#3247 = MECHANICAL_DESIGN_GEOMETRIC_PRESENTATION_REPRESENTATION (  '', ( #2271 ), #2620 ) ;
#3248 = CARTESIAN_POINT ( 'NONE',  ( -1.800000000000000044, 0.2599999999999999534, -0.2000000000000003719 ) ) ;
#3249 = VERTEX_POINT ( 'NONE', #903 ) ;
#3250 = DIRECTION ( 'NONE',  ( -0.000000000000000000, -1.000000000000000000, -0.000000000000000000 ) ) ;
#3251 = UNCERTAINTY_MEASURE_WITH_UNIT (LENGTH_MEASURE( 1.000000000000000082E-05 ), #149, 'distance_accuracy_value', 'NONE');
#3252 = AXIS2_PLACEMENT_3D ( 'NONE', #2676, #2418, #74 ) ;
#3253 = DIRECTION ( 'NONE',  ( 1.000000000000000000, 0.000000000000000000, 0.000000000000000000 ) ) ;
#3254 = CARTESIAN_POINT ( 'NONE',  ( 1.800000000000000266, 0.1099999999999999867, -0.5000000000000002220 ) ) ;
#3255 = ADVANCED_FACE ( 'NONE', ( #2882 ), #1175, .T. ) ;
#3256 = VERTEX_POINT ( 'NONE', #1497 ) ;
#3257 = VECTOR ( 'NONE', #2307, 1000.000000000000000 ) ;
#3258 = ORIENTED_EDGE ( 'NONE', *, *, #2887, .T. ) ;
#3259 =( NAMED_UNIT ( * ) SI_UNIT ( $, .STERADIAN. ) SOLID_ANGLE_UNIT ( ) );
#3260 = VECTOR ( 'NONE', #1701, 1000.000000000000000 ) ;
#3261 = DIRECTION ( 'NONE',  ( -1.000000000000000000, -0.000000000000000000, 4.065758146820638669E-16 ) ) ;
#3262 = EDGE_CURVE ( 'NONE', #1928, #147, #2903, .T. ) ;
#3263 = SURFACE_SIDE_STYLE ('',( #2932 ) ) ;
#3264 = LINE ( 'NONE', #955, #3687 ) ;
#3265 = ORIENTED_EDGE ( 'NONE', *, *, #209, .F. ) ;
#3266 = PRESENTATION_STYLE_ASSIGNMENT (( #3532 ) ) ;
#3267 = CARTESIAN_POINT ( 'NONE',  ( -1.399999999999999023, 0.2599999999999999534, 0.5000000000000000000 ) ) ;
#3268 = FACE_OUTER_BOUND ( 'NONE', #298, .T. ) ;
#3269 = PLANE ( 'NONE',  #431 ) ;
#3270 =( NAMED_UNIT ( * ) SI_UNIT ( $, .STERADIAN. ) SOLID_ANGLE_UNIT ( ) );
#3271 = ORIENTED_EDGE ( 'NONE', *, *, #3468, .T. ) ;
#3272 = DIRECTION ( 'NONE',  ( -0.000000000000000000, -1.000000000000000000, -0.000000000000000000 ) ) ;
#3273 =( NAMED_UNIT ( * ) SI_UNIT ( $, .STERADIAN. ) SOLID_ANGLE_UNIT ( ) );
#3274 = SURFACE_STYLE_FILL_AREA ( #949 ) ;
#3275 = EDGE_LOOP ( 'NONE', ( #2279, #2509, #3131, #3585 ) ) ;
#3276 = VERTEX_POINT ( 'NONE', #2369 ) ;
#3277 = SURFACE_STYLE_FILL_AREA ( #2417 ) ;
#3278 = MANIFOLD_SOLID_BREP ( 'Cut-Extrude2', #3415 ) ;
#3279 = CARTESIAN_POINT ( 'NONE',  ( -1.399999999999999023, 0.2599999999999999534, 0.1999999999999999278 ) ) ;
#3280 = CARTESIAN_POINT ( 'NONE',  ( 1.900000000000000355, -0.2400000000000000189, -0.5000000000000000000 ) ) ;
#3281 = ORIENTED_EDGE ( 'NONE', *, *, #1997, .F. ) ;
#3282 = DIRECTION ( 'NONE',  ( -1.000000000000000000, 0.000000000000000000, 0.000000000000000000 ) ) ;
#3283 = SURFACE_STYLE_FILL_AREA ( #3533 ) ;
#3284 = EDGE_CURVE ( 'NONE', #1562, #123, #49, .T. ) ;
#3285 = DIRECTION ( 'NONE',  ( 1.000000000000000000, 0.000000000000000000, -1.355252715606880049E-16 ) ) ;
#3286 = LINE ( 'NONE', #1266, #2804 ) ;
#3287 = EDGE_CURVE ( 'NONE', #3443, #3663, #2921, .T. ) ;
#3288 = ORIENTED_EDGE ( 'NONE', *, *, #470, .F. ) ;
#3289 = CARTESIAN_POINT ( 'NONE',  ( 0.9000000000000001332, 0.1099999999999999867, -0.1999999999999999556 ) ) ;
#3290 = UNCERTAINTY_MEASURE_WITH_UNIT (LENGTH_MEASURE( 1.000000000000000082E-05 ), #1633, 'distance_accuracy_value', 'NONE');
#3291 = CARTESIAN_POINT ( 'NONE',  ( 1.400000000000001021, 0.1099999999999999867, 0.4999999999999997780 ) ) ;
#3292 = CARTESIAN_POINT ( 'NONE',  ( 1.200000000000001066, 0.2599999999999999534, 0.4999999999999997780 ) ) ;
#3293 = ORIENTED_EDGE ( 'NONE', *, *, #3540, .T. ) ;
#3294 = ORIENTED_EDGE ( 'NONE', *, *, #2907, .T. ) ;
#3295 = DIRECTION ( 'NONE',  ( 0.000000000000000000, 0.000000000000000000, -1.000000000000000000 ) ) ;
#3296 = COLOUR_RGB ( '',1.000000000000000000, 1.000000000000000000, 1.000000000000000000 ) ;
#3297 = LINE ( 'NONE', #2402, #2579 ) ;
#3298 =( GEOMETRIC_REPRESENTATION_CONTEXT ( 3 ) GLOBAL_UNCERTAINTY_ASSIGNED_CONTEXT ( ( #3525 ) ) GLOBAL_UNIT_ASSIGNED_CONTEXT ( ( #2664, #3535, #50 ) ) REPRESENTATION_CONTEXT ( 'NONE', 'WORKASPACE' ) );
#3299 = DIRECTION ( 'NONE',  ( -1.000000000000000000, 0.000000000000000000, 0.000000000000000000 ) ) ;
#3300 = ORIENTED_EDGE ( 'NONE', *, *, #2665, .F. ) ;
#3301 = CARTESIAN_POINT ( 'NONE',  ( -1.199999999999998845, 0.1099999999999999867, 0.5000000000000000000 ) ) ;
#3302 = APPLICATION_CONTEXT ( 'automotive_design' ) ;
#3303 = PRESENTATION_LAYER_ASSIGNMENT (  '', '', ( #2327 ) ) ;
#3304 = LINE ( 'NONE', #1813, #332 ) ;
#3305 = FILL_AREA_STYLE_COLOUR ( '', #698 ) ;
#3306 = COLOUR_RGB ( '',1.000000000000000000, 1.000000000000000000, 1.000000000000000000 ) ;
#3307 = CARTESIAN_POINT ( 'NONE',  ( 1.600000000000000089, 0.2400000000000000189, -0.5000000000000002220 ) ) ;
#3308 = AXIS2_PLACEMENT_3D ( 'NONE', #105, #1330, #509 ) ;
#3309 = VECTOR ( 'NONE', #1032, 1000.000000000000000 ) ;
#3310 = DIRECTION ( 'NONE',  ( 0.000000000000000000, 0.000000000000000000, 1.000000000000000000 ) ) ;
#3311 = EDGE_CURVE ( 'NONE', #1848, #2965, #1475, .T. ) ;
#3312 = VERTEX_POINT ( 'NONE', #1208 ) ;
#3313 =( GEOMETRIC_REPRESENTATION_CONTEXT ( 3 ) GLOBAL_UNCERTAINTY_ASSIGNED_CONTEXT ( ( #287 ) ) GLOBAL_UNIT_ASSIGNED_CONTEXT ( ( #1156, #1982, #606 ) ) REPRESENTATION_CONTEXT ( 'NONE', 'WORKASPACE' ) );
#3314 = DIRECTION ( 'NONE',  ( -3.614007241618347292E-16, 0.000000000000000000, 1.000000000000000000 ) ) ;
#3315 = VECTOR ( 'NONE', #167, 1000.000000000000000 ) ;
#3316 = EDGE_CURVE ( 'NONE', #237, #2110, #3517, .T. ) ;
#3317 = DIRECTION ( 'NONE',  ( 0.000000000000000000, 1.000000000000000000, 0.000000000000000000 ) ) ;
#3318 = VECTOR ( 'NONE', #2972, 1000.000000000000000 ) ;
#3319 = PLANE ( 'NONE',  #1781 ) ;
#3320 = ORIENTED_EDGE ( 'NONE', *, *, #95, .F. ) ;
#3321 = DIRECTION ( 'NONE',  ( -3.614007241618347785E-16, 0.000000000000000000, -1.000000000000000000 ) ) ;
#3322 = VERTEX_POINT ( 'NONE', #2098 ) ;
#3323 = CARTESIAN_POINT ( 'NONE',  ( 0.000000000000000000, 0.2599999999999999534, 0.000000000000000000 ) ) ;
#3324 = AXIS2_PLACEMENT_3D ( 'NONE', #854, #2008, #2615 ) ;
#3325 = PLANE ( 'NONE',  #2640 ) ;
#3326 = AXIS2_PLACEMENT_3D ( 'NONE', #1892, #1767, #3543 ) ;
#3327 = SURFACE_STYLE_FILL_AREA ( #128 ) ;
#3328 = ORIENTED_EDGE ( 'NONE', *, *, #716, .F. ) ;
#3329 = CARTESIAN_POINT ( 'NONE',  ( -1.199999999999998845, 0.1099999999999999867, 0.5000000000000000000 ) ) ;
#3330 = STYLED_ITEM ( 'NONE', ( #1078 ), #3426 ) ;
#3331 = CARTESIAN_POINT ( 'NONE',  ( -0.2999999999999988232, 0.2599999999999999534, 0.4999999999999998890 ) ) ;
#3332 = PLANE ( 'NONE',  #1798 ) ;
#3333 = PRESENTATION_LAYER_ASSIGNMENT (  '', '', ( #892 ) ) ;
#3334 = DIRECTION ( 'NONE',  ( -0.000000000000000000, 1.000000000000000000, -0.000000000000000000 ) ) ;
#3335 = FACE_OUTER_BOUND ( 'NONE', #1380, .T. ) ;
#3336 = ORIENTED_EDGE ( 'NONE', *, *, #596, .F. ) ;
#3337 = LINE ( 'NONE', #2236, #1775 ) ;
#3338 = EDGE_CURVE ( 'NONE', #2673, #1713, #2387, .T. ) ;
#3339 = ORIENTED_EDGE ( 'NONE', *, *, #953, .F. ) ;
#3340 = ORIENTED_EDGE ( 'NONE', *, *, #747, .T. ) ;
#3341 = CARTESIAN_POINT ( 'NONE',  ( 0.5000000000000013323, 0.2599999999999999534, 0.4999999999999998890 ) ) ;
#3342 = CARTESIAN_POINT ( 'NONE',  ( -1.599999999999999867, 0.1099999999999999867, -0.5000000000000000000 ) ) ;
#3343 = VERTEX_POINT ( 'NONE', #2740 ) ;
#3344 = DIRECTION ( 'NONE',  ( -0.000000000000000000, 1.000000000000000000, 0.000000000000000000 ) ) ;
#3345 =( NAMED_UNIT ( * ) SI_UNIT ( $, .STERADIAN. ) SOLID_ANGLE_UNIT ( ) );
#3346 = FACE_OUTER_BOUND ( 'NONE', #496, .T. ) ;
#3347 = DIRECTION ( 'NONE',  ( -1.000000000000000000, -0.000000000000000000, 1.355252715606880049E-16 ) ) ;
#3348 = CARTESIAN_POINT ( 'NONE',  ( 0.6999999999999998446, 0.1099999999999999867, -0.5000000000000000000 ) ) ;
#3349 = DIRECTION ( 'NONE',  ( -0.000000000000000000, 1.000000000000000000, -0.000000000000000000 ) ) ;
#3350 = ADVANCED_BREP_SHAPE_REPRESENTATION ( 'AQ7538-08UTG', ( #3208, #2050, #811, #681, #2009, #1937, #2057, #820, #714, #3278, #2409 ), #1560 ) ;
#3351 = ORIENTED_EDGE ( 'NONE', *, *, #1169, .F. ) ;
#3352 = FILL_AREA_STYLE ('',( #143 ) ) ;
#3353 = DIRECTION ( 'NONE',  ( 1.000000000000000000, 0.000000000000000000, -1.355252715606879310E-16 ) ) ;
#3354 = EDGE_LOOP ( 'NONE', ( #3706, #1806, #2942, #3376 ) ) ;
#3355 = ORIENTED_EDGE ( 'NONE', *, *, #2227, .F. ) ;
#3356 = EDGE_CURVE ( 'NONE', #3143, #3212, #999, .T. ) ;
#3357 = PRESENTATION_STYLE_ASSIGNMENT (( #223 ) ) ;
#3358 = ORIENTED_EDGE ( 'NONE', *, *, #1559, .T. ) ;
#3359 = ADVANCED_FACE ( 'NONE', ( #1514 ), #1572, .F. ) ;
#3360 = DIRECTION ( 'NONE',  ( 0.000000000000000000, 0.000000000000000000, 1.000000000000000000 ) ) ;
#3361 = ADVANCED_FACE ( 'NONE', ( #3268 ), #1586, .F. ) ;
#3362 = VECTOR ( 'NONE', #654, 1000.000000000000000 ) ;
#3363 = SURFACE_STYLE_FILL_AREA ( #1037 ) ;
#3364 = STYLED_ITEM ( 'NONE', ( #2993 ), #413 ) ;
#3365 = CARTESIAN_POINT ( 'NONE',  ( 1.600000000000000089, 0.1099999999999999867, -0.5000000000000002220 ) ) ;
#3366 = CARTESIAN_POINT ( 'NONE',  ( 0.9000000000000001332, 0.1099999999999999867, -0.1999999999999999556 ) ) ;
#3367 = COLOUR_RGB ( '',1.000000000000000000, 1.000000000000000000, 1.000000000000000000 ) ;
#3368 = CARTESIAN_POINT ( 'NONE',  ( -1.199999999999999067, 0.2599999999999999534, 0.1999999999999999001 ) ) ;
#3369 = VERTEX_POINT ( 'NONE', #349 ) ;
#3370 =( GEOMETRIC_REPRESENTATION_CONTEXT ( 3 ) GLOBAL_UNCERTAINTY_ASSIGNED_CONTEXT ( ( #2103 ) ) GLOBAL_UNIT_ASSIGNED_CONTEXT ( ( #1138, #3205, #1759 ) ) REPRESENTATION_CONTEXT ( 'NONE', 'WORKASPACE' ) );
#3371 = COLOUR_RGB ( '',0.2980392156862745057, 0.2980392156862745057, 0.2980392156862745057 ) ;
#3372 = CARTESIAN_POINT ( 'NONE',  ( -0.4999999999999990563, 0.1099999999999999867, 0.4999999999999998890 ) ) ;
#3373 = PLANE ( 'NONE',  #2022 ) ;
#3374 = AXIS2_PLACEMENT_3D ( 'NONE', #1254, #3317, #1578 ) ;
#3375 = ORIENTED_EDGE ( 'NONE', *, *, #647, .T. ) ;
#3376 = ORIENTED_EDGE ( 'NONE', *, *, #3230, .T. ) ;
#3377 =( LENGTH_UNIT ( ) NAMED_UNIT ( * ) SI_UNIT ( .MILLI., .METRE. ) );
#3378 = STYLED_ITEM ( 'NONE', ( #665 ), #2062 ) ;
#3379 = STYLED_ITEM ( 'NONE', ( #2368 ), #2401 ) ;
#3380 = ORIENTED_EDGE ( 'NONE', *, *, #1122, .F. ) ;
#3381 = PRESENTATION_LAYER_ASSIGNMENT (  '', '', ( #1306 ) ) ;
#3382 = EDGE_CURVE ( 'NONE', #1479, #1647, #1248, .T. ) ;
#3383 = SURFACE_SIDE_STYLE ('',( #1091 ) ) ;
#3384 = PRESENTATION_STYLE_ASSIGNMENT (( #2212 ) ) ;
#3385 = VECTOR ( 'NONE', #1646, 1000.000000000000000 ) ;
#3386 =( NAMED_UNIT ( * ) PLANE_ANGLE_UNIT ( ) SI_UNIT ( $, .RADIAN. ) );
#3387 = LINE ( 'NONE', #192, #28 ) ;
#3388 = VECTOR ( 'NONE', #2648, 1000.000000000000000 ) ;
#3389 = FILL_AREA_STYLE ('',( #250 ) ) ;
#3390 = ORIENTED_EDGE ( 'NONE', *, *, #1516, .F. ) ;
#3391 = PRODUCT_DEFINITION_SHAPE ( 'NONE', 'NONE',  #2532 ) ;
#3392 = FACE_OUTER_BOUND ( 'NONE', #232, .T. ) ;
#3393 = LINE ( 'NONE', #3423, #1719 ) ;
#3394 = SURFACE_STYLE_USAGE ( .BOTH. , #1946 ) ;
#3395 = ORIENTED_EDGE ( 'NONE', *, *, #3574, .T. ) ;
#3396 = ORIENTED_EDGE ( 'NONE', *, *, #2956, .T. ) ;
#3397 = FILL_AREA_STYLE_COLOUR ( '', #2944 ) ;
#3398 = ORIENTED_EDGE ( 'NONE', *, *, #530, .T. ) ;
#3399 =( NAMED_UNIT ( * ) SI_UNIT ( $, .STERADIAN. ) SOLID_ANGLE_UNIT ( ) );
#3400 = CARTESIAN_POINT ( 'NONE',  ( 0.000000000000000000, 0.2400000000000000189, 0.000000000000000000 ) ) ;
#3401 = SURFACE_STYLE_FILL_AREA ( #2230 ) ;
#3402 = EDGE_CURVE ( 'NONE', #2987, #3369, #420, .T. ) ;
#3403 = CYLINDRICAL_SURFACE ( 'NONE', #683, 0.03708142713339462881 ) ;
#3404 = ORIENTED_EDGE ( 'NONE', *, *, #593, .F. ) ;
#3405 =( LENGTH_UNIT ( ) NAMED_UNIT ( * ) SI_UNIT ( .MILLI., .METRE. ) );
#3406 = ADVANCED_FACE ( 'NONE', ( #685 ), #3332, .F. ) ;
#3407 = CARTESIAN_POINT ( 'NONE',  ( -0.09999999999999995004, 0.2400000000000000189, -0.2000000000000003719 ) ) ;
#3408 = EDGE_LOOP ( 'NONE', ( #459, #1521, #1008, #2717 ) ) ;
#3409 = ORIENTED_EDGE ( 'NONE', *, *, #249, .T. ) ;
#3410 = LINE ( 'NONE', #2531, #1728 ) ;
#3411 = EDGE_LOOP ( 'NONE', ( #116, #2725, #1653, #3063 ) ) ;
#3412 = PLANE ( 'NONE',  #3551 ) ;
#3413 = SURFACE_SIDE_STYLE ('',( #1923 ) ) ;
#3414 = FILL_AREA_STYLE_COLOUR ( '', #1599 ) ;
#3415 = CLOSED_SHELL ( 'NONE', ( #2891, #692, #353, #1029, #768, #3449, #532, #2021, #323, #1214, #3185, #2066, #2912, #2693, #1831, #1376, #3586, #1276, #3537, #527, #68, #180, #3255, #210, #348, #3359, #645, #1766, #1100, #1387, #2619, #2095, #3654, #3754, #1612, #859, #1834, #1439, #931, #1998, #1258, #2555, #3070, #2278, #1947 ) ) ;
#3416 = CARTESIAN_POINT ( 'NONE',  ( -1.777212026920311327, -0.2300000000000000100, -0.3910685450942153474 ) ) ;
#3417 = EDGE_CURVE ( 'NONE', #165, #1989, #3438, .T. ) ;
#3418 = FILL_AREA_STYLE_COLOUR ( '', #212 ) ;
#3419 = VECTOR ( 'NONE', #2886, 1000.000000000000000 ) ;
#3420 = ORIENTED_EDGE ( 'NONE', *, *, #1682, .T. ) ;
#3421 = LINE ( 'NONE', #805, #15 ) ;
#3422 = EDGE_CURVE ( 'NONE', #2262, #774, #156, .T. ) ;
#3423 = CARTESIAN_POINT ( 'NONE',  ( -1.399999999999999023, 0.1099999999999999867, 0.5000000000000000000 ) ) ;
#3424 = PRESENTATION_LAYER_ASSIGNMENT (  '', '', ( #626 ) ) ;
#3425 = VECTOR ( 'NONE', #3221, 1000.000000000000000 ) ;
#3426 = ADVANCED_FACE ( 'NONE', ( #2763 ), #823, .F. ) ;
#3427 = ORIENTED_EDGE ( 'NONE', *, *, #3590, .T. ) ;
#3428 = VECTOR ( 'NONE', #2141, 1000.000000000000000 ) ;
#3429 = FILL_AREA_STYLE_COLOUR ( '', #3296 ) ;
#3430 = STYLED_ITEM ( 'NONE', ( #1106 ), #811 ) ;
#3431 = VECTOR ( 'NONE', #1594, 1000.000000000000000 ) ;
#3432 = FACE_OUTER_BOUND ( 'NONE', #1031, .T. ) ;
#3433 = LINE ( 'NONE', #267, #441 ) ;
#3434 = ORIENTED_EDGE ( 'NONE', *, *, #1944, .F. ) ;
#3435 = VECTOR ( 'NONE', #1207, 1000.000000000000000 ) ;
#3436 = PRESENTATION_LAYER_ASSIGNMENT (  '', '', ( #2939 ) ) ;
#3437 = PLANE ( 'NONE',  #3559 ) ;
#3438 = LINE ( 'NONE', #3067, #3510 ) ;
#3439 = CARTESIAN_POINT ( 'NONE',  ( 0.000000000000000000, 0.1099999999999999867, 0.000000000000000000 ) ) ;
#3440 = COLOUR_RGB ( '',1.000000000000000000, 1.000000000000000000, 1.000000000000000000 ) ;
#3441 = CARTESIAN_POINT ( 'NONE',  ( 1.200000000000001066, 0.2599999999999999534, 0.4999999999999997780 ) ) ;
#3442 = AXIS2_PLACEMENT_3D ( 'NONE', #3368, #504, #2552 ) ;
#3443 = VERTEX_POINT ( 'NONE', #2228 ) ;
#3444 = LINE ( 'NONE', #3145, #863 ) ;
#3445 = CARTESIAN_POINT ( 'NONE',  ( 1.400000000000001021, 0.2599999999999999534, 0.1999999999999999001 ) ) ;
#3446 = ORIENTED_EDGE ( 'NONE', *, *, #2231, .T. ) ;
#3447 = ORIENTED_EDGE ( 'NONE', *, *, #1879, .F. ) ;
#3448 = UNCERTAINTY_MEASURE_WITH_UNIT (LENGTH_MEASURE( 1.000000000000000082E-05 ), #1204, 'distance_accuracy_value', 'NONE');
#3449 = ADVANCED_FACE ( 'NONE', ( #2211 ), #1056, .F. ) ;
#3450 = SURFACE_SIDE_STYLE ('',( #815 ) ) ;
#3451 = ORIENTED_EDGE ( 'NONE', *, *, #2958, .F. ) ;
#3452 =( NAMED_UNIT ( * ) SI_UNIT ( $, .STERADIAN. ) SOLID_ANGLE_UNIT ( ) );
#3453 = ADVANCED_FACE ( 'NONE', ( #3714 ), #1664, .T. ) ;
#3454 = EDGE_CURVE ( 'NONE', #2308, #3110, #2245, .T. ) ;
#3455 = CARTESIAN_POINT ( 'NONE',  ( -0.6999999999999989564, 0.1099999999999999867, -0.2000000000000003997 ) ) ;
#3456 = LINE ( 'NONE', #1206, #3746 ) ;
#3457 = CARTESIAN_POINT ( 'NONE',  ( 1.200000000000001066, 0.2400000000000000189, 0.1999999999999999278 ) ) ;
#3458 = FILL_AREA_STYLE_COLOUR ( '', #2892 ) ;
#3459 = ORIENTED_EDGE ( 'NONE', *, *, #91, .T. ) ;
#3460 = CARTESIAN_POINT ( 'NONE',  ( -0.4999999999999990563, 0.1099999999999999867, 0.1999999999999999278 ) ) ;
#3461 = SURFACE_STYLE_USAGE ( .BOTH. , #3 ) ;
#3462 = ORIENTED_EDGE ( 'NONE', *, *, #1652, .F. ) ;
#3463 = CARTESIAN_POINT ( 'NONE',  ( -1.800000000000000044, 0.2599999999999999534, -0.2000000000000003719 ) ) ;
#3464 = SURFACE_STYLE_FILL_AREA ( #2067 ) ;
#3465 = LINE ( 'NONE', #239, #515 ) ;
#3466 = ORIENTED_EDGE ( 'NONE', *, *, #1331, .T. ) ;
#3467 = SURFACE_STYLE_FILL_AREA ( #3758 ) ;
#3468 = EDGE_CURVE ( 'NONE', #3249, #542, #1388, .T. ) ;
#3469 = DIRECTION ( 'NONE',  ( 1.000000000000000000, 0.000000000000000000, -5.421010862427512309E-16 ) ) ;
#3470 = FACE_OUTER_BOUND ( 'NONE', #3411, .T. ) ;
#3471 = EDGE_CURVE ( 'NONE', #784, #3690, #1718, .T. ) ;
#3472 = CARTESIAN_POINT ( 'NONE',  ( -0.4999999999999990563, 0.1099999999999999867, 0.1999999999999999278 ) ) ;
#3473 = EDGE_CURVE ( 'NONE', #3148, #398, #1154, .T. ) ;
#3474 = PLANE ( 'NONE',  #319 ) ;
#3475 = SURFACE_STYLE_FILL_AREA ( #2650 ) ;
#3476 =( NAMED_UNIT ( * ) SI_UNIT ( $, .STERADIAN. ) SOLID_ANGLE_UNIT ( ) );
#3477 = ORIENTED_EDGE ( 'NONE', *, *, #227, .F. ) ;
#3478 = CARTESIAN_POINT ( 'NONE',  ( 1.200000000000001066, 0.1099999999999999867, 0.1999999999999999278 ) ) ;
#3479 = CARTESIAN_POINT ( 'NONE',  ( 0.3000000000000009326, 0.1099999999999999867, 0.1999999999999999833 ) ) ;
#3480 =( NAMED_UNIT ( * ) PLANE_ANGLE_UNIT ( ) SI_UNIT ( $, .RADIAN. ) );
#3481 = ORIENTED_EDGE ( 'NONE', *, *, #2213, .F. ) ;
#3482 =( NAMED_UNIT ( * ) PLANE_ANGLE_UNIT ( ) SI_UNIT ( $, .RADIAN. ) );
#3483 = LINE ( 'NONE', #2340, #2748 ) ;
#3484 = DIRECTION ( 'NONE',  ( 1.000000000000000000, 0.000000000000000000, -0.000000000000000000 ) ) ;
#3485 = UNCERTAINTY_MEASURE_WITH_UNIT (LENGTH_MEASURE( 1.000000000000000082E-05 ), #904, 'distance_accuracy_value', 'NONE');
#3486 = STYLED_ITEM ( 'NONE', ( #2959 ), #418 ) ;
#3487 = PRESENTATION_STYLE_ASSIGNMENT (( #2614 ) ) ;
#3488 = DIRECTION ( 'NONE',  ( -0.000000000000000000, 1.000000000000000000, -0.000000000000000000 ) ) ;
#3489 = VECTOR ( 'NONE', #2910, 1000.000000000000000 ) ;
#3490 =( GEOMETRIC_REPRESENTATION_CONTEXT ( 3 ) GLOBAL_UNCERTAINTY_ASSIGNED_CONTEXT ( ( #2866 ) ) GLOBAL_UNIT_ASSIGNED_CONTEXT ( ( #3099, #781, #3142 ) ) REPRESENTATION_CONTEXT ( 'NONE', 'WORKASPACE' ) );
#3491 = VERTEX_POINT ( 'NONE', #3531 ) ;
#3492 = FACE_OUTER_BOUND ( 'NONE', #905, .T. ) ;
#3493 = PRESENTATION_LAYER_ASSIGNMENT (  '', '', ( #2686 ) ) ;
#3494 = MECHANICAL_DESIGN_GEOMETRIC_PRESENTATION_REPRESENTATION (  '', ( #679 ), #2330 ) ;
#3495 = SURFACE_SIDE_STYLE ('',( #2305 ) ) ;
#3496 = DIRECTION ( 'NONE',  ( -1.000000000000000000, -0.000000000000000000, -0.000000000000000000 ) ) ;
#3497 = VECTOR ( 'NONE', #2100, 1000.000000000000000 ) ;
#3498 = SURFACE_STYLE_FILL_AREA ( #2324 ) ;
#3499 = LINE ( 'NONE', #2058, #2621 ) ;
#3500 = VECTOR ( 'NONE', #2876, 1000.000000000000000 ) ;
#3501 = DIRECTION ( 'NONE',  ( -1.000000000000000000, -0.000000000000000000, -0.000000000000000000 ) ) ;
#3502 = PRESENTATION_LAYER_ASSIGNMENT (  '', '', ( #275 ) ) ;
#3503 = AXIS2_PLACEMENT_3D ( 'NONE', #2563, #1148, #2837 ) ;
#3504 = ORIENTED_EDGE ( 'NONE', *, *, #1607, .T. ) ;
#3505 = VERTEX_POINT ( 'NONE', #899 ) ;
#3506 = CARTESIAN_POINT ( 'NONE',  ( 1.800000000000000266, 0.1099999999999999867, -0.1999999999999999556 ) ) ;
#3507 = PRESENTATION_LAYER_ASSIGNMENT (  '', '', ( #1619 ) ) ;
#3508 = DIRECTION ( 'NONE',  ( -1.000000000000000000, 0.000000000000000000, 7.228014483236694583E-16 ) ) ;
#3509 = LINE ( 'NONE', #656, #518 ) ;
#3510 = VECTOR ( 'NONE', #767, 1000.000000000000000 ) ;
#3511 = FILL_AREA_STYLE ('',( #541 ) ) ;
#3512 = EDGE_LOOP ( 'NONE', ( #383, #2182, #516, #1365 ) ) ;
#3513 = CARTESIAN_POINT ( 'NONE',  ( -1.800000000000000044, 0.2599999999999999534, -0.5000000000000000000 ) ) ;
#3514 =( GEOMETRIC_REPRESENTATION_CONTEXT ( 3 ) GLOBAL_UNCERTAINTY_ASSIGNED_CONTEXT ( ( #1987 ) ) GLOBAL_UNIT_ASSIGNED_CONTEXT ( ( #598, #836, #2869 ) ) REPRESENTATION_CONTEXT ( 'NONE', 'WORKASPACE' ) );
#3515 = FILL_AREA_STYLE_COLOUR ( '', #3615 ) ;
#3516 = DIRECTION ( 'NONE',  ( -1.000000000000000000, 0.000000000000000000, 0.000000000000000000 ) ) ;
#3517 = LINE ( 'NONE', #3223, #2645 ) ;
#3518 = CARTESIAN_POINT ( 'NONE',  ( -0.4999999999999990563, 0.2599999999999999534, 0.1999999999999999278 ) ) ;
#3519 = EDGE_CURVE ( 'NONE', #1768, #3005, #2467, .T. ) ;
#3520 =( NAMED_UNIT ( * ) PLANE_ANGLE_UNIT ( ) SI_UNIT ( $, .RADIAN. ) );
#3521 = EDGE_CURVE ( 'NONE', #703, #8, #531, .T. ) ;
#3522 = VERTEX_POINT ( 'NONE', #3141 ) ;
#3523 =( LENGTH_UNIT ( ) NAMED_UNIT ( * ) SI_UNIT ( .MILLI., .METRE. ) );
#3524 = EDGE_CURVE ( 'NONE', #1628, #709, #3736, .T. ) ;
#3525 = UNCERTAINTY_MEASURE_WITH_UNIT (LENGTH_MEASURE( 1.000000000000000082E-05 ), #2664, 'distance_accuracy_value', 'NONE');
#3526 = CARTESIAN_POINT ( 'NONE',  ( 1.200000000000001066, 0.2400000000000000189, 0.1999999999999999278 ) ) ;
#3527 = EDGE_LOOP ( 'NONE', ( #87, #2405, #1332, #571 ) ) ;
#3528 = ORIENTED_EDGE ( 'NONE', *, *, #808, .T. ) ;
#3529 = CARTESIAN_POINT ( 'NONE',  ( -1.199999999999998845, 0.2599999999999999534, 0.5000000000000000000 ) ) ;
#3530 = SURFACE_STYLE_USAGE ( .BOTH. , #2430 ) ;
#3531 = CARTESIAN_POINT ( 'NONE',  ( -1.599999999999999867, 0.1099999999999999867, -0.2000000000000003997 ) ) ;
#3532 = SURFACE_STYLE_USAGE ( .BOTH. , #2367 ) ;
#3533 = FILL_AREA_STYLE ('',( #2075 ) ) ;
#3534 = CARTESIAN_POINT ( 'NONE',  ( -1.899999999999999467, 0.2400000000000000189, 0.5000000000000000000 ) ) ;
#3535 =( NAMED_UNIT ( * ) PLANE_ANGLE_UNIT ( ) SI_UNIT ( $, .RADIAN. ) );
#3536 = FILL_AREA_STYLE_COLOUR ( '', #2878 ) ;
#3537 = ADVANCED_FACE ( 'NONE', ( #1980 ), #2623, .T. ) ;
#3538 = VERTEX_POINT ( 'NONE', #2322 ) ;
#3539 = DIRECTION ( 'NONE',  ( -1.000000000000000000, 0.000000000000000000, 1.355252715606880049E-16 ) ) ;
#3540 = EDGE_CURVE ( 'NONE', #1591, #2298, #3456, .T. ) ;
#3541 = COLOUR_RGB ( '',1.000000000000000000, 1.000000000000000000, 1.000000000000000000 ) ;
#3542 = PRESENTATION_STYLE_ASSIGNMENT (( #288 ) ) ;
#3543 = DIRECTION ( 'NONE',  ( 0.000000000000000000, -0.000000000000000000, 1.000000000000000000 ) ) ;
#3544 = VERTEX_POINT ( 'NONE', #2856 ) ;
#3545 = VECTOR ( 'NONE', #2026, 1000.000000000000000 ) ;
#3546 = VECTOR ( 'NONE', #1524, 1000.000000000000000 ) ;
#3547 = DIRECTION ( 'NONE',  ( 3.614007241618347785E-16, -0.000000000000000000, -1.000000000000000000 ) ) ;
#3548 = FILL_AREA_STYLE ('',( #2659 ) ) ;
#3549 = ORIENTED_EDGE ( 'NONE', *, *, #47, .F. ) ;
#3550 = AXIS2_PLACEMENT_3D ( 'NONE', #1689, #3651, #2917 ) ;
#3551 = AXIS2_PLACEMENT_3D ( 'NONE', #794, #1715, #1699 ) ;
#3552 = PLANE ( 'NONE',  #1547 ) ;
#3553 = VECTOR ( 'NONE', #2488, 1000.000000000000000 ) ;
#3554 = MECHANICAL_DESIGN_GEOMETRIC_PRESENTATION_REPRESENTATION (  '', ( #1483 ), #2879 ) ;
#3555 = DIRECTION ( 'NONE',  ( -0.000000000000000000, -0.000000000000000000, 1.000000000000000000 ) ) ;
#3556 = SURFACE_SIDE_STYLE ('',( #350 ) ) ;
#3557 = VECTOR ( 'NONE', #725, 1000.000000000000000 ) ;
#3558 = LINE ( 'NONE', #943, #3497 ) ;
#3559 = AXIS2_PLACEMENT_3D ( 'NONE', #3219, #3713, #1153 ) ;
#3560 = VERTEX_POINT ( 'NONE', #883 ) ;
#3561 = CARTESIAN_POINT ( 'NONE',  ( -0.4999999999999990563, 0.2400000000000000189, 0.1999999999999999278 ) ) ;
#3562 = UNCERTAINTY_MEASURE_WITH_UNIT (LENGTH_MEASURE( 1.000000000000000082E-05 ), #581, 'distance_accuracy_value', 'NONE');
#3563 = MECHANICAL_DESIGN_GEOMETRIC_PRESENTATION_REPRESENTATION (  '', ( #2761 ), #89 ) ;
#3564 = SURFACE_STYLE_USAGE ( .BOTH. , #694 ) ;
#3565 =( NAMED_UNIT ( * ) PLANE_ANGLE_UNIT ( ) SI_UNIT ( $, .RADIAN. ) );
#3566 = ORIENTED_EDGE ( 'NONE', *, *, #2283, .T. ) ;
#3567 = SURFACE_STYLE_USAGE ( .BOTH. , #601 ) ;
#3568 = EDGE_CURVE ( 'NONE', #3343, #696, #3220, .T. ) ;
#3569 = CARTESIAN_POINT ( 'NONE',  ( -1.599999999999999867, 0.2400000000000000189, -0.2000000000000003997 ) ) ;
#3570 = DIRECTION ( 'NONE',  ( 1.000000000000000000, 0.000000000000000000, 0.000000000000000000 ) ) ;
#3571 = DIRECTION ( 'NONE',  ( 1.000000000000000000, 0.000000000000000000, -1.355252715606880049E-16 ) ) ;
#3572 = ORIENTED_EDGE ( 'NONE', *, *, #1634, .F. ) ;
#3573 =( NAMED_UNIT ( * ) SI_UNIT ( $, .STERADIAN. ) SOLID_ANGLE_UNIT ( ) );
#3574 = EDGE_CURVE ( 'NONE', #3369, #1085, #587, .T. ) ;
#3575 =( NAMED_UNIT ( * ) SI_UNIT ( $, .STERADIAN. ) SOLID_ANGLE_UNIT ( ) );
#3576 = CARTESIAN_POINT ( 'NONE',  ( 1.200000000000001066, 0.1099999999999999867, 0.4999999999999997780 ) ) ;
#3577 = ORIENTED_EDGE ( 'NONE', *, *, #2396, .F. ) ;
#3578 = CARTESIAN_POINT ( 'NONE',  ( 1.400000000000000355, 0.2400000000000000189, 0.5000000000000000000 ) ) ;
#3579 = FILL_AREA_STYLE ('',( #1271 ) ) ;
#3580 = ORIENTED_EDGE ( 'NONE', *, *, #3519, .F. ) ;
#3581 = ORIENTED_EDGE ( 'NONE', *, *, #2400, .T. ) ;
#3582 = PLANE ( 'NONE',  #2146 ) ;
#3583 = FACE_OUTER_BOUND ( 'NONE', #104, .T. ) ;
#3584 = CARTESIAN_POINT ( 'NONE',  ( 0.6999999999999999556, 0.1099999999999999867, -0.1999999999999999278 ) ) ;
#3585 = ORIENTED_EDGE ( 'NONE', *, *, #371, .T. ) ;
#3586 = ADVANCED_FACE ( 'NONE', ( #2291 ), #3179, .F. ) ;
#3587 = SURFACE_STYLE_FILL_AREA ( #1869 ) ;
#3588 = ADVANCED_FACE ( 'NONE', ( #245 ), #292, .F. ) ;
#3589 = FILL_AREA_STYLE_COLOUR ( '', #2041 ) ;
#3590 = EDGE_CURVE ( 'NONE', #2797, #225, #934, .T. ) ;
#3591 = CARTESIAN_POINT ( 'NONE',  ( -0.6999999999999990674, 0.1099999999999999867, -0.5000000000000001110 ) ) ;
#3592 = CARTESIAN_POINT ( 'NONE',  ( 0.5000000000000011102, 0.2599999999999999534, 0.1999999999999999001 ) ) ;
#3593 = ORIENTED_EDGE ( 'NONE', *, *, #1095, .F. ) ;
#3594 = PRODUCT ( 'AQ7538-08UTG', 'AQ7538-08UTG', '', ( #2261 ) ) ;
#3595 = DIRECTION ( 'NONE',  ( -0.000000000000000000, -1.000000000000000000, -0.000000000000000000 ) ) ;
#3596 = UNCERTAINTY_MEASURE_WITH_UNIT (LENGTH_MEASURE( 1.000000000000000082E-05 ), #2281, 'distance_accuracy_value', 'NONE');
#3597 = CARTESIAN_POINT ( 'NONE',  ( -0.4999999999999990563, 0.1099999999999999867, 0.1999999999999999278 ) ) ;
#3598 = CARTESIAN_POINT ( 'NONE',  ( -1.599999999999999867, 0.1099999999999999867, -0.2000000000000003997 ) ) ;
#3599 = EDGE_LOOP ( 'NONE', ( #3675, #1132, #3188, #2165 ) ) ;
#3600 = FACE_OUTER_BOUND ( 'NONE', #927, .T. ) ;
#3601 = VERTEX_POINT ( 'NONE', #675 ) ;
#3602 = CARTESIAN_POINT ( 'NONE',  ( 0.9000000000000001332, 0.1099999999999999867, -0.1999999999999999556 ) ) ;
#3603 = VECTOR ( 'NONE', #2943, 1000.000000000000000 ) ;
#3604 = LINE ( 'NONE', #643, #1684 ) ;
#3605 = VERTEX_POINT ( 'NONE', #1219 ) ;
#3606 = LINE ( 'NONE', #993, #3171 ) ;
#3607 = VECTOR ( 'NONE', #780, 1000.000000000000000 ) ;
#3608 = SURFACE_SIDE_STYLE ('',( #368 ) ) ;
#3609 = AXIS2_PLACEMENT_3D ( 'NONE', #678, #1262, #2189 ) ;
#3610 = CARTESIAN_POINT ( 'NONE',  ( 0.3000000000000009326, 0.2400000000000000189, 0.1999999999999999833 ) ) ;
#3611 = ORIENTED_EDGE ( 'NONE', *, *, #766, .F. ) ;
#3612 = AXIS2_PLACEMENT_3D ( 'NONE', #2410, #2995, #960 ) ;
#3613 = DIRECTION ( 'NONE',  ( -7.228014483236692611E-16, 0.000000000000000000, -1.000000000000000000 ) ) ;
#3614 = COLOUR_RGB ( '',1.000000000000000000, 1.000000000000000000, 1.000000000000000000 ) ;
#3615 = COLOUR_RGB ( '',1.000000000000000000, 1.000000000000000000, 1.000000000000000000 ) ;
#3616 = CARTESIAN_POINT ( 'NONE',  ( 1.600000000000000089, 0.1099999999999999867, -0.5000000000000002220 ) ) ;
#3617 = ORIENTED_EDGE ( 'NONE', *, *, #1210, .F. ) ;
#3618 = ORIENTED_EDGE ( 'NONE', *, *, #650, .T. ) ;
#3619 = PLANE ( 'NONE',  #994 ) ;
#3620 =( GEOMETRIC_REPRESENTATION_CONTEXT ( 3 ) GLOBAL_UNCERTAINTY_ASSIGNED_CONTEXT ( ( #612 ) ) GLOBAL_UNIT_ASSIGNED_CONTEXT ( ( #2265, #3734, #585 ) ) REPRESENTATION_CONTEXT ( 'NONE', 'WORKASPACE' ) );
#3621 = PRESENTATION_LAYER_ASSIGNMENT (  '', '', ( #1857 ) ) ;
#3622 = SURFACE_STYLE_USAGE ( .BOTH. , #3062 ) ;
#3623 = EDGE_LOOP ( 'NONE', ( #699, #2005, #1893, #1545 ) ) ;
#3624 = LINE ( 'NONE', #2703, #2684 ) ;
#3625 = PRESENTATION_LAYER_ASSIGNMENT (  '', '', ( #3330 ) ) ;
#3626 = FACE_OUTER_BOUND ( 'NONE', #1013, .T. ) ;
#3627 = CARTESIAN_POINT ( 'NONE',  ( -1.399999999999999023, 0.1099999999999999867, 0.1999999999999999278 ) ) ;
#3628 = CARTESIAN_POINT ( 'NONE',  ( 1.600000000000000089, 0.1099999999999999867, -0.5000000000000002220 ) ) ;
#3629 = FILL_AREA_STYLE ('',( #896 ) ) ;
#3630 = ORIENTED_EDGE ( 'NONE', *, *, #3157, .T. ) ;
#3631 = EDGE_CURVE ( 'NONE', #539, #3059, #3240, .T. ) ;
#3632 = SURFACE_SIDE_STYLE ('',( #1084 ) ) ;
#3633 = PLANE ( 'NONE',  #745 ) ;
#3634 = EDGE_CURVE ( 'NONE', #2093, #986, #98, .T. ) ;
#3635 = EDGE_LOOP ( 'NONE', ( #3203, #3271, #1732, #3293 ) ) ;
#3636 = EDGE_CURVE ( 'NONE', #3322, #703, #1278, .T. ) ;
#3637 = ORIENTED_EDGE ( 'NONE', *, *, #1264, .F. ) ;
#3638 = DIRECTION ( 'NONE',  ( 0.000000000000000000, 0.000000000000000000, -1.000000000000000000 ) ) ;
#3639 = PLANE ( 'NONE',  #2472 ) ;
#3640 = VERTEX_POINT ( 'NONE', #3280 ) ;
#3641 = LINE ( 'NONE', #1033, #1291 ) ;
#3642 = DIRECTION ( 'NONE',  ( -1.000000000000000000, 0.000000000000000000, 1.355252715606880789E-16 ) ) ;
#3643 = DIRECTION ( 'NONE',  ( 0.000000000000000000, -1.000000000000000000, 0.000000000000000000 ) ) ;
#3644 = CARTESIAN_POINT ( 'NONE',  ( -1.800000000000000044, 0.1099999999999999867, -0.5000000000000000000 ) ) ;
#3645 = DIRECTION ( 'NONE',  ( 0.000000000000000000, 0.000000000000000000, -1.000000000000000000 ) ) ;
#3646 = ORIENTED_EDGE ( 'NONE', *, *, #766, .T. ) ;
#3647 =( NAMED_UNIT ( * ) PLANE_ANGLE_UNIT ( ) SI_UNIT ( $, .RADIAN. ) );
#3648 = FILL_AREA_STYLE ('',( #1329 ) ) ;
#3649 = CARTESIAN_POINT ( 'NONE',  ( -0.1000000000000000056, 0.2400000000000000189, -0.5000000000000003331 ) ) ;
#3650 = VERTEX_POINT ( 'NONE', #382 ) ;
#3651 = DIRECTION ( 'NONE',  ( -1.000000000000000000, 0.000000000000000000, 3.614007241618347292E-16 ) ) ;
#3652 = EDGE_LOOP ( 'NONE', ( #505, #660, #2819, #1237 ) ) ;
#3653 = CARTESIAN_POINT ( 'NONE',  ( 0.6999999999999998446, 0.1099999999999999867, -0.5000000000000000000 ) ) ;
#3654 = ADVANCED_FACE ( 'NONE', ( #2127 ), #2419, .F. ) ;
#3655 = PRESENTATION_STYLE_ASSIGNMENT (( #1072 ) ) ;
#3656 = ORIENTED_EDGE ( 'NONE', *, *, #3678, .T. ) ;
#3657 = VECTOR ( 'NONE', #3089, 1000.000000000000000 ) ;
#3658 = FACE_OUTER_BOUND ( 'NONE', #2863, .T. ) ;
#3659 = CARTESIAN_POINT ( 'NONE',  ( -0.6999999999999990674, 0.1099999999999999867, -0.5000000000000001110 ) ) ;
#3660 = DIRECTION ( 'NONE',  ( -1.000000000000000000, 0.000000000000000000, 0.000000000000000000 ) ) ;
#3661 =( GEOMETRIC_REPRESENTATION_CONTEXT ( 3 ) GLOBAL_UNCERTAINTY_ASSIGNED_CONTEXT ( ( #3167 ) ) GLOBAL_UNIT_ASSIGNED_CONTEXT ( ( #942, #1799, #2079 ) ) REPRESENTATION_CONTEXT ( 'NONE', 'WORKASPACE' ) );
#3662 = CARTESIAN_POINT ( 'NONE',  ( -0.8999999999999991340, 0.1099999999999999867, -0.5000000000000001110 ) ) ;
#3663 = VERTEX_POINT ( 'NONE', #2404 ) ;
#3664 = DIRECTION ( 'NONE',  ( -1.000000000000000000, 0.000000000000000000, 0.000000000000000000 ) ) ;
#3665 = PRESENTATION_STYLE_ASSIGNMENT (( #3394 ) ) ;
#3666 = VECTOR ( 'NONE', #3107, 1000.000000000000000 ) ;
#3667 = CIRCLE ( 'NONE', #684, 0.03708142713339462881 ) ;
#3668 = ORIENTED_EDGE ( 'NONE', *, *, #716, .T. ) ;
#3669 = EDGE_LOOP ( 'NONE', ( #252, #1584, #855, #1127, #2124, #1918, #583, #894, #236, #1383, #3007, #2845, #3124, #3039, #3577, #1279, #1536, #3668, #2982, #3281 ) ) ;
#3670 = PRESENTATION_STYLE_ASSIGNMENT (( #2492 ) ) ;
#3671 = COLOUR_RGB ( '',1.000000000000000000, 1.000000000000000000, 1.000000000000000000 ) ;
#3672 = CARTESIAN_POINT ( 'NONE',  ( 0.9000000000000002442, 0.1099999999999999867, -0.5000000000000000000 ) ) ;
#3673 = CARTESIAN_POINT ( 'NONE',  ( -1.599999999999999867, 0.2599999999999999534, -0.5000000000000000000 ) ) ;
#3674 = PRESENTATION_LAYER_ASSIGNMENT (  '', '', ( #2149 ) ) ;
#3675 = ORIENTED_EDGE ( 'NONE', *, *, #437, .T. ) ;
#3676 = CARTESIAN_POINT ( 'NONE',  ( 0.000000000000000000, 0.1099999999999999867, 0.000000000000000000 ) ) ;
#3677 = EDGE_CURVE ( 'NONE', #3689, #93, #2455, .T. ) ;
#3678 = EDGE_CURVE ( 'NONE', #3601, #1314, #3604, .T. ) ;
#3679 = PRESENTATION_LAYER_ASSIGNMENT (  '', '', ( #3738 ) ) ;
#3680 = DIRECTION ( 'NONE',  ( 0.000000000000000000, -0.000000000000000000, -1.000000000000000000 ) ) ;
#3681 = EDGE_CURVE ( 'NONE', #3640, #3232, #3264, .T. ) ;
#3682 = MECHANICAL_DESIGN_GEOMETRIC_PRESENTATION_REPRESENTATION (  '', ( #1553 ), #2585 ) ;
#3683 = CARTESIAN_POINT ( 'NONE',  ( 1.800000000000000266, 0.1099999999999999867, -0.1999999999999999556 ) ) ;
#3684 =( NAMED_UNIT ( * ) SI_UNIT ( $, .STERADIAN. ) SOLID_ANGLE_UNIT ( ) );
#3685 = ORIENTED_EDGE ( 'NONE', *, *, #3422, .T. ) ;
#3686 = DIRECTION ( 'NONE',  ( -1.000000000000000000, 0.000000000000000000, 0.000000000000000000 ) ) ;
#3687 = VECTOR ( 'NONE', #2678, 1000.000000000000000 ) ;
#3688 = CARTESIAN_POINT ( 'NONE',  ( 0.9000000000000001332, 0.2599999999999999534, -0.1999999999999999556 ) ) ;
#3689 = VERTEX_POINT ( 'NONE', #3584 ) ;
#3690 = VERTEX_POINT ( 'NONE', #1810 ) ;
#3691 = DIRECTION ( 'NONE',  ( -0.000000000000000000, -1.000000000000000000, -0.000000000000000000 ) ) ;
#3692 = CARTESIAN_POINT ( 'NONE',  ( -1.199999999999999067, 0.1099999999999999867, 0.1999999999999999001 ) ) ;
#3693 =( NAMED_UNIT ( * ) PLANE_ANGLE_UNIT ( ) SI_UNIT ( $, .RADIAN. ) );
#3694 = CARTESIAN_POINT ( 'NONE',  ( -0.2999999999999989342, 0.2599999999999999534, 0.1999999999999999001 ) ) ;
#3695 = ORIENTED_EDGE ( 'NONE', *, *, #862, .F. ) ;
#3696 = ADVANCED_FACE ( 'NONE', ( #75 ), #1543, .F. ) ;
#3697 =( NAMED_UNIT ( * ) PLANE_ANGLE_UNIT ( ) SI_UNIT ( $, .RADIAN. ) );
#3698 =( NAMED_UNIT ( * ) SI_UNIT ( $, .STERADIAN. ) SOLID_ANGLE_UNIT ( ) );
#3699 = FACE_OUTER_BOUND ( 'NONE', #2508, .T. ) ;
#3700 = EDGE_CURVE ( 'NONE', #3256, #259, #2952, .T. ) ;
#3701 = DIRECTION ( 'NONE',  ( -0.000000000000000000, 1.000000000000000000, -0.000000000000000000 ) ) ;
#3702 = CARTESIAN_POINT ( 'NONE',  ( -0.6999999999999989564, 0.1099999999999999867, -0.2000000000000003997 ) ) ;
#3703 = ORIENTED_EDGE ( 'NONE', *, *, #838, .T. ) ;
#3704 = CARTESIAN_POINT ( 'NONE',  ( 0.1000000000000000056, 0.1099999999999999867, -0.5000000000000003331 ) ) ;
#3705 = DIRECTION ( 'NONE',  ( 0.000000000000000000, 0.000000000000000000, 1.000000000000000000 ) ) ;
#3706 = ORIENTED_EDGE ( 'NONE', *, *, #547, .T. ) ;
#3707 = ORIENTED_EDGE ( 'NONE', *, *, #891, .F. ) ;
#3708 = LINE ( 'NONE', #3301, #1054 ) ;
#3709 = FACE_OUTER_BOUND ( 'NONE', #837, .T. ) ;
#3710 = LINE ( 'NONE', #1953, #148 ) ;
#3711 = ORIENTED_EDGE ( 'NONE', *, *, #308, .F. ) ;
#3712 = LINE ( 'NONE', #1110, #2568 ) ;
#3713 = DIRECTION ( 'NONE',  ( 1.355252715606880049E-16, 0.000000000000000000, 1.000000000000000000 ) ) ;
#3714 = FACE_OUTER_BOUND ( 'NONE', #16, .T. ) ;
#3715 = FACE_OUTER_BOUND ( 'NONE', #99, .T. ) ;
#3716 = DIRECTION ( 'NONE',  ( 1.000000000000000000, 0.000000000000000000, -1.807003620809174139E-16 ) ) ;
#3717 = CARTESIAN_POINT ( 'NONE',  ( -0.4999999999999990563, 0.1099999999999999867, 0.4999999999999998890 ) ) ;
#3718 = AXIS2_PLACEMENT_3D ( 'NONE', #3744, #3162, #1143 ) ;
#3719 = ORIENTED_EDGE ( 'NONE', *, *, #2517, .T. ) ;
#3720 = CARTESIAN_POINT ( 'NONE',  ( 1.200000000000001066, 0.2599999999999999534, 0.4999999999999997780 ) ) ;
#3721 = ADVANCED_FACE ( 'NONE', ( #2701 ), #1510, .F. ) ;
#3722 = PRESENTATION_LAYER_ASSIGNMENT (  '', '', ( #3237 ) ) ;
#3723 = ORIENTED_EDGE ( 'NONE', *, *, #2670, .T. ) ;
#3724 = PRESENTATION_LAYER_ASSIGNMENT (  '', '', ( #1534 ) ) ;
#3725 = FILL_AREA_STYLE ('',( #3429 ) ) ;
#3726 = VECTOR ( 'NONE', #2865, 1000.000000000000000 ) ;
#3728 = EDGE_CURVE ( 'NONE', #3256, #1025, #1902, .T. ) ;
#3727 = FACE_OUTER_BOUND ( 'NONE', #928, .T. ) ;
#3729 = VECTOR ( 'NONE', #790, 1000.000000000000000 ) ;
#3730 = APPLICATION_PROTOCOL_DEFINITION ( 'draft international standard', 'automotive_design', 1998, #1863 ) ;
#3731 = ORIENTED_EDGE ( 'NONE', *, *, #1516, .T. ) ;
#3732 =( NAMED_UNIT ( * ) PLANE_ANGLE_UNIT ( ) SI_UNIT ( $, .RADIAN. ) );
#3733 = VECTOR ( 'NONE', #1303, 1000.000000000000000 ) ;
#3734 =( NAMED_UNIT ( * ) PLANE_ANGLE_UNIT ( ) SI_UNIT ( $, .RADIAN. ) );
#3735 =( GEOMETRIC_REPRESENTATION_CONTEXT ( 3 ) GLOBAL_UNCERTAINTY_ASSIGNED_CONTEXT ( ( #238 ) ) GLOBAL_UNIT_ASSIGNED_CONTEXT ( ( #2739, #1222, #101 ) ) REPRESENTATION_CONTEXT ( 'NONE', 'WORKASPACE' ) );
#3736 = LINE ( 'NONE', #2569, #3260 ) ;
#3737 = CARTESIAN_POINT ( 'NONE',  ( -0.09999999999999995004, 0.1099999999999999867, -0.2000000000000003719 ) ) ;
#3738 = STYLED_ITEM ( 'NONE', ( #3655 ), #2840 ) ;
#3739 = SURFACE_STYLE_USAGE ( .BOTH. , #2328 ) ;
#3740 =( LENGTH_UNIT ( ) NAMED_UNIT ( * ) SI_UNIT ( .MILLI., .METRE. ) );
#3741 = MECHANICAL_DESIGN_GEOMETRIC_PRESENTATION_REPRESENTATION (  '', ( #1619 ), #2827 ) ;
#3742 = ORIENTED_EDGE ( 'NONE', *, *, #1441, .T. ) ;
#3743 = DIRECTION ( 'NONE',  ( 0.000000000000000000, 0.000000000000000000, 1.000000000000000000 ) ) ;
#3744 = CARTESIAN_POINT ( 'NONE',  ( -1.899999999999999467, 0.2400000000000000189, -0.5000000000000000000 ) ) ;
#3745 = UNCERTAINTY_MEASURE_WITH_UNIT (LENGTH_MEASURE( 1.000000000000000082E-05 ), #1866, 'distance_accuracy_value', 'NONE');
#3746 = VECTOR ( 'NONE', #3496, 1000.000000000000000 ) ;
#3747 =( LENGTH_UNIT ( ) NAMED_UNIT ( * ) SI_UNIT ( .MILLI., .METRE. ) );
#3748 = ADVANCED_FACE ( 'NONE', ( #1881 ), #3639, .F. ) ;
#3749 = ORIENTED_EDGE ( 'NONE', *, *, #2580, .F. ) ;
#3750 = PRESENTATION_LAYER_ASSIGNMENT (  '', '', ( #1625 ) ) ;
#3751 = ORIENTED_EDGE ( 'NONE', *, *, #977, .T. ) ;
#3752 =( NAMED_UNIT ( * ) PLANE_ANGLE_UNIT ( ) SI_UNIT ( $, .RADIAN. ) );
#3753 = UNCERTAINTY_MEASURE_WITH_UNIT (LENGTH_MEASURE( 1.000000000000000082E-05 ), #2680, 'distance_accuracy_value', 'NONE');
#3754 = ADVANCED_FACE ( 'NONE', ( #1627 ), #2796, .F. ) ;
#3755 = DIRECTION ( 'NONE',  ( -9.035018104045873159E-17, 0.000000000000000000, -1.000000000000000000 ) ) ;
#3756 = EDGE_CURVE ( 'NONE', #491, #3148, #3115, .T. ) ;
#3757 = ORIENTED_EDGE ( 'NONE', *, *, #91, .F. ) ;
#3758 = FILL_AREA_STYLE ('',( #517 ) ) ;
#3759 = DIRECTION ( 'NONE',  ( 3.614007241618347292E-16, 0.000000000000000000, 1.000000000000000000 ) ) ;
#3760 = DIRECTION ( 'NONE',  ( -1.000000000000000000, 0.000000000000000000, 4.065758146820638669E-16 ) ) ;
#3761 = CARTESIAN_POINT ( 'NONE',  ( 0.1000000000000000056, 0.2400000000000000189, -0.5000000000000003331 ) ) ;
#3762 = LINE ( 'NONE', #2269, #2441 ) ;
#3763 = DIRECTION ( 'NONE',  ( -1.807003620809174139E-16, 0.000000000000000000, -1.000000000000000000 ) ) ;
#3764 = FILL_AREA_STYLE_COLOUR ( '', #1184 ) ;
#3765 = ORIENTED_EDGE ( 'NONE', *, *, #305, .T. ) ;
ENDSEC;
END-ISO-10303-21;
