ISO-10303-21;
HEADER;
/* Generated by software containing ST-Developer
 * from STEP Tools, Inc. (www.steptools.com) 
 */

FILE_DESCRIPTION(
/* description */ ('STEP AP214'),
/* implementation_level */ '2;1');

FILE_NAME(
/* name */ 'B14B-PASK-1.STEP',
/* time_stamp */ '2025-04-16T16:38:01-05:00',
/* author */ ('barre'),
/* organization */ (' '),
/* preprocessor_version */ 'ST-DEVELOPER v20',
/* originating_system */ 'Autodesk Inventor 2025',
/* authorisation */ '');

FILE_SCHEMA (('AUTOMOTIVE_DESIGN { 1 0 10303 214 3 1 1 }'));
ENDSEC;

DATA;
#10=MECHANICAL_DESIGN_GEOMETRIC_PRESENTATION_REPRESENTATION('',(#3193,#3194,
#3195,#3196,#3197,#3198,#3199,#3200,#3201,#3202,#3203,#3204,#3205,#3206,
#3207,#3208,#3209,#3210,#3211,#3212,#3213,#3214,#3215,#3216,#3217,#3218,
#3219,#3220,#3221,#3222,#3223,#3224,#3225,#3226,#3227,#3228,#3229,#3230,
#3231,#3232,#3233,#3234,#3235,#3236,#3237,#3238,#3239,#3240,#3241,#3242,
#3243,#3244,#3245,#3246,#3247,#3248,#3249,#3250,#3251,#3252,#3253,#3254,
#3255,#3256,#3257,#3258,#3259,#3260,#3261,#3262,#3263,#3264,#3265,#3266,
#3267,#3268,#3269,#3270,#3271,#3272,#3273,#3274,#3275,#3276,#3277,#3278,
#3279,#3280,#3281,#3282,#3283,#3284,#3285,#3286,#3287,#3288,#3289,#3290,
#3291,#3292,#3293,#3294,#3295,#3296,#3297,#3298,#3299,#3300,#3301,#3302,
#3303,#3304,#3305,#3306,#3307,#3308,#3309,#3310,#3311,#3312,#3313,#3314,
#3315,#3316,#3317,#3318,#3319,#3320,#3321,#3322,#3323,#3324,#3325,#3326,
#3327,#3328,#3329,#3330,#3331,#3332,#3333,#3334,#3335,#3336,#3337,#3338,
#3339,#3340,#3341,#3342,#3343,#3344,#3345,#3346,#3347,#3348,#3349,#3350,
#3351,#3352,#3353,#3354,#3355,#3356,#3357,#3358,#3359,#3360,#3361,#3362,
#3363,#3364,#3365,#3366,#3367,#3368,#3369,#3370,#3371,#3372,#3373,#3374,
#3375,#3376,#3377),#5539);
#11=SHAPE_REPRESENTATION_RELATIONSHIP('SRR','None',#5546,#12);
#12=ADVANCED_BREP_SHAPE_REPRESENTATION('',(#13),#5538);
#13=MANIFOLD_SOLID_BREP('Solid1',#3562);
#14=CYLINDRICAL_SURFACE('',#3613,0.400000000000001);
#15=FACE_BOUND('',#234,.T.);
#16=FACE_BOUND('',#235,.T.);
#17=FACE_BOUND('',#236,.T.);
#18=FACE_BOUND('',#237,.T.);
#19=FACE_BOUND('',#238,.T.);
#20=FACE_BOUND('',#239,.T.);
#21=FACE_BOUND('',#240,.T.);
#22=FACE_BOUND('',#241,.T.);
#23=FACE_BOUND('',#242,.T.);
#24=FACE_BOUND('',#243,.T.);
#25=FACE_BOUND('',#244,.T.);
#26=FACE_BOUND('',#245,.T.);
#27=FACE_BOUND('',#246,.T.);
#28=FACE_BOUND('',#247,.T.);
#29=FACE_BOUND('',#248,.T.);
#30=FACE_BOUND('',#254,.T.);
#31=FACE_BOUND('',#255,.T.);
#32=FACE_BOUND('',#363,.T.);
#33=FACE_BOUND('',#364,.T.);
#34=FACE_BOUND('',#365,.T.);
#35=FACE_BOUND('',#366,.T.);
#36=FACE_BOUND('',#367,.T.);
#37=FACE_BOUND('',#368,.T.);
#38=FACE_BOUND('',#369,.T.);
#39=FACE_BOUND('',#370,.T.);
#40=FACE_BOUND('',#371,.T.);
#41=FACE_BOUND('',#372,.T.);
#42=FACE_BOUND('',#373,.T.);
#43=FACE_BOUND('',#374,.T.);
#44=FACE_BOUND('',#375,.T.);
#45=FACE_BOUND('',#376,.T.);
#46=CIRCLE('',#3587,0.400000000000001);
#47=CIRCLE('',#3614,0.400000000000001);
#48=FACE_OUTER_BOUND('',#232,.T.);
#49=FACE_OUTER_BOUND('',#233,.T.);
#50=FACE_OUTER_BOUND('',#249,.T.);
#51=FACE_OUTER_BOUND('',#250,.T.);
#52=FACE_OUTER_BOUND('',#251,.T.);
#53=FACE_OUTER_BOUND('',#252,.T.);
#54=FACE_OUTER_BOUND('',#253,.T.);
#55=FACE_OUTER_BOUND('',#256,.T.);
#56=FACE_OUTER_BOUND('',#257,.T.);
#57=FACE_OUTER_BOUND('',#258,.T.);
#58=FACE_OUTER_BOUND('',#259,.T.);
#59=FACE_OUTER_BOUND('',#260,.T.);
#60=FACE_OUTER_BOUND('',#261,.T.);
#61=FACE_OUTER_BOUND('',#262,.T.);
#62=FACE_OUTER_BOUND('',#263,.T.);
#63=FACE_OUTER_BOUND('',#264,.T.);
#64=FACE_OUTER_BOUND('',#265,.T.);
#65=FACE_OUTER_BOUND('',#266,.T.);
#66=FACE_OUTER_BOUND('',#267,.T.);
#67=FACE_OUTER_BOUND('',#268,.T.);
#68=FACE_OUTER_BOUND('',#269,.T.);
#69=FACE_OUTER_BOUND('',#270,.T.);
#70=FACE_OUTER_BOUND('',#271,.T.);
#71=FACE_OUTER_BOUND('',#272,.T.);
#72=FACE_OUTER_BOUND('',#273,.T.);
#73=FACE_OUTER_BOUND('',#274,.T.);
#74=FACE_OUTER_BOUND('',#275,.T.);
#75=FACE_OUTER_BOUND('',#276,.T.);
#76=FACE_OUTER_BOUND('',#277,.T.);
#77=FACE_OUTER_BOUND('',#278,.T.);
#78=FACE_OUTER_BOUND('',#279,.T.);
#79=FACE_OUTER_BOUND('',#280,.T.);
#80=FACE_OUTER_BOUND('',#281,.T.);
#81=FACE_OUTER_BOUND('',#282,.T.);
#82=FACE_OUTER_BOUND('',#283,.T.);
#83=FACE_OUTER_BOUND('',#284,.T.);
#84=FACE_OUTER_BOUND('',#285,.T.);
#85=FACE_OUTER_BOUND('',#286,.T.);
#86=FACE_OUTER_BOUND('',#287,.T.);
#87=FACE_OUTER_BOUND('',#288,.T.);
#88=FACE_OUTER_BOUND('',#289,.T.);
#89=FACE_OUTER_BOUND('',#290,.T.);
#90=FACE_OUTER_BOUND('',#291,.T.);
#91=FACE_OUTER_BOUND('',#292,.T.);
#92=FACE_OUTER_BOUND('',#293,.T.);
#93=FACE_OUTER_BOUND('',#294,.T.);
#94=FACE_OUTER_BOUND('',#295,.T.);
#95=FACE_OUTER_BOUND('',#296,.T.);
#96=FACE_OUTER_BOUND('',#297,.T.);
#97=FACE_OUTER_BOUND('',#298,.T.);
#98=FACE_OUTER_BOUND('',#299,.T.);
#99=FACE_OUTER_BOUND('',#300,.T.);
#100=FACE_OUTER_BOUND('',#301,.T.);
#101=FACE_OUTER_BOUND('',#302,.T.);
#102=FACE_OUTER_BOUND('',#303,.T.);
#103=FACE_OUTER_BOUND('',#304,.T.);
#104=FACE_OUTER_BOUND('',#305,.T.);
#105=FACE_OUTER_BOUND('',#306,.T.);
#106=FACE_OUTER_BOUND('',#307,.T.);
#107=FACE_OUTER_BOUND('',#308,.T.);
#108=FACE_OUTER_BOUND('',#309,.T.);
#109=FACE_OUTER_BOUND('',#310,.T.);
#110=FACE_OUTER_BOUND('',#311,.T.);
#111=FACE_OUTER_BOUND('',#312,.T.);
#112=FACE_OUTER_BOUND('',#313,.T.);
#113=FACE_OUTER_BOUND('',#314,.T.);
#114=FACE_OUTER_BOUND('',#315,.T.);
#115=FACE_OUTER_BOUND('',#316,.T.);
#116=FACE_OUTER_BOUND('',#317,.T.);
#117=FACE_OUTER_BOUND('',#318,.T.);
#118=FACE_OUTER_BOUND('',#319,.T.);
#119=FACE_OUTER_BOUND('',#320,.T.);
#120=FACE_OUTER_BOUND('',#321,.T.);
#121=FACE_OUTER_BOUND('',#322,.T.);
#122=FACE_OUTER_BOUND('',#323,.T.);
#123=FACE_OUTER_BOUND('',#324,.T.);
#124=FACE_OUTER_BOUND('',#325,.T.);
#125=FACE_OUTER_BOUND('',#326,.T.);
#126=FACE_OUTER_BOUND('',#327,.T.);
#127=FACE_OUTER_BOUND('',#328,.T.);
#128=FACE_OUTER_BOUND('',#329,.T.);
#129=FACE_OUTER_BOUND('',#330,.T.);
#130=FACE_OUTER_BOUND('',#331,.T.);
#131=FACE_OUTER_BOUND('',#332,.T.);
#132=FACE_OUTER_BOUND('',#333,.T.);
#133=FACE_OUTER_BOUND('',#334,.T.);
#134=FACE_OUTER_BOUND('',#335,.T.);
#135=FACE_OUTER_BOUND('',#336,.T.);
#136=FACE_OUTER_BOUND('',#337,.T.);
#137=FACE_OUTER_BOUND('',#338,.T.);
#138=FACE_OUTER_BOUND('',#339,.T.);
#139=FACE_OUTER_BOUND('',#340,.T.);
#140=FACE_OUTER_BOUND('',#341,.T.);
#141=FACE_OUTER_BOUND('',#342,.T.);
#142=FACE_OUTER_BOUND('',#343,.T.);
#143=FACE_OUTER_BOUND('',#344,.T.);
#144=FACE_OUTER_BOUND('',#345,.T.);
#145=FACE_OUTER_BOUND('',#346,.T.);
#146=FACE_OUTER_BOUND('',#347,.T.);
#147=FACE_OUTER_BOUND('',#348,.T.);
#148=FACE_OUTER_BOUND('',#349,.T.);
#149=FACE_OUTER_BOUND('',#350,.T.);
#150=FACE_OUTER_BOUND('',#351,.T.);
#151=FACE_OUTER_BOUND('',#352,.T.);
#152=FACE_OUTER_BOUND('',#353,.T.);
#153=FACE_OUTER_BOUND('',#354,.T.);
#154=FACE_OUTER_BOUND('',#355,.T.);
#155=FACE_OUTER_BOUND('',#356,.T.);
#156=FACE_OUTER_BOUND('',#357,.T.);
#157=FACE_OUTER_BOUND('',#358,.T.);
#158=FACE_OUTER_BOUND('',#359,.T.);
#159=FACE_OUTER_BOUND('',#360,.T.);
#160=FACE_OUTER_BOUND('',#361,.T.);
#161=FACE_OUTER_BOUND('',#362,.T.);
#162=FACE_OUTER_BOUND('',#377,.T.);
#163=FACE_OUTER_BOUND('',#378,.T.);
#164=FACE_OUTER_BOUND('',#379,.T.);
#165=FACE_OUTER_BOUND('',#380,.T.);
#166=FACE_OUTER_BOUND('',#381,.T.);
#167=FACE_OUTER_BOUND('',#382,.T.);
#168=FACE_OUTER_BOUND('',#383,.T.);
#169=FACE_OUTER_BOUND('',#384,.T.);
#170=FACE_OUTER_BOUND('',#385,.T.);
#171=FACE_OUTER_BOUND('',#386,.T.);
#172=FACE_OUTER_BOUND('',#387,.T.);
#173=FACE_OUTER_BOUND('',#388,.T.);
#174=FACE_OUTER_BOUND('',#389,.T.);
#175=FACE_OUTER_BOUND('',#390,.T.);
#176=FACE_OUTER_BOUND('',#391,.T.);
#177=FACE_OUTER_BOUND('',#392,.T.);
#178=FACE_OUTER_BOUND('',#393,.T.);
#179=FACE_OUTER_BOUND('',#394,.T.);
#180=FACE_OUTER_BOUND('',#395,.T.);
#181=FACE_OUTER_BOUND('',#396,.T.);
#182=FACE_OUTER_BOUND('',#397,.T.);
#183=FACE_OUTER_BOUND('',#398,.T.);
#184=FACE_OUTER_BOUND('',#399,.T.);
#185=FACE_OUTER_BOUND('',#400,.T.);
#186=FACE_OUTER_BOUND('',#401,.T.);
#187=FACE_OUTER_BOUND('',#402,.T.);
#188=FACE_OUTER_BOUND('',#403,.T.);
#189=FACE_OUTER_BOUND('',#404,.T.);
#190=FACE_OUTER_BOUND('',#405,.T.);
#191=FACE_OUTER_BOUND('',#406,.T.);
#192=FACE_OUTER_BOUND('',#407,.T.);
#193=FACE_OUTER_BOUND('',#408,.T.);
#194=FACE_OUTER_BOUND('',#409,.T.);
#195=FACE_OUTER_BOUND('',#410,.T.);
#196=FACE_OUTER_BOUND('',#411,.T.);
#197=FACE_OUTER_BOUND('',#412,.T.);
#198=FACE_OUTER_BOUND('',#413,.T.);
#199=FACE_OUTER_BOUND('',#414,.T.);
#200=FACE_OUTER_BOUND('',#415,.T.);
#201=FACE_OUTER_BOUND('',#416,.T.);
#202=FACE_OUTER_BOUND('',#417,.T.);
#203=FACE_OUTER_BOUND('',#418,.T.);
#204=FACE_OUTER_BOUND('',#419,.T.);
#205=FACE_OUTER_BOUND('',#420,.T.);
#206=FACE_OUTER_BOUND('',#421,.T.);
#207=FACE_OUTER_BOUND('',#422,.T.);
#208=FACE_OUTER_BOUND('',#423,.T.);
#209=FACE_OUTER_BOUND('',#424,.T.);
#210=FACE_OUTER_BOUND('',#425,.T.);
#211=FACE_OUTER_BOUND('',#426,.T.);
#212=FACE_OUTER_BOUND('',#427,.T.);
#213=FACE_OUTER_BOUND('',#428,.T.);
#214=FACE_OUTER_BOUND('',#429,.T.);
#215=FACE_OUTER_BOUND('',#430,.T.);
#216=FACE_OUTER_BOUND('',#431,.T.);
#217=FACE_OUTER_BOUND('',#432,.T.);
#218=FACE_OUTER_BOUND('',#433,.T.);
#219=FACE_OUTER_BOUND('',#434,.T.);
#220=FACE_OUTER_BOUND('',#435,.T.);
#221=FACE_OUTER_BOUND('',#436,.T.);
#222=FACE_OUTER_BOUND('',#437,.T.);
#223=FACE_OUTER_BOUND('',#438,.T.);
#224=FACE_OUTER_BOUND('',#439,.T.);
#225=FACE_OUTER_BOUND('',#440,.T.);
#226=FACE_OUTER_BOUND('',#441,.T.);
#227=FACE_OUTER_BOUND('',#442,.T.);
#228=FACE_OUTER_BOUND('',#443,.T.);
#229=FACE_OUTER_BOUND('',#444,.T.);
#230=FACE_OUTER_BOUND('',#445,.T.);
#231=FACE_OUTER_BOUND('',#446,.T.);
#232=EDGE_LOOP('',(#2104,#2105,#2106,#2107));
#233=EDGE_LOOP('',(#2108,#2109,#2110,#2111));
#234=EDGE_LOOP('',(#2112));
#235=EDGE_LOOP('',(#2113,#2114,#2115,#2116));
#236=EDGE_LOOP('',(#2117,#2118,#2119,#2120));
#237=EDGE_LOOP('',(#2121,#2122,#2123,#2124));
#238=EDGE_LOOP('',(#2125,#2126,#2127,#2128));
#239=EDGE_LOOP('',(#2129,#2130,#2131,#2132));
#240=EDGE_LOOP('',(#2133,#2134,#2135,#2136));
#241=EDGE_LOOP('',(#2137,#2138,#2139,#2140));
#242=EDGE_LOOP('',(#2141,#2142,#2143,#2144));
#243=EDGE_LOOP('',(#2145,#2146,#2147,#2148));
#244=EDGE_LOOP('',(#2149,#2150,#2151,#2152));
#245=EDGE_LOOP('',(#2153,#2154,#2155,#2156));
#246=EDGE_LOOP('',(#2157,#2158,#2159,#2160));
#247=EDGE_LOOP('',(#2161,#2162,#2163,#2164));
#248=EDGE_LOOP('',(#2165,#2166,#2167,#2168));
#249=EDGE_LOOP('',(#2169,#2170,#2171,#2172));
#250=EDGE_LOOP('',(#2173,#2174,#2175,#2176));
#251=EDGE_LOOP('',(#2177,#2178,#2179,#2180));
#252=EDGE_LOOP('',(#2181,#2182,#2183,#2184));
#253=EDGE_LOOP('',(#2185,#2186,#2187,#2188,#2189,#2190,#2191,#2192));
#254=EDGE_LOOP('',(#2193,#2194,#2195,#2196));
#255=EDGE_LOOP('',(#2197,#2198,#2199,#2200));
#256=EDGE_LOOP('',(#2201,#2202,#2203,#2204));
#257=EDGE_LOOP('',(#2205,#2206,#2207,#2208));
#258=EDGE_LOOP('',(#2209,#2210,#2211,#2212));
#259=EDGE_LOOP('',(#2213,#2214,#2215,#2216));
#260=EDGE_LOOP('',(#2217,#2218,#2219,#2220));
#261=EDGE_LOOP('',(#2221,#2222,#2223,#2224));
#262=EDGE_LOOP('',(#2225,#2226,#2227,#2228));
#263=EDGE_LOOP('',(#2229,#2230,#2231,#2232));
#264=EDGE_LOOP('',(#2233,#2234,#2235,#2236));
#265=EDGE_LOOP('',(#2237,#2238,#2239,#2240));
#266=EDGE_LOOP('',(#2241,#2242,#2243,#2244));
#267=EDGE_LOOP('',(#2245,#2246,#2247,#2248));
#268=EDGE_LOOP('',(#2249,#2250,#2251,#2252));
#269=EDGE_LOOP('',(#2253,#2254,#2255,#2256));
#270=EDGE_LOOP('',(#2257,#2258,#2259,#2260));
#271=EDGE_LOOP('',(#2261,#2262,#2263,#2264));
#272=EDGE_LOOP('',(#2265,#2266,#2267,#2268));
#273=EDGE_LOOP('',(#2269,#2270,#2271,#2272));
#274=EDGE_LOOP('',(#2273,#2274,#2275,#2276));
#275=EDGE_LOOP('',(#2277,#2278,#2279,#2280));
#276=EDGE_LOOP('',(#2281,#2282,#2283,#2284));
#277=EDGE_LOOP('',(#2285,#2286,#2287,#2288));
#278=EDGE_LOOP('',(#2289,#2290,#2291,#2292));
#279=EDGE_LOOP('',(#2293,#2294,#2295,#2296));
#280=EDGE_LOOP('',(#2297,#2298,#2299,#2300));
#281=EDGE_LOOP('',(#2301,#2302,#2303,#2304));
#282=EDGE_LOOP('',(#2305,#2306,#2307,#2308));
#283=EDGE_LOOP('',(#2309,#2310,#2311,#2312));
#284=EDGE_LOOP('',(#2313,#2314,#2315,#2316));
#285=EDGE_LOOP('',(#2317,#2318,#2319,#2320));
#286=EDGE_LOOP('',(#2321,#2322,#2323,#2324));
#287=EDGE_LOOP('',(#2325,#2326,#2327,#2328));
#288=EDGE_LOOP('',(#2329,#2330,#2331,#2332));
#289=EDGE_LOOP('',(#2333,#2334,#2335,#2336));
#290=EDGE_LOOP('',(#2337,#2338,#2339,#2340));
#291=EDGE_LOOP('',(#2341,#2342,#2343,#2344,#2345,#2346,#2347,#2348));
#292=EDGE_LOOP('',(#2349,#2350,#2351,#2352));
#293=EDGE_LOOP('',(#2353,#2354,#2355,#2356));
#294=EDGE_LOOP('',(#2357,#2358,#2359,#2360));
#295=EDGE_LOOP('',(#2361,#2362,#2363,#2364));
#296=EDGE_LOOP('',(#2365,#2366,#2367,#2368,#2369,#2370,#2371,#2372));
#297=EDGE_LOOP('',(#2373,#2374,#2375,#2376));
#298=EDGE_LOOP('',(#2377,#2378,#2379,#2380));
#299=EDGE_LOOP('',(#2381,#2382,#2383,#2384,#2385,#2386,#2387,#2388));
#300=EDGE_LOOP('',(#2389,#2390,#2391,#2392));
#301=EDGE_LOOP('',(#2393,#2394,#2395,#2396));
#302=EDGE_LOOP('',(#2397,#2398,#2399,#2400));
#303=EDGE_LOOP('',(#2401,#2402,#2403,#2404));
#304=EDGE_LOOP('',(#2405,#2406,#2407,#2408));
#305=EDGE_LOOP('',(#2409,#2410,#2411,#2412));
#306=EDGE_LOOP('',(#2413,#2414,#2415,#2416));
#307=EDGE_LOOP('',(#2417,#2418,#2419,#2420));
#308=EDGE_LOOP('',(#2421,#2422,#2423,#2424));
#309=EDGE_LOOP('',(#2425,#2426,#2427,#2428));
#310=EDGE_LOOP('',(#2429,#2430,#2431,#2432));
#311=EDGE_LOOP('',(#2433,#2434,#2435,#2436));
#312=EDGE_LOOP('',(#2437,#2438,#2439,#2440));
#313=EDGE_LOOP('',(#2441,#2442,#2443,#2444));
#314=EDGE_LOOP('',(#2445,#2446,#2447,#2448,#2449,#2450,#2451,#2452,#2453,
#2454,#2455,#2456,#2457,#2458,#2459,#2460,#2461,#2462,#2463,#2464));
#315=EDGE_LOOP('',(#2465,#2466,#2467,#2468));
#316=EDGE_LOOP('',(#2469,#2470,#2471,#2472));
#317=EDGE_LOOP('',(#2473,#2474,#2475,#2476));
#318=EDGE_LOOP('',(#2477,#2478,#2479,#2480,#2481,#2482,#2483,#2484));
#319=EDGE_LOOP('',(#2485,#2486,#2487,#2488));
#320=EDGE_LOOP('',(#2489,#2490,#2491,#2492,#2493,#2494,#2495,#2496));
#321=EDGE_LOOP('',(#2497,#2498,#2499,#2500));
#322=EDGE_LOOP('',(#2501,#2502,#2503,#2504));
#323=EDGE_LOOP('',(#2505,#2506,#2507,#2508));
#324=EDGE_LOOP('',(#2509,#2510,#2511,#2512));
#325=EDGE_LOOP('',(#2513,#2514,#2515,#2516));
#326=EDGE_LOOP('',(#2517,#2518,#2519,#2520));
#327=EDGE_LOOP('',(#2521,#2522,#2523,#2524));
#328=EDGE_LOOP('',(#2525,#2526,#2527,#2528));
#329=EDGE_LOOP('',(#2529,#2530,#2531,#2532));
#330=EDGE_LOOP('',(#2533,#2534,#2535,#2536));
#331=EDGE_LOOP('',(#2537,#2538,#2539,#2540));
#332=EDGE_LOOP('',(#2541,#2542,#2543,#2544));
#333=EDGE_LOOP('',(#2545,#2546,#2547,#2548));
#334=EDGE_LOOP('',(#2549,#2550,#2551,#2552));
#335=EDGE_LOOP('',(#2553,#2554,#2555,#2556));
#336=EDGE_LOOP('',(#2557));
#337=EDGE_LOOP('',(#2558,#2559,#2560,#2561));
#338=EDGE_LOOP('',(#2562,#2563,#2564,#2565));
#339=EDGE_LOOP('',(#2566,#2567,#2568,#2569));
#340=EDGE_LOOP('',(#2570,#2571,#2572,#2573));
#341=EDGE_LOOP('',(#2574,#2575,#2576,#2577,#2578,#2579));
#342=EDGE_LOOP('',(#2580,#2581,#2582,#2583));
#343=EDGE_LOOP('',(#2584,#2585,#2586,#2587,#2588,#2589));
#344=EDGE_LOOP('',(#2590,#2591,#2592,#2593));
#345=EDGE_LOOP('',(#2594,#2595,#2596,#2597));
#346=EDGE_LOOP('',(#2598,#2599,#2600,#2601));
#347=EDGE_LOOP('',(#2602,#2603,#2604,#2605));
#348=EDGE_LOOP('',(#2606,#2607,#2608,#2609));
#349=EDGE_LOOP('',(#2610,#2611,#2612,#2613));
#350=EDGE_LOOP('',(#2614,#2615,#2616,#2617));
#351=EDGE_LOOP('',(#2618,#2619,#2620,#2621));
#352=EDGE_LOOP('',(#2622,#2623,#2624,#2625));
#353=EDGE_LOOP('',(#2626,#2627,#2628,#2629));
#354=EDGE_LOOP('',(#2630,#2631,#2632,#2633));
#355=EDGE_LOOP('',(#2634,#2635,#2636,#2637));
#356=EDGE_LOOP('',(#2638,#2639,#2640,#2641));
#357=EDGE_LOOP('',(#2642,#2643,#2644,#2645,#2646,#2647));
#358=EDGE_LOOP('',(#2648,#2649,#2650,#2651));
#359=EDGE_LOOP('',(#2652,#2653,#2654,#2655,#2656,#2657));
#360=EDGE_LOOP('',(#2658,#2659,#2660,#2661));
#361=EDGE_LOOP('',(#2662,#2663,#2664,#2665,#2666,#2667,#2668,#2669));
#362=EDGE_LOOP('',(#2670,#2671,#2672,#2673));
#363=EDGE_LOOP('',(#2674,#2675,#2676,#2677));
#364=EDGE_LOOP('',(#2678,#2679,#2680,#2681));
#365=EDGE_LOOP('',(#2682,#2683,#2684,#2685));
#366=EDGE_LOOP('',(#2686,#2687,#2688,#2689));
#367=EDGE_LOOP('',(#2690,#2691,#2692,#2693));
#368=EDGE_LOOP('',(#2694,#2695,#2696,#2697));
#369=EDGE_LOOP('',(#2698,#2699,#2700,#2701));
#370=EDGE_LOOP('',(#2702,#2703,#2704,#2705));
#371=EDGE_LOOP('',(#2706,#2707,#2708,#2709));
#372=EDGE_LOOP('',(#2710,#2711,#2712,#2713));
#373=EDGE_LOOP('',(#2714,#2715,#2716,#2717));
#374=EDGE_LOOP('',(#2718,#2719,#2720,#2721));
#375=EDGE_LOOP('',(#2722,#2723,#2724,#2725));
#376=EDGE_LOOP('',(#2726,#2727,#2728,#2729));
#377=EDGE_LOOP('',(#2730,#2731,#2732,#2733));
#378=EDGE_LOOP('',(#2734,#2735,#2736,#2737));
#379=EDGE_LOOP('',(#2738,#2739,#2740,#2741));
#380=EDGE_LOOP('',(#2742,#2743,#2744,#2745));
#381=EDGE_LOOP('',(#2746,#2747,#2748,#2749));
#382=EDGE_LOOP('',(#2750,#2751,#2752,#2753));
#383=EDGE_LOOP('',(#2754,#2755,#2756,#2757));
#384=EDGE_LOOP('',(#2758,#2759,#2760,#2761));
#385=EDGE_LOOP('',(#2762,#2763,#2764,#2765));
#386=EDGE_LOOP('',(#2766,#2767,#2768,#2769));
#387=EDGE_LOOP('',(#2770,#2771,#2772,#2773));
#388=EDGE_LOOP('',(#2774,#2775,#2776,#2777));
#389=EDGE_LOOP('',(#2778,#2779,#2780,#2781));
#390=EDGE_LOOP('',(#2782,#2783,#2784,#2785));
#391=EDGE_LOOP('',(#2786,#2787,#2788,#2789));
#392=EDGE_LOOP('',(#2790,#2791,#2792,#2793));
#393=EDGE_LOOP('',(#2794,#2795,#2796,#2797));
#394=EDGE_LOOP('',(#2798,#2799,#2800,#2801));
#395=EDGE_LOOP('',(#2802,#2803,#2804,#2805));
#396=EDGE_LOOP('',(#2806,#2807,#2808,#2809));
#397=EDGE_LOOP('',(#2810,#2811,#2812,#2813));
#398=EDGE_LOOP('',(#2814,#2815,#2816,#2817));
#399=EDGE_LOOP('',(#2818,#2819,#2820,#2821));
#400=EDGE_LOOP('',(#2822,#2823,#2824,#2825));
#401=EDGE_LOOP('',(#2826,#2827,#2828,#2829));
#402=EDGE_LOOP('',(#2830,#2831,#2832,#2833));
#403=EDGE_LOOP('',(#2834,#2835,#2836,#2837));
#404=EDGE_LOOP('',(#2838,#2839,#2840,#2841));
#405=EDGE_LOOP('',(#2842,#2843,#2844,#2845));
#406=EDGE_LOOP('',(#2846,#2847,#2848,#2849));
#407=EDGE_LOOP('',(#2850,#2851,#2852,#2853));
#408=EDGE_LOOP('',(#2854,#2855,#2856,#2857));
#409=EDGE_LOOP('',(#2858,#2859,#2860,#2861));
#410=EDGE_LOOP('',(#2862,#2863,#2864,#2865));
#411=EDGE_LOOP('',(#2866,#2867,#2868,#2869));
#412=EDGE_LOOP('',(#2870,#2871,#2872,#2873));
#413=EDGE_LOOP('',(#2874,#2875,#2876,#2877));
#414=EDGE_LOOP('',(#2878,#2879,#2880,#2881));
#415=EDGE_LOOP('',(#2882,#2883,#2884,#2885));
#416=EDGE_LOOP('',(#2886,#2887,#2888,#2889));
#417=EDGE_LOOP('',(#2890,#2891,#2892,#2893));
#418=EDGE_LOOP('',(#2894,#2895,#2896,#2897));
#419=EDGE_LOOP('',(#2898,#2899,#2900,#2901));
#420=EDGE_LOOP('',(#2902,#2903,#2904,#2905));
#421=EDGE_LOOP('',(#2906,#2907,#2908,#2909));
#422=EDGE_LOOP('',(#2910,#2911,#2912,#2913));
#423=EDGE_LOOP('',(#2914,#2915,#2916,#2917));
#424=EDGE_LOOP('',(#2918,#2919,#2920,#2921));
#425=EDGE_LOOP('',(#2922,#2923,#2924,#2925));
#426=EDGE_LOOP('',(#2926,#2927,#2928,#2929));
#427=EDGE_LOOP('',(#2930,#2931,#2932,#2933));
#428=EDGE_LOOP('',(#2934,#2935,#2936,#2937));
#429=EDGE_LOOP('',(#2938,#2939,#2940,#2941));
#430=EDGE_LOOP('',(#2942,#2943,#2944,#2945));
#431=EDGE_LOOP('',(#2946,#2947,#2948,#2949));
#432=EDGE_LOOP('',(#2950,#2951,#2952,#2953));
#433=EDGE_LOOP('',(#2954,#2955,#2956,#2957));
#434=EDGE_LOOP('',(#2958,#2959,#2960,#2961));
#435=EDGE_LOOP('',(#2962,#2963,#2964,#2965));
#436=EDGE_LOOP('',(#2966,#2967,#2968,#2969));
#437=EDGE_LOOP('',(#2970,#2971,#2972,#2973));
#438=EDGE_LOOP('',(#2974,#2975,#2976,#2977));
#439=EDGE_LOOP('',(#2978,#2979,#2980,#2981));
#440=EDGE_LOOP('',(#2982,#2983,#2984,#2985));
#441=EDGE_LOOP('',(#2986,#2987,#2988,#2989));
#442=EDGE_LOOP('',(#2990,#2991,#2992,#2993));
#443=EDGE_LOOP('',(#2994,#2995,#2996,#2997));
#444=EDGE_LOOP('',(#2998,#2999,#3000,#3001));
#445=EDGE_LOOP('',(#3002,#3003,#3004,#3005));
#446=EDGE_LOOP('',(#3006,#3007,#3008,#3009));
#447=LINE('',#4600,#898);
#448=LINE('',#4602,#899);
#449=LINE('',#4604,#900);
#450=LINE('',#4605,#901);
#451=LINE('',#4609,#902);
#452=LINE('',#4611,#903);
#453=LINE('',#4613,#904);
#454=LINE('',#4614,#905);
#455=LINE('',#4619,#906);
#456=LINE('',#4621,#907);
#457=LINE('',#4623,#908);
#458=LINE('',#4624,#909);
#459=LINE('',#4627,#910);
#460=LINE('',#4629,#911);
#461=LINE('',#4631,#912);
#462=LINE('',#4632,#913);
#463=LINE('',#4635,#914);
#464=LINE('',#4637,#915);
#465=LINE('',#4639,#916);
#466=LINE('',#4640,#917);
#467=LINE('',#4643,#918);
#468=LINE('',#4645,#919);
#469=LINE('',#4647,#920);
#470=LINE('',#4648,#921);
#471=LINE('',#4651,#922);
#472=LINE('',#4653,#923);
#473=LINE('',#4655,#924);
#474=LINE('',#4656,#925);
#475=LINE('',#4659,#926);
#476=LINE('',#4661,#927);
#477=LINE('',#4663,#928);
#478=LINE('',#4664,#929);
#479=LINE('',#4667,#930);
#480=LINE('',#4668,#931);
#481=LINE('',#4669,#932);
#482=LINE('',#4672,#933);
#483=LINE('',#4674,#934);
#484=LINE('',#4676,#935);
#485=LINE('',#4677,#936);
#486=LINE('',#4680,#937);
#487=LINE('',#4682,#938);
#488=LINE('',#4684,#939);
#489=LINE('',#4685,#940);
#490=LINE('',#4688,#941);
#491=LINE('',#4690,#942);
#492=LINE('',#4692,#943);
#493=LINE('',#4693,#944);
#494=LINE('',#4696,#945);
#495=LINE('',#4698,#946);
#496=LINE('',#4700,#947);
#497=LINE('',#4701,#948);
#498=LINE('',#4704,#949);
#499=LINE('',#4706,#950);
#500=LINE('',#4708,#951);
#501=LINE('',#4709,#952);
#502=LINE('',#4712,#953);
#503=LINE('',#4714,#954);
#504=LINE('',#4716,#955);
#505=LINE('',#4717,#956);
#506=LINE('',#4720,#957);
#507=LINE('',#4722,#958);
#508=LINE('',#4724,#959);
#509=LINE('',#4725,#960);
#510=LINE('',#4729,#961);
#511=LINE('',#4730,#962);
#512=LINE('',#4731,#963);
#513=LINE('',#4733,#964);
#514=LINE('',#4735,#965);
#515=LINE('',#4738,#966);
#516=LINE('',#4740,#967);
#517=LINE('',#4741,#968);
#518=LINE('',#4744,#969);
#519=LINE('',#4746,#970);
#520=LINE('',#4748,#971);
#521=LINE('',#4750,#972);
#522=LINE('',#4752,#973);
#523=LINE('',#4754,#974);
#524=LINE('',#4755,#975);
#525=LINE('',#4758,#976);
#526=LINE('',#4760,#977);
#527=LINE('',#4762,#978);
#528=LINE('',#4763,#979);
#529=LINE('',#4766,#980);
#530=LINE('',#4768,#981);
#531=LINE('',#4770,#982);
#532=LINE('',#4771,#983);
#533=LINE('',#4774,#984);
#534=LINE('',#4776,#985);
#535=LINE('',#4777,#986);
#536=LINE('',#4780,#987);
#537=LINE('',#4782,#988);
#538=LINE('',#4783,#989);
#539=LINE('',#4786,#990);
#540=LINE('',#4788,#991);
#541=LINE('',#4789,#992);
#542=LINE('',#4792,#993);
#543=LINE('',#4794,#994);
#544=LINE('',#4795,#995);
#545=LINE('',#4798,#996);
#546=LINE('',#4799,#997);
#547=LINE('',#4802,#998);
#548=LINE('',#4804,#999);
#549=LINE('',#4805,#1000);
#550=LINE('',#4808,#1001);
#551=LINE('',#4810,#1002);
#552=LINE('',#4811,#1003);
#553=LINE('',#4815,#1004);
#554=LINE('',#4817,#1005);
#555=LINE('',#4818,#1006);
#556=LINE('',#4821,#1007);
#557=LINE('',#4823,#1008);
#558=LINE('',#4824,#1009);
#559=LINE('',#4827,#1010);
#560=LINE('',#4829,#1011);
#561=LINE('',#4830,#1012);
#562=LINE('',#4833,#1013);
#563=LINE('',#4835,#1014);
#564=LINE('',#4836,#1015);
#565=LINE('',#4839,#1016);
#566=LINE('',#4841,#1017);
#567=LINE('',#4842,#1018);
#568=LINE('',#4845,#1019);
#569=LINE('',#4846,#1020);
#570=LINE('',#4849,#1021);
#571=LINE('',#4851,#1022);
#572=LINE('',#4852,#1023);
#573=LINE('',#4855,#1024);
#574=LINE('',#4856,#1025);
#575=LINE('',#4859,#1026);
#576=LINE('',#4861,#1027);
#577=LINE('',#4862,#1028);
#578=LINE('',#4865,#1029);
#579=LINE('',#4866,#1030);
#580=LINE('',#4869,#1031);
#581=LINE('',#4871,#1032);
#582=LINE('',#4872,#1033);
#583=LINE('',#4875,#1034);
#584=LINE('',#4877,#1035);
#585=LINE('',#4878,#1036);
#586=LINE('',#4881,#1037);
#587=LINE('',#4885,#1038);
#588=LINE('',#4886,#1039);
#589=LINE('',#4889,#1040);
#590=LINE('',#4891,#1041);
#591=LINE('',#4892,#1042);
#592=LINE('',#4895,#1043);
#593=LINE('',#4896,#1044);
#594=LINE('',#4899,#1045);
#595=LINE('',#4900,#1046);
#596=LINE('',#4902,#1047);
#597=LINE('',#4904,#1048);
#598=LINE('',#4907,#1049);
#599=LINE('',#4909,#1050);
#600=LINE('',#4910,#1051);
#601=LINE('',#4913,#1052);
#602=LINE('',#4915,#1053);
#603=LINE('',#4916,#1054);
#604=LINE('',#4918,#1055);
#605=LINE('',#4920,#1056);
#606=LINE('',#4922,#1057);
#607=LINE('',#4925,#1058);
#608=LINE('',#4926,#1059);
#609=LINE('',#4928,#1060);
#610=LINE('',#4931,#1061);
#611=LINE('',#4933,#1062);
#612=LINE('',#4934,#1063);
#613=LINE('',#4937,#1064);
#614=LINE('',#4939,#1065);
#615=LINE('',#4941,#1066);
#616=LINE('',#4943,#1067);
#617=LINE('',#4945,#1068);
#618=LINE('',#4946,#1069);
#619=LINE('',#4948,#1070);
#620=LINE('',#4950,#1071);
#621=LINE('',#4953,#1072);
#622=LINE('',#4955,#1073);
#623=LINE('',#4956,#1074);
#624=LINE('',#4958,#1075);
#625=LINE('',#4962,#1076);
#626=LINE('',#4964,#1077);
#627=LINE('',#4966,#1078);
#628=LINE('',#4967,#1079);
#629=LINE('',#4969,#1080);
#630=LINE('',#4970,#1081);
#631=LINE('',#4972,#1082);
#632=LINE('',#4975,#1083);
#633=LINE('',#4976,#1084);
#634=LINE('',#4979,#1085);
#635=LINE('',#4981,#1086);
#636=LINE('',#4983,#1087);
#637=LINE('',#4985,#1088);
#638=LINE('',#4986,#1089);
#639=LINE('',#4988,#1090);
#640=LINE('',#4990,#1091);
#641=LINE('',#4993,#1092);
#642=LINE('',#4994,#1093);
#643=LINE('',#4996,#1094);
#644=LINE('',#4998,#1095);
#645=LINE('',#5000,#1096);
#646=LINE('',#5002,#1097);
#647=LINE('',#5004,#1098);
#648=LINE('',#5006,#1099);
#649=LINE('',#5008,#1100);
#650=LINE('',#5010,#1101);
#651=LINE('',#5012,#1102);
#652=LINE('',#5016,#1103);
#653=LINE('',#5018,#1104);
#654=LINE('',#5019,#1105);
#655=LINE('',#5022,#1106);
#656=LINE('',#5024,#1107);
#657=LINE('',#5026,#1108);
#658=LINE('',#5028,#1109);
#659=LINE('',#5030,#1110);
#660=LINE('',#5031,#1111);
#661=LINE('',#5033,#1112);
#662=LINE('',#5035,#1113);
#663=LINE('',#5037,#1114);
#664=LINE('',#5039,#1115);
#665=LINE('',#5041,#1116);
#666=LINE('',#5042,#1117);
#667=LINE('',#5044,#1118);
#668=LINE('',#5046,#1119);
#669=LINE('',#5048,#1120);
#670=LINE('',#5050,#1121);
#671=LINE('',#5051,#1122);
#672=LINE('',#5054,#1123);
#673=LINE('',#5056,#1124);
#674=LINE('',#5057,#1125);
#675=LINE('',#5060,#1126);
#676=LINE('',#5061,#1127);
#677=LINE('',#5064,#1128);
#678=LINE('',#5065,#1129);
#679=LINE('',#5069,#1130);
#680=LINE('',#5071,#1131);
#681=LINE('',#5072,#1132);
#682=LINE('',#5074,#1133);
#683=LINE('',#5075,#1134);
#684=LINE('',#5078,#1135);
#685=LINE('',#5079,#1136);
#686=LINE('',#5083,#1137);
#687=LINE('',#5085,#1138);
#688=LINE('',#5086,#1139);
#689=LINE('',#5088,#1140);
#690=LINE('',#5090,#1141);
#691=LINE('',#5091,#1142);
#692=LINE('',#5093,#1143);
#693=LINE('',#5096,#1144);
#694=LINE('',#5097,#1145);
#695=LINE('',#5100,#1146);
#696=LINE('',#5101,#1147);
#697=LINE('',#5103,#1148);
#698=LINE('',#5105,#1149);
#699=LINE('',#5120,#1150);
#700=LINE('',#5123,#1151);
#701=LINE('',#5124,#1152);
#702=LINE('',#5127,#1153);
#703=LINE('',#5129,#1154);
#704=LINE('',#5130,#1155);
#705=LINE('',#5133,#1156);
#706=LINE('',#5134,#1157);
#707=LINE('',#5138,#1158);
#708=LINE('',#5139,#1159);
#709=LINE('',#5141,#1160);
#710=LINE('',#5142,#1161);
#711=LINE('',#5145,#1162);
#712=LINE('',#5146,#1163);
#713=LINE('',#5148,#1164);
#714=LINE('',#5150,#1165);
#715=LINE('',#5152,#1166);
#716=LINE('',#5155,#1167);
#717=LINE('',#5156,#1168);
#718=LINE('',#5158,#1169);
#719=LINE('',#5159,#1170);
#720=LINE('',#5162,#1171);
#721=LINE('',#5165,#1172);
#722=LINE('',#5168,#1173);
#723=LINE('',#5170,#1174);
#724=LINE('',#5171,#1175);
#725=LINE('',#5175,#1176);
#726=LINE('',#5176,#1177);
#727=LINE('',#5180,#1178);
#728=LINE('',#5181,#1179);
#729=LINE('',#5184,#1180);
#730=LINE('',#5188,#1181);
#731=LINE('',#5190,#1182);
#732=LINE('',#5192,#1183);
#733=LINE('',#5193,#1184);
#734=LINE('',#5196,#1185);
#735=LINE('',#5198,#1186);
#736=LINE('',#5200,#1187);
#737=LINE('',#5201,#1188);
#738=LINE('',#5204,#1189);
#739=LINE('',#5206,#1190);
#740=LINE('',#5208,#1191);
#741=LINE('',#5209,#1192);
#742=LINE('',#5212,#1193);
#743=LINE('',#5214,#1194);
#744=LINE('',#5216,#1195);
#745=LINE('',#5217,#1196);
#746=LINE('',#5220,#1197);
#747=LINE('',#5222,#1198);
#748=LINE('',#5224,#1199);
#749=LINE('',#5225,#1200);
#750=LINE('',#5228,#1201);
#751=LINE('',#5230,#1202);
#752=LINE('',#5232,#1203);
#753=LINE('',#5233,#1204);
#754=LINE('',#5236,#1205);
#755=LINE('',#5238,#1206);
#756=LINE('',#5240,#1207);
#757=LINE('',#5241,#1208);
#758=LINE('',#5244,#1209);
#759=LINE('',#5246,#1210);
#760=LINE('',#5248,#1211);
#761=LINE('',#5249,#1212);
#762=LINE('',#5252,#1213);
#763=LINE('',#5254,#1214);
#764=LINE('',#5256,#1215);
#765=LINE('',#5257,#1216);
#766=LINE('',#5260,#1217);
#767=LINE('',#5262,#1218);
#768=LINE('',#5264,#1219);
#769=LINE('',#5265,#1220);
#770=LINE('',#5268,#1221);
#771=LINE('',#5270,#1222);
#772=LINE('',#5272,#1223);
#773=LINE('',#5273,#1224);
#774=LINE('',#5276,#1225);
#775=LINE('',#5278,#1226);
#776=LINE('',#5280,#1227);
#777=LINE('',#5281,#1228);
#778=LINE('',#5284,#1229);
#779=LINE('',#5286,#1230);
#780=LINE('',#5288,#1231);
#781=LINE('',#5289,#1232);
#782=LINE('',#5292,#1233);
#783=LINE('',#5294,#1234);
#784=LINE('',#5296,#1235);
#785=LINE('',#5297,#1236);
#786=LINE('',#5300,#1237);
#787=LINE('',#5302,#1238);
#788=LINE('',#5303,#1239);
#789=LINE('',#5306,#1240);
#790=LINE('',#5308,#1241);
#791=LINE('',#5309,#1242);
#792=LINE('',#5312,#1243);
#793=LINE('',#5314,#1244);
#794=LINE('',#5315,#1245);
#795=LINE('',#5318,#1246);
#796=LINE('',#5320,#1247);
#797=LINE('',#5321,#1248);
#798=LINE('',#5324,#1249);
#799=LINE('',#5326,#1250);
#800=LINE('',#5327,#1251);
#801=LINE('',#5330,#1252);
#802=LINE('',#5332,#1253);
#803=LINE('',#5333,#1254);
#804=LINE('',#5336,#1255);
#805=LINE('',#5338,#1256);
#806=LINE('',#5339,#1257);
#807=LINE('',#5342,#1258);
#808=LINE('',#5343,#1259);
#809=LINE('',#5346,#1260);
#810=LINE('',#5348,#1261);
#811=LINE('',#5349,#1262);
#812=LINE('',#5352,#1263);
#813=LINE('',#5354,#1264);
#814=LINE('',#5355,#1265);
#815=LINE('',#5358,#1266);
#816=LINE('',#5359,#1267);
#817=LINE('',#5362,#1268);
#818=LINE('',#5364,#1269);
#819=LINE('',#5365,#1270);
#820=LINE('',#5368,#1271);
#821=LINE('',#5369,#1272);
#822=LINE('',#5372,#1273);
#823=LINE('',#5374,#1274);
#824=LINE('',#5375,#1275);
#825=LINE('',#5378,#1276);
#826=LINE('',#5379,#1277);
#827=LINE('',#5382,#1278);
#828=LINE('',#5383,#1279);
#829=LINE('',#5386,#1280);
#830=LINE('',#5388,#1281);
#831=LINE('',#5389,#1282);
#832=LINE('',#5392,#1283);
#833=LINE('',#5394,#1284);
#834=LINE('',#5395,#1285);
#835=LINE('',#5398,#1286);
#836=LINE('',#5400,#1287);
#837=LINE('',#5401,#1288);
#838=LINE('',#5404,#1289);
#839=LINE('',#5406,#1290);
#840=LINE('',#5407,#1291);
#841=LINE('',#5409,#1292);
#842=LINE('',#5412,#1293);
#843=LINE('',#5414,#1294);
#844=LINE('',#5415,#1295);
#845=LINE('',#5418,#1296);
#846=LINE('',#5419,#1297);
#847=LINE('',#5422,#1298);
#848=LINE('',#5423,#1299);
#849=LINE('',#5425,#1300);
#850=LINE('',#5427,#1301);
#851=LINE('',#5430,#1302);
#852=LINE('',#5431,#1303);
#853=LINE('',#5434,#1304);
#854=LINE('',#5436,#1305);
#855=LINE('',#5437,#1306);
#856=LINE('',#5440,#1307);
#857=LINE('',#5442,#1308);
#858=LINE('',#5443,#1309);
#859=LINE('',#5446,#1310);
#860=LINE('',#5448,#1311);
#861=LINE('',#5449,#1312);
#862=LINE('',#5452,#1313);
#863=LINE('',#5453,#1314);
#864=LINE('',#5455,#1315);
#865=LINE('',#5457,#1316);
#866=LINE('',#5460,#1317);
#867=LINE('',#5462,#1318);
#868=LINE('',#5463,#1319);
#869=LINE('',#5465,#1320);
#870=LINE('',#5468,#1321);
#871=LINE('',#5469,#1322);
#872=LINE('',#5471,#1323);
#873=LINE('',#5473,#1324);
#874=LINE('',#5475,#1325);
#875=LINE('',#5478,#1326);
#876=LINE('',#5479,#1327);
#877=LINE('',#5481,#1328);
#878=LINE('',#5484,#1329);
#879=LINE('',#5486,#1330);
#880=LINE('',#5487,#1331);
#881=LINE('',#5489,#1332);
#882=LINE('',#5491,#1333);
#883=LINE('',#5494,#1334);
#884=LINE('',#5496,#1335);
#885=LINE('',#5497,#1336);
#886=LINE('',#5500,#1337);
#887=LINE('',#5501,#1338);
#888=LINE('',#5503,#1339);
#889=LINE('',#5505,#1340);
#890=LINE('',#5507,#1341);
#891=LINE('',#5509,#1342);
#892=LINE('',#5511,#1343);
#893=LINE('',#5513,#1344);
#894=LINE('',#5515,#1345);
#895=LINE('',#5517,#1346);
#896=LINE('',#5519,#1347);
#897=LINE('',#5521,#1348);
#898=VECTOR('',#3775,1000.);
#899=VECTOR('',#3776,1000.);
#900=VECTOR('',#3777,1000.);
#901=VECTOR('',#3778,1000.);
#902=VECTOR('',#3781,1000.);
#903=VECTOR('',#3782,1000.);
#904=VECTOR('',#3783,1000.);
#905=VECTOR('',#3784,1000.);
#906=VECTOR('',#3787,1000.);
#907=VECTOR('',#3788,1000.);
#908=VECTOR('',#3789,1000.);
#909=VECTOR('',#3790,1000.);
#910=VECTOR('',#3791,1000.);
#911=VECTOR('',#3792,1000.);
#912=VECTOR('',#3793,1000.);
#913=VECTOR('',#3794,1000.);
#914=VECTOR('',#3795,1000.);
#915=VECTOR('',#3796,1000.);
#916=VECTOR('',#3797,1000.);
#917=VECTOR('',#3798,1000.);
#918=VECTOR('',#3799,1000.);
#919=VECTOR('',#3800,1000.);
#920=VECTOR('',#3801,1000.);
#921=VECTOR('',#3802,1000.);
#922=VECTOR('',#3803,1000.);
#923=VECTOR('',#3804,1000.);
#924=VECTOR('',#3805,1000.);
#925=VECTOR('',#3806,1000.);
#926=VECTOR('',#3807,1000.);
#927=VECTOR('',#3808,1000.);
#928=VECTOR('',#3809,1000.);
#929=VECTOR('',#3810,1000.);
#930=VECTOR('',#3811,1000.);
#931=VECTOR('',#3812,1000.);
#932=VECTOR('',#3813,1000.);
#933=VECTOR('',#3814,1000.);
#934=VECTOR('',#3815,1000.);
#935=VECTOR('',#3816,1000.);
#936=VECTOR('',#3817,1000.);
#937=VECTOR('',#3818,1000.);
#938=VECTOR('',#3819,1000.);
#939=VECTOR('',#3820,1000.);
#940=VECTOR('',#3821,1000.);
#941=VECTOR('',#3822,1000.);
#942=VECTOR('',#3823,1000.);
#943=VECTOR('',#3824,1000.);
#944=VECTOR('',#3825,1000.);
#945=VECTOR('',#3826,1000.);
#946=VECTOR('',#3827,1000.);
#947=VECTOR('',#3828,1000.);
#948=VECTOR('',#3829,1000.);
#949=VECTOR('',#3830,1000.);
#950=VECTOR('',#3831,1000.);
#951=VECTOR('',#3832,1000.);
#952=VECTOR('',#3833,1000.);
#953=VECTOR('',#3834,1000.);
#954=VECTOR('',#3835,1000.);
#955=VECTOR('',#3836,1000.);
#956=VECTOR('',#3837,1000.);
#957=VECTOR('',#3838,1000.);
#958=VECTOR('',#3839,1000.);
#959=VECTOR('',#3840,1000.);
#960=VECTOR('',#3841,1000.);
#961=VECTOR('',#3844,1000.);
#962=VECTOR('',#3845,1000.);
#963=VECTOR('',#3846,1000.);
#964=VECTOR('',#3849,1000.);
#965=VECTOR('',#3852,1000.);
#966=VECTOR('',#3855,1000.);
#967=VECTOR('',#3856,1000.);
#968=VECTOR('',#3857,1000.);
#969=VECTOR('',#3860,1000.);
#970=VECTOR('',#3861,1000.);
#971=VECTOR('',#3862,1000.);
#972=VECTOR('',#3863,1000.);
#973=VECTOR('',#3864,1000.);
#974=VECTOR('',#3865,1000.);
#975=VECTOR('',#3866,1000.);
#976=VECTOR('',#3867,1000.);
#977=VECTOR('',#3868,1000.);
#978=VECTOR('',#3869,1000.);
#979=VECTOR('',#3870,1000.);
#980=VECTOR('',#3871,1000.);
#981=VECTOR('',#3872,1000.);
#982=VECTOR('',#3873,1000.);
#983=VECTOR('',#3874,1000.);
#984=VECTOR('',#3877,1000.);
#985=VECTOR('',#3878,1000.);
#986=VECTOR('',#3879,1000.);
#987=VECTOR('',#3882,1000.);
#988=VECTOR('',#3883,1000.);
#989=VECTOR('',#3884,1000.);
#990=VECTOR('',#3887,1000.);
#991=VECTOR('',#3888,1000.);
#992=VECTOR('',#3889,1000.);
#993=VECTOR('',#3892,1000.);
#994=VECTOR('',#3893,1000.);
#995=VECTOR('',#3894,1000.);
#996=VECTOR('',#3897,1000.);
#997=VECTOR('',#3898,1000.);
#998=VECTOR('',#3901,1000.);
#999=VECTOR('',#3902,1000.);
#1000=VECTOR('',#3903,1000.);
#1001=VECTOR('',#3906,1000.);
#1002=VECTOR('',#3907,1000.);
#1003=VECTOR('',#3908,1000.);
#1004=VECTOR('',#3913,1000.);
#1005=VECTOR('',#3914,1000.);
#1006=VECTOR('',#3915,1000.);
#1007=VECTOR('',#3918,1000.);
#1008=VECTOR('',#3919,1000.);
#1009=VECTOR('',#3920,1000.);
#1010=VECTOR('',#3923,1000.);
#1011=VECTOR('',#3924,1000.);
#1012=VECTOR('',#3925,1000.);
#1013=VECTOR('',#3928,1000.);
#1014=VECTOR('',#3929,1000.);
#1015=VECTOR('',#3930,1000.);
#1016=VECTOR('',#3933,1000.);
#1017=VECTOR('',#3934,1000.);
#1018=VECTOR('',#3935,1000.);
#1019=VECTOR('',#3938,1000.);
#1020=VECTOR('',#3939,1000.);
#1021=VECTOR('',#3942,1000.);
#1022=VECTOR('',#3943,1000.);
#1023=VECTOR('',#3944,1000.);
#1024=VECTOR('',#3947,1000.);
#1025=VECTOR('',#3948,1000.);
#1026=VECTOR('',#3951,1000.);
#1027=VECTOR('',#3952,1000.);
#1028=VECTOR('',#3953,1000.);
#1029=VECTOR('',#3956,1000.);
#1030=VECTOR('',#3957,1000.);
#1031=VECTOR('',#3960,1000.);
#1032=VECTOR('',#3961,1000.);
#1033=VECTOR('',#3962,1000.);
#1034=VECTOR('',#3965,1000.);
#1035=VECTOR('',#3966,1000.);
#1036=VECTOR('',#3967,1000.);
#1037=VECTOR('',#3970,0.400000000000001);
#1038=VECTOR('',#3975,1000.);
#1039=VECTOR('',#3976,1000.);
#1040=VECTOR('',#3979,1000.);
#1041=VECTOR('',#3980,1000.);
#1042=VECTOR('',#3981,1000.);
#1043=VECTOR('',#3984,1000.);
#1044=VECTOR('',#3985,1000.);
#1045=VECTOR('',#3988,1000.);
#1046=VECTOR('',#3989,1000.);
#1047=VECTOR('',#3992,1000.);
#1048=VECTOR('',#3995,1000.);
#1049=VECTOR('',#3998,1000.);
#1050=VECTOR('',#3999,1000.);
#1051=VECTOR('',#4000,1000.);
#1052=VECTOR('',#4003,1000.);
#1053=VECTOR('',#4004,1000.);
#1054=VECTOR('',#4005,1000.);
#1055=VECTOR('',#4008,1000.);
#1056=VECTOR('',#4011,1000.);
#1057=VECTOR('',#4014,1000.);
#1058=VECTOR('',#4017,1000.);
#1059=VECTOR('',#4018,1000.);
#1060=VECTOR('',#4021,1000.);
#1061=VECTOR('',#4024,1000.);
#1062=VECTOR('',#4025,1000.);
#1063=VECTOR('',#4026,1000.);
#1064=VECTOR('',#4029,1000.);
#1065=VECTOR('',#4030,1000.);
#1066=VECTOR('',#4031,1000.);
#1067=VECTOR('',#4032,1000.);
#1068=VECTOR('',#4033,1000.);
#1069=VECTOR('',#4034,1000.);
#1070=VECTOR('',#4037,1000.);
#1071=VECTOR('',#4040,1000.);
#1072=VECTOR('',#4043,1000.);
#1073=VECTOR('',#4044,1000.);
#1074=VECTOR('',#4045,1000.);
#1075=VECTOR('',#4048,1000.);
#1076=VECTOR('',#4051,1000.);
#1077=VECTOR('',#4052,1000.);
#1078=VECTOR('',#4053,1000.);
#1079=VECTOR('',#4054,1000.);
#1080=VECTOR('',#4055,1000.);
#1081=VECTOR('',#4056,1000.);
#1082=VECTOR('',#4059,1000.);
#1083=VECTOR('',#4062,1000.);
#1084=VECTOR('',#4063,1000.);
#1085=VECTOR('',#4066,1000.);
#1086=VECTOR('',#4067,1000.);
#1087=VECTOR('',#4068,1000.);
#1088=VECTOR('',#4069,1000.);
#1089=VECTOR('',#4070,1000.);
#1090=VECTOR('',#4073,1000.);
#1091=VECTOR('',#4076,1000.);
#1092=VECTOR('',#4079,1000.);
#1093=VECTOR('',#4080,1000.);
#1094=VECTOR('',#4083,1000.);
#1095=VECTOR('',#4086,1000.);
#1096=VECTOR('',#4089,1000.);
#1097=VECTOR('',#4092,1000.);
#1098=VECTOR('',#4095,1000.);
#1099=VECTOR('',#4098,1000.);
#1100=VECTOR('',#4101,1000.);
#1101=VECTOR('',#4104,1000.);
#1102=VECTOR('',#4107,1000.);
#1103=VECTOR('',#4112,1000.);
#1104=VECTOR('',#4113,1000.);
#1105=VECTOR('',#4114,1000.);
#1106=VECTOR('',#4117,1000.);
#1107=VECTOR('',#4118,1000.);
#1108=VECTOR('',#4119,1000.);
#1109=VECTOR('',#4120,1000.);
#1110=VECTOR('',#4121,1000.);
#1111=VECTOR('',#4122,1000.);
#1112=VECTOR('',#4123,1000.);
#1113=VECTOR('',#4124,1000.);
#1114=VECTOR('',#4125,1000.);
#1115=VECTOR('',#4126,1000.);
#1116=VECTOR('',#4127,1000.);
#1117=VECTOR('',#4128,1000.);
#1118=VECTOR('',#4129,1000.);
#1119=VECTOR('',#4130,1000.);
#1120=VECTOR('',#4131,1000.);
#1121=VECTOR('',#4132,1000.);
#1122=VECTOR('',#4133,1000.);
#1123=VECTOR('',#4136,1000.);
#1124=VECTOR('',#4137,1000.);
#1125=VECTOR('',#4138,1000.);
#1126=VECTOR('',#4141,1000.);
#1127=VECTOR('',#4142,1000.);
#1128=VECTOR('',#4145,1000.);
#1129=VECTOR('',#4146,1000.);
#1130=VECTOR('',#4149,1000.);
#1131=VECTOR('',#4150,1000.);
#1132=VECTOR('',#4151,1000.);
#1133=VECTOR('',#4152,1000.);
#1134=VECTOR('',#4153,1000.);
#1135=VECTOR('',#4156,1000.);
#1136=VECTOR('',#4157,1000.);
#1137=VECTOR('',#4160,1000.);
#1138=VECTOR('',#4161,1000.);
#1139=VECTOR('',#4162,1000.);
#1140=VECTOR('',#4163,1000.);
#1141=VECTOR('',#4164,1000.);
#1142=VECTOR('',#4165,1000.);
#1143=VECTOR('',#4168,1000.);
#1144=VECTOR('',#4171,1000.);
#1145=VECTOR('',#4172,1000.);
#1146=VECTOR('',#4175,1000.);
#1147=VECTOR('',#4176,1000.);
#1148=VECTOR('',#4179,1000.);
#1149=VECTOR('',#4182,1000.);
#1150=VECTOR('',#4211,1000.);
#1151=VECTOR('',#4214,1000.);
#1152=VECTOR('',#4215,1000.);
#1153=VECTOR('',#4218,1000.);
#1154=VECTOR('',#4219,1000.);
#1155=VECTOR('',#4220,1000.);
#1156=VECTOR('',#4223,1000.);
#1157=VECTOR('',#4224,1000.);
#1158=VECTOR('',#4227,1000.);
#1159=VECTOR('',#4228,1000.);
#1160=VECTOR('',#4229,1000.);
#1161=VECTOR('',#4230,1000.);
#1162=VECTOR('',#4233,1000.);
#1163=VECTOR('',#4234,1000.);
#1164=VECTOR('',#4237,1000.);
#1165=VECTOR('',#4240,1000.);
#1166=VECTOR('',#4243,1000.);
#1167=VECTOR('',#4248,1000.);
#1168=VECTOR('',#4249,1000.);
#1169=VECTOR('',#4252,1000.);
#1170=VECTOR('',#4253,1000.);
#1171=VECTOR('',#4258,1000.);
#1172=VECTOR('',#4263,1000.);
#1173=VECTOR('',#4266,1000.);
#1174=VECTOR('',#4267,1000.);
#1175=VECTOR('',#4268,1000.);
#1176=VECTOR('',#4273,1000.);
#1177=VECTOR('',#4274,1000.);
#1178=VECTOR('',#4279,1000.);
#1179=VECTOR('',#4280,1000.);
#1180=VECTOR('',#4285,1000.);
#1181=VECTOR('',#4288,1000.);
#1182=VECTOR('',#4289,1000.);
#1183=VECTOR('',#4290,1000.);
#1184=VECTOR('',#4291,1000.);
#1185=VECTOR('',#4292,1000.);
#1186=VECTOR('',#4293,1000.);
#1187=VECTOR('',#4294,1000.);
#1188=VECTOR('',#4295,1000.);
#1189=VECTOR('',#4296,1000.);
#1190=VECTOR('',#4297,1000.);
#1191=VECTOR('',#4298,1000.);
#1192=VECTOR('',#4299,1000.);
#1193=VECTOR('',#4300,1000.);
#1194=VECTOR('',#4301,1000.);
#1195=VECTOR('',#4302,1000.);
#1196=VECTOR('',#4303,1000.);
#1197=VECTOR('',#4304,1000.);
#1198=VECTOR('',#4305,1000.);
#1199=VECTOR('',#4306,1000.);
#1200=VECTOR('',#4307,1000.);
#1201=VECTOR('',#4308,1000.);
#1202=VECTOR('',#4309,1000.);
#1203=VECTOR('',#4310,1000.);
#1204=VECTOR('',#4311,1000.);
#1205=VECTOR('',#4312,1000.);
#1206=VECTOR('',#4313,1000.);
#1207=VECTOR('',#4314,1000.);
#1208=VECTOR('',#4315,1000.);
#1209=VECTOR('',#4316,1000.);
#1210=VECTOR('',#4317,1000.);
#1211=VECTOR('',#4318,1000.);
#1212=VECTOR('',#4319,1000.);
#1213=VECTOR('',#4320,1000.);
#1214=VECTOR('',#4321,1000.);
#1215=VECTOR('',#4322,1000.);
#1216=VECTOR('',#4323,1000.);
#1217=VECTOR('',#4324,1000.);
#1218=VECTOR('',#4325,1000.);
#1219=VECTOR('',#4326,1000.);
#1220=VECTOR('',#4327,1000.);
#1221=VECTOR('',#4328,1000.);
#1222=VECTOR('',#4329,1000.);
#1223=VECTOR('',#4330,1000.);
#1224=VECTOR('',#4331,1000.);
#1225=VECTOR('',#4332,1000.);
#1226=VECTOR('',#4333,1000.);
#1227=VECTOR('',#4334,1000.);
#1228=VECTOR('',#4335,1000.);
#1229=VECTOR('',#4336,1000.);
#1230=VECTOR('',#4337,1000.);
#1231=VECTOR('',#4338,1000.);
#1232=VECTOR('',#4339,1000.);
#1233=VECTOR('',#4340,1000.);
#1234=VECTOR('',#4341,1000.);
#1235=VECTOR('',#4342,1000.);
#1236=VECTOR('',#4343,1000.);
#1237=VECTOR('',#4346,1000.);
#1238=VECTOR('',#4347,1000.);
#1239=VECTOR('',#4348,1000.);
#1240=VECTOR('',#4351,1000.);
#1241=VECTOR('',#4352,1000.);
#1242=VECTOR('',#4353,1000.);
#1243=VECTOR('',#4356,1000.);
#1244=VECTOR('',#4357,1000.);
#1245=VECTOR('',#4358,1000.);
#1246=VECTOR('',#4361,1000.);
#1247=VECTOR('',#4362,1000.);
#1248=VECTOR('',#4363,1000.);
#1249=VECTOR('',#4366,1000.);
#1250=VECTOR('',#4367,1000.);
#1251=VECTOR('',#4368,1000.);
#1252=VECTOR('',#4371,1000.);
#1253=VECTOR('',#4372,1000.);
#1254=VECTOR('',#4373,1000.);
#1255=VECTOR('',#4376,1000.);
#1256=VECTOR('',#4377,1000.);
#1257=VECTOR('',#4378,1000.);
#1258=VECTOR('',#4381,1000.);
#1259=VECTOR('',#4382,1000.);
#1260=VECTOR('',#4385,1000.);
#1261=VECTOR('',#4386,1000.);
#1262=VECTOR('',#4387,1000.);
#1263=VECTOR('',#4390,1000.);
#1264=VECTOR('',#4391,1000.);
#1265=VECTOR('',#4392,1000.);
#1266=VECTOR('',#4395,1000.);
#1267=VECTOR('',#4396,1000.);
#1268=VECTOR('',#4399,1000.);
#1269=VECTOR('',#4400,1000.);
#1270=VECTOR('',#4401,1000.);
#1271=VECTOR('',#4404,1000.);
#1272=VECTOR('',#4405,1000.);
#1273=VECTOR('',#4408,1000.);
#1274=VECTOR('',#4409,1000.);
#1275=VECTOR('',#4410,1000.);
#1276=VECTOR('',#4413,1000.);
#1277=VECTOR('',#4414,1000.);
#1278=VECTOR('',#4417,1000.);
#1279=VECTOR('',#4418,1000.);
#1280=VECTOR('',#4421,1000.);
#1281=VECTOR('',#4422,1000.);
#1282=VECTOR('',#4423,1000.);
#1283=VECTOR('',#4426,1000.);
#1284=VECTOR('',#4427,1000.);
#1285=VECTOR('',#4428,1000.);
#1286=VECTOR('',#4431,1000.);
#1287=VECTOR('',#4432,1000.);
#1288=VECTOR('',#4433,1000.);
#1289=VECTOR('',#4436,1000.);
#1290=VECTOR('',#4437,1000.);
#1291=VECTOR('',#4438,1000.);
#1292=VECTOR('',#4441,1000.);
#1293=VECTOR('',#4444,1000.);
#1294=VECTOR('',#4445,1000.);
#1295=VECTOR('',#4446,1000.);
#1296=VECTOR('',#4449,1000.);
#1297=VECTOR('',#4450,1000.);
#1298=VECTOR('',#4453,1000.);
#1299=VECTOR('',#4454,1000.);
#1300=VECTOR('',#4457,1000.);
#1301=VECTOR('',#4460,1000.);
#1302=VECTOR('',#4463,1000.);
#1303=VECTOR('',#4464,1000.);
#1304=VECTOR('',#4467,1000.);
#1305=VECTOR('',#4468,1000.);
#1306=VECTOR('',#4469,1000.);
#1307=VECTOR('',#4472,1000.);
#1308=VECTOR('',#4473,1000.);
#1309=VECTOR('',#4474,1000.);
#1310=VECTOR('',#4477,1000.);
#1311=VECTOR('',#4478,1000.);
#1312=VECTOR('',#4479,1000.);
#1313=VECTOR('',#4482,1000.);
#1314=VECTOR('',#4483,1000.);
#1315=VECTOR('',#4486,1000.);
#1316=VECTOR('',#4489,1000.);
#1317=VECTOR('',#4492,1000.);
#1318=VECTOR('',#4493,1000.);
#1319=VECTOR('',#4494,1000.);
#1320=VECTOR('',#4497,1000.);
#1321=VECTOR('',#4500,1000.);
#1322=VECTOR('',#4501,1000.);
#1323=VECTOR('',#4504,1000.);
#1324=VECTOR('',#4507,1000.);
#1325=VECTOR('',#4510,1000.);
#1326=VECTOR('',#4513,1000.);
#1327=VECTOR('',#4514,1000.);
#1328=VECTOR('',#4517,1000.);
#1329=VECTOR('',#4520,1000.);
#1330=VECTOR('',#4521,1000.);
#1331=VECTOR('',#4522,1000.);
#1332=VECTOR('',#4525,1000.);
#1333=VECTOR('',#4528,1000.);
#1334=VECTOR('',#4531,1000.);
#1335=VECTOR('',#4532,1000.);
#1336=VECTOR('',#4533,1000.);
#1337=VECTOR('',#4536,1000.);
#1338=VECTOR('',#4537,1000.);
#1339=VECTOR('',#4540,1000.);
#1340=VECTOR('',#4543,1000.);
#1341=VECTOR('',#4546,1000.);
#1342=VECTOR('',#4549,1000.);
#1343=VECTOR('',#4552,1000.);
#1344=VECTOR('',#4555,1000.);
#1345=VECTOR('',#4558,1000.);
#1346=VECTOR('',#4561,1000.);
#1347=VECTOR('',#4564,1000.);
#1348=VECTOR('',#4567,1000.);
#1349=VERTEX_POINT('',#4598);
#1350=VERTEX_POINT('',#4599);
#1351=VERTEX_POINT('',#4601);
#1352=VERTEX_POINT('',#4603);
#1353=VERTEX_POINT('',#4607);
#1354=VERTEX_POINT('',#4608);
#1355=VERTEX_POINT('',#4610);
#1356=VERTEX_POINT('',#4612);
#1357=VERTEX_POINT('',#4615);
#1358=VERTEX_POINT('',#4617);
#1359=VERTEX_POINT('',#4618);
#1360=VERTEX_POINT('',#4620);
#1361=VERTEX_POINT('',#4622);
#1362=VERTEX_POINT('',#4625);
#1363=VERTEX_POINT('',#4626);
#1364=VERTEX_POINT('',#4628);
#1365=VERTEX_POINT('',#4630);
#1366=VERTEX_POINT('',#4633);
#1367=VERTEX_POINT('',#4634);
#1368=VERTEX_POINT('',#4636);
#1369=VERTEX_POINT('',#4638);
#1370=VERTEX_POINT('',#4641);
#1371=VERTEX_POINT('',#4642);
#1372=VERTEX_POINT('',#4644);
#1373=VERTEX_POINT('',#4646);
#1374=VERTEX_POINT('',#4649);
#1375=VERTEX_POINT('',#4650);
#1376=VERTEX_POINT('',#4652);
#1377=VERTEX_POINT('',#4654);
#1378=VERTEX_POINT('',#4657);
#1379=VERTEX_POINT('',#4658);
#1380=VERTEX_POINT('',#4660);
#1381=VERTEX_POINT('',#4662);
#1382=VERTEX_POINT('',#4665);
#1383=VERTEX_POINT('',#4666);
#1384=VERTEX_POINT('',#4670);
#1385=VERTEX_POINT('',#4671);
#1386=VERTEX_POINT('',#4673);
#1387=VERTEX_POINT('',#4675);
#1388=VERTEX_POINT('',#4678);
#1389=VERTEX_POINT('',#4679);
#1390=VERTEX_POINT('',#4681);
#1391=VERTEX_POINT('',#4683);
#1392=VERTEX_POINT('',#4686);
#1393=VERTEX_POINT('',#4687);
#1394=VERTEX_POINT('',#4689);
#1395=VERTEX_POINT('',#4691);
#1396=VERTEX_POINT('',#4694);
#1397=VERTEX_POINT('',#4695);
#1398=VERTEX_POINT('',#4697);
#1399=VERTEX_POINT('',#4699);
#1400=VERTEX_POINT('',#4702);
#1401=VERTEX_POINT('',#4703);
#1402=VERTEX_POINT('',#4705);
#1403=VERTEX_POINT('',#4707);
#1404=VERTEX_POINT('',#4710);
#1405=VERTEX_POINT('',#4711);
#1406=VERTEX_POINT('',#4713);
#1407=VERTEX_POINT('',#4715);
#1408=VERTEX_POINT('',#4718);
#1409=VERTEX_POINT('',#4719);
#1410=VERTEX_POINT('',#4721);
#1411=VERTEX_POINT('',#4723);
#1412=VERTEX_POINT('',#4727);
#1413=VERTEX_POINT('',#4728);
#1414=VERTEX_POINT('',#4737);
#1415=VERTEX_POINT('',#4739);
#1416=VERTEX_POINT('',#4743);
#1417=VERTEX_POINT('',#4745);
#1418=VERTEX_POINT('',#4747);
#1419=VERTEX_POINT('',#4749);
#1420=VERTEX_POINT('',#4751);
#1421=VERTEX_POINT('',#4753);
#1422=VERTEX_POINT('',#4756);
#1423=VERTEX_POINT('',#4757);
#1424=VERTEX_POINT('',#4759);
#1425=VERTEX_POINT('',#4761);
#1426=VERTEX_POINT('',#4764);
#1427=VERTEX_POINT('',#4765);
#1428=VERTEX_POINT('',#4767);
#1429=VERTEX_POINT('',#4769);
#1430=VERTEX_POINT('',#4773);
#1431=VERTEX_POINT('',#4775);
#1432=VERTEX_POINT('',#4779);
#1433=VERTEX_POINT('',#4781);
#1434=VERTEX_POINT('',#4785);
#1435=VERTEX_POINT('',#4787);
#1436=VERTEX_POINT('',#4791);
#1437=VERTEX_POINT('',#4793);
#1438=VERTEX_POINT('',#4797);
#1439=VERTEX_POINT('',#4801);
#1440=VERTEX_POINT('',#4803);
#1441=VERTEX_POINT('',#4807);
#1442=VERTEX_POINT('',#4809);
#1443=VERTEX_POINT('',#4814);
#1444=VERTEX_POINT('',#4816);
#1445=VERTEX_POINT('',#4820);
#1446=VERTEX_POINT('',#4822);
#1447=VERTEX_POINT('',#4826);
#1448=VERTEX_POINT('',#4828);
#1449=VERTEX_POINT('',#4832);
#1450=VERTEX_POINT('',#4834);
#1451=VERTEX_POINT('',#4838);
#1452=VERTEX_POINT('',#4840);
#1453=VERTEX_POINT('',#4844);
#1454=VERTEX_POINT('',#4848);
#1455=VERTEX_POINT('',#4850);
#1456=VERTEX_POINT('',#4854);
#1457=VERTEX_POINT('',#4858);
#1458=VERTEX_POINT('',#4860);
#1459=VERTEX_POINT('',#4864);
#1460=VERTEX_POINT('',#4868);
#1461=VERTEX_POINT('',#4870);
#1462=VERTEX_POINT('',#4874);
#1463=VERTEX_POINT('',#4876);
#1464=VERTEX_POINT('',#4880);
#1465=VERTEX_POINT('',#4884);
#1466=VERTEX_POINT('',#4888);
#1467=VERTEX_POINT('',#4890);
#1468=VERTEX_POINT('',#4894);
#1469=VERTEX_POINT('',#4898);
#1470=VERTEX_POINT('',#4906);
#1471=VERTEX_POINT('',#4908);
#1472=VERTEX_POINT('',#4912);
#1473=VERTEX_POINT('',#4914);
#1474=VERTEX_POINT('',#4924);
#1475=VERTEX_POINT('',#4930);
#1476=VERTEX_POINT('',#4932);
#1477=VERTEX_POINT('',#4936);
#1478=VERTEX_POINT('',#4938);
#1479=VERTEX_POINT('',#4940);
#1480=VERTEX_POINT('',#4942);
#1481=VERTEX_POINT('',#4944);
#1482=VERTEX_POINT('',#4952);
#1483=VERTEX_POINT('',#4954);
#1484=VERTEX_POINT('',#4960);
#1485=VERTEX_POINT('',#4961);
#1486=VERTEX_POINT('',#4963);
#1487=VERTEX_POINT('',#4965);
#1488=VERTEX_POINT('',#4968);
#1489=VERTEX_POINT('',#4974);
#1490=VERTEX_POINT('',#4978);
#1491=VERTEX_POINT('',#4980);
#1492=VERTEX_POINT('',#4982);
#1493=VERTEX_POINT('',#4984);
#1494=VERTEX_POINT('',#4992);
#1495=VERTEX_POINT('',#5015);
#1496=VERTEX_POINT('',#5017);
#1497=VERTEX_POINT('',#5021);
#1498=VERTEX_POINT('',#5023);
#1499=VERTEX_POINT('',#5025);
#1500=VERTEX_POINT('',#5027);
#1501=VERTEX_POINT('',#5029);
#1502=VERTEX_POINT('',#5032);
#1503=VERTEX_POINT('',#5034);
#1504=VERTEX_POINT('',#5036);
#1505=VERTEX_POINT('',#5038);
#1506=VERTEX_POINT('',#5040);
#1507=VERTEX_POINT('',#5043);
#1508=VERTEX_POINT('',#5045);
#1509=VERTEX_POINT('',#5047);
#1510=VERTEX_POINT('',#5049);
#1511=VERTEX_POINT('',#5053);
#1512=VERTEX_POINT('',#5055);
#1513=VERTEX_POINT('',#5059);
#1514=VERTEX_POINT('',#5063);
#1515=VERTEX_POINT('',#5067);
#1516=VERTEX_POINT('',#5068);
#1517=VERTEX_POINT('',#5070);
#1518=VERTEX_POINT('',#5073);
#1519=VERTEX_POINT('',#5077);
#1520=VERTEX_POINT('',#5081);
#1521=VERTEX_POINT('',#5082);
#1522=VERTEX_POINT('',#5084);
#1523=VERTEX_POINT('',#5087);
#1524=VERTEX_POINT('',#5089);
#1525=VERTEX_POINT('',#5095);
#1526=VERTEX_POINT('',#5099);
#1527=VERTEX_POINT('',#5122);
#1528=VERTEX_POINT('',#5126);
#1529=VERTEX_POINT('',#5128);
#1530=VERTEX_POINT('',#5132);
#1531=VERTEX_POINT('',#5136);
#1532=VERTEX_POINT('',#5137);
#1533=VERTEX_POINT('',#5140);
#1534=VERTEX_POINT('',#5144);
#1535=VERTEX_POINT('',#5167);
#1536=VERTEX_POINT('',#5169);
#1537=VERTEX_POINT('',#5174);
#1538=VERTEX_POINT('',#5179);
#1539=VERTEX_POINT('',#5186);
#1540=VERTEX_POINT('',#5187);
#1541=VERTEX_POINT('',#5189);
#1542=VERTEX_POINT('',#5191);
#1543=VERTEX_POINT('',#5194);
#1544=VERTEX_POINT('',#5195);
#1545=VERTEX_POINT('',#5197);
#1546=VERTEX_POINT('',#5199);
#1547=VERTEX_POINT('',#5202);
#1548=VERTEX_POINT('',#5203);
#1549=VERTEX_POINT('',#5205);
#1550=VERTEX_POINT('',#5207);
#1551=VERTEX_POINT('',#5210);
#1552=VERTEX_POINT('',#5211);
#1553=VERTEX_POINT('',#5213);
#1554=VERTEX_POINT('',#5215);
#1555=VERTEX_POINT('',#5218);
#1556=VERTEX_POINT('',#5219);
#1557=VERTEX_POINT('',#5221);
#1558=VERTEX_POINT('',#5223);
#1559=VERTEX_POINT('',#5226);
#1560=VERTEX_POINT('',#5227);
#1561=VERTEX_POINT('',#5229);
#1562=VERTEX_POINT('',#5231);
#1563=VERTEX_POINT('',#5234);
#1564=VERTEX_POINT('',#5235);
#1565=VERTEX_POINT('',#5237);
#1566=VERTEX_POINT('',#5239);
#1567=VERTEX_POINT('',#5242);
#1568=VERTEX_POINT('',#5243);
#1569=VERTEX_POINT('',#5245);
#1570=VERTEX_POINT('',#5247);
#1571=VERTEX_POINT('',#5250);
#1572=VERTEX_POINT('',#5251);
#1573=VERTEX_POINT('',#5253);
#1574=VERTEX_POINT('',#5255);
#1575=VERTEX_POINT('',#5258);
#1576=VERTEX_POINT('',#5259);
#1577=VERTEX_POINT('',#5261);
#1578=VERTEX_POINT('',#5263);
#1579=VERTEX_POINT('',#5266);
#1580=VERTEX_POINT('',#5267);
#1581=VERTEX_POINT('',#5269);
#1582=VERTEX_POINT('',#5271);
#1583=VERTEX_POINT('',#5274);
#1584=VERTEX_POINT('',#5275);
#1585=VERTEX_POINT('',#5277);
#1586=VERTEX_POINT('',#5279);
#1587=VERTEX_POINT('',#5282);
#1588=VERTEX_POINT('',#5283);
#1589=VERTEX_POINT('',#5285);
#1590=VERTEX_POINT('',#5287);
#1591=VERTEX_POINT('',#5290);
#1592=VERTEX_POINT('',#5291);
#1593=VERTEX_POINT('',#5293);
#1594=VERTEX_POINT('',#5295);
#1595=VERTEX_POINT('',#5299);
#1596=VERTEX_POINT('',#5301);
#1597=VERTEX_POINT('',#5305);
#1598=VERTEX_POINT('',#5307);
#1599=VERTEX_POINT('',#5311);
#1600=VERTEX_POINT('',#5313);
#1601=VERTEX_POINT('',#5317);
#1602=VERTEX_POINT('',#5319);
#1603=VERTEX_POINT('',#5323);
#1604=VERTEX_POINT('',#5325);
#1605=VERTEX_POINT('',#5329);
#1606=VERTEX_POINT('',#5331);
#1607=VERTEX_POINT('',#5335);
#1608=VERTEX_POINT('',#5337);
#1609=VERTEX_POINT('',#5341);
#1610=VERTEX_POINT('',#5345);
#1611=VERTEX_POINT('',#5347);
#1612=VERTEX_POINT('',#5351);
#1613=VERTEX_POINT('',#5353);
#1614=VERTEX_POINT('',#5357);
#1615=VERTEX_POINT('',#5361);
#1616=VERTEX_POINT('',#5363);
#1617=VERTEX_POINT('',#5367);
#1618=VERTEX_POINT('',#5371);
#1619=VERTEX_POINT('',#5373);
#1620=VERTEX_POINT('',#5377);
#1621=VERTEX_POINT('',#5381);
#1622=VERTEX_POINT('',#5385);
#1623=VERTEX_POINT('',#5387);
#1624=VERTEX_POINT('',#5391);
#1625=VERTEX_POINT('',#5393);
#1626=VERTEX_POINT('',#5397);
#1627=VERTEX_POINT('',#5399);
#1628=VERTEX_POINT('',#5403);
#1629=VERTEX_POINT('',#5405);
#1630=VERTEX_POINT('',#5411);
#1631=VERTEX_POINT('',#5413);
#1632=VERTEX_POINT('',#5417);
#1633=VERTEX_POINT('',#5421);
#1634=VERTEX_POINT('',#5429);
#1635=VERTEX_POINT('',#5433);
#1636=VERTEX_POINT('',#5435);
#1637=VERTEX_POINT('',#5439);
#1638=VERTEX_POINT('',#5441);
#1639=VERTEX_POINT('',#5445);
#1640=VERTEX_POINT('',#5447);
#1641=VERTEX_POINT('',#5451);
#1642=VERTEX_POINT('',#5459);
#1643=VERTEX_POINT('',#5461);
#1644=VERTEX_POINT('',#5467);
#1645=VERTEX_POINT('',#5477);
#1646=VERTEX_POINT('',#5483);
#1647=VERTEX_POINT('',#5485);
#1648=VERTEX_POINT('',#5493);
#1649=VERTEX_POINT('',#5495);
#1650=VERTEX_POINT('',#5499);
#1651=EDGE_CURVE('',#1349,#1350,#447,.T.);
#1652=EDGE_CURVE('',#1349,#1351,#448,.T.);
#1653=EDGE_CURVE('',#1351,#1352,#449,.T.);
#1654=EDGE_CURVE('',#1352,#1350,#450,.T.);
#1655=EDGE_CURVE('',#1353,#1354,#451,.T.);
#1656=EDGE_CURVE('',#1353,#1355,#452,.T.);
#1657=EDGE_CURVE('',#1355,#1356,#453,.T.);
#1658=EDGE_CURVE('',#1356,#1354,#454,.T.);
#1659=EDGE_CURVE('',#1357,#1357,#46,.T.);
#1660=EDGE_CURVE('',#1358,#1359,#455,.T.);
#1661=EDGE_CURVE('',#1360,#1358,#456,.T.);
#1662=EDGE_CURVE('',#1361,#1360,#457,.T.);
#1663=EDGE_CURVE('',#1359,#1361,#458,.T.);
#1664=EDGE_CURVE('',#1362,#1363,#459,.T.);
#1665=EDGE_CURVE('',#1364,#1362,#460,.T.);
#1666=EDGE_CURVE('',#1365,#1364,#461,.T.);
#1667=EDGE_CURVE('',#1363,#1365,#462,.T.);
#1668=EDGE_CURVE('',#1366,#1367,#463,.T.);
#1669=EDGE_CURVE('',#1368,#1366,#464,.T.);
#1670=EDGE_CURVE('',#1369,#1368,#465,.T.);
#1671=EDGE_CURVE('',#1367,#1369,#466,.T.);
#1672=EDGE_CURVE('',#1370,#1371,#467,.T.);
#1673=EDGE_CURVE('',#1372,#1370,#468,.T.);
#1674=EDGE_CURVE('',#1373,#1372,#469,.T.);
#1675=EDGE_CURVE('',#1371,#1373,#470,.T.);
#1676=EDGE_CURVE('',#1374,#1375,#471,.T.);
#1677=EDGE_CURVE('',#1376,#1374,#472,.T.);
#1678=EDGE_CURVE('',#1377,#1376,#473,.T.);
#1679=EDGE_CURVE('',#1375,#1377,#474,.T.);
#1680=EDGE_CURVE('',#1378,#1379,#475,.T.);
#1681=EDGE_CURVE('',#1380,#1378,#476,.T.);
#1682=EDGE_CURVE('',#1381,#1380,#477,.T.);
#1683=EDGE_CURVE('',#1379,#1381,#478,.T.);
#1684=EDGE_CURVE('',#1382,#1383,#479,.T.);
#1685=EDGE_CURVE('',#1351,#1382,#480,.T.);
#1686=EDGE_CURVE('',#1383,#1349,#481,.T.);
#1687=EDGE_CURVE('',#1384,#1385,#482,.T.);
#1688=EDGE_CURVE('',#1386,#1384,#483,.T.);
#1689=EDGE_CURVE('',#1387,#1386,#484,.T.);
#1690=EDGE_CURVE('',#1385,#1387,#485,.T.);
#1691=EDGE_CURVE('',#1388,#1389,#486,.T.);
#1692=EDGE_CURVE('',#1390,#1388,#487,.T.);
#1693=EDGE_CURVE('',#1391,#1390,#488,.T.);
#1694=EDGE_CURVE('',#1389,#1391,#489,.T.);
#1695=EDGE_CURVE('',#1392,#1393,#490,.T.);
#1696=EDGE_CURVE('',#1394,#1392,#491,.T.);
#1697=EDGE_CURVE('',#1395,#1394,#492,.T.);
#1698=EDGE_CURVE('',#1393,#1395,#493,.T.);
#1699=EDGE_CURVE('',#1396,#1397,#494,.T.);
#1700=EDGE_CURVE('',#1398,#1396,#495,.T.);
#1701=EDGE_CURVE('',#1399,#1398,#496,.T.);
#1702=EDGE_CURVE('',#1397,#1399,#497,.T.);
#1703=EDGE_CURVE('',#1400,#1401,#498,.T.);
#1704=EDGE_CURVE('',#1402,#1400,#499,.T.);
#1705=EDGE_CURVE('',#1403,#1402,#500,.T.);
#1706=EDGE_CURVE('',#1401,#1403,#501,.T.);
#1707=EDGE_CURVE('',#1404,#1405,#502,.T.);
#1708=EDGE_CURVE('',#1406,#1404,#503,.T.);
#1709=EDGE_CURVE('',#1407,#1406,#504,.T.);
#1710=EDGE_CURVE('',#1405,#1407,#505,.T.);
#1711=EDGE_CURVE('',#1408,#1409,#506,.T.);
#1712=EDGE_CURVE('',#1410,#1408,#507,.T.);
#1713=EDGE_CURVE('',#1411,#1410,#508,.T.);
#1714=EDGE_CURVE('',#1409,#1411,#509,.T.);
#1715=EDGE_CURVE('',#1412,#1413,#510,.T.);
#1716=EDGE_CURVE('',#1350,#1412,#511,.T.);
#1717=EDGE_CURVE('',#1413,#1352,#512,.T.);
#1718=EDGE_CURVE('',#1383,#1412,#513,.T.);
#1719=EDGE_CURVE('',#1382,#1413,#514,.T.);
#1720=EDGE_CURVE('',#1364,#1414,#515,.T.);
#1721=EDGE_CURVE('',#1362,#1415,#516,.T.);
#1722=EDGE_CURVE('',#1415,#1414,#517,.T.);
#1723=EDGE_CURVE('',#1416,#1355,#518,.T.);
#1724=EDGE_CURVE('',#1417,#1353,#519,.T.);
#1725=EDGE_CURVE('',#1417,#1418,#520,.T.);
#1726=EDGE_CURVE('',#1418,#1419,#521,.T.);
#1727=EDGE_CURVE('',#1419,#1420,#522,.T.);
#1728=EDGE_CURVE('',#1420,#1421,#523,.T.);
#1729=EDGE_CURVE('',#1421,#1416,#524,.T.);
#1730=EDGE_CURVE('',#1422,#1423,#525,.T.);
#1731=EDGE_CURVE('',#1422,#1424,#526,.T.);
#1732=EDGE_CURVE('',#1424,#1425,#527,.T.);
#1733=EDGE_CURVE('',#1423,#1425,#528,.T.);
#1734=EDGE_CURVE('',#1426,#1427,#529,.T.);
#1735=EDGE_CURVE('',#1428,#1426,#530,.T.);
#1736=EDGE_CURVE('',#1428,#1429,#531,.T.);
#1737=EDGE_CURVE('',#1429,#1427,#532,.T.);
#1738=EDGE_CURVE('',#1407,#1430,#533,.T.);
#1739=EDGE_CURVE('',#1406,#1431,#534,.T.);
#1740=EDGE_CURVE('',#1431,#1430,#535,.T.);
#1741=EDGE_CURVE('',#1395,#1432,#536,.T.);
#1742=EDGE_CURVE('',#1394,#1433,#537,.T.);
#1743=EDGE_CURVE('',#1433,#1432,#538,.T.);
#1744=EDGE_CURVE('',#1404,#1434,#539,.T.);
#1745=EDGE_CURVE('',#1405,#1435,#540,.T.);
#1746=EDGE_CURVE('',#1435,#1434,#541,.T.);
#1747=EDGE_CURVE('',#1397,#1436,#542,.T.);
#1748=EDGE_CURVE('',#1399,#1437,#543,.T.);
#1749=EDGE_CURVE('',#1437,#1436,#544,.T.);
#1750=EDGE_CURVE('',#1365,#1438,#545,.T.);
#1751=EDGE_CURVE('',#1414,#1438,#546,.T.);
#1752=EDGE_CURVE('',#1410,#1439,#547,.T.);
#1753=EDGE_CURVE('',#1408,#1440,#548,.T.);
#1754=EDGE_CURVE('',#1440,#1439,#549,.T.);
#1755=EDGE_CURVE('',#1388,#1441,#550,.T.);
#1756=EDGE_CURVE('',#1389,#1442,#551,.T.);
#1757=EDGE_CURVE('',#1442,#1441,#552,.T.);
#1758=EDGE_CURVE('',#1380,#1443,#553,.T.);
#1759=EDGE_CURVE('',#1378,#1444,#554,.T.);
#1760=EDGE_CURVE('',#1444,#1443,#555,.T.);
#1761=EDGE_CURVE('',#1359,#1445,#556,.T.);
#1762=EDGE_CURVE('',#1361,#1446,#557,.T.);
#1763=EDGE_CURVE('',#1446,#1445,#558,.T.);
#1764=EDGE_CURVE('',#1392,#1447,#559,.T.);
#1765=EDGE_CURVE('',#1393,#1448,#560,.T.);
#1766=EDGE_CURVE('',#1448,#1447,#561,.T.);
#1767=EDGE_CURVE('',#1375,#1449,#562,.T.);
#1768=EDGE_CURVE('',#1377,#1450,#563,.T.);
#1769=EDGE_CURVE('',#1450,#1449,#564,.T.);
#1770=EDGE_CURVE('',#1366,#1451,#565,.T.);
#1771=EDGE_CURVE('',#1367,#1452,#566,.T.);
#1772=EDGE_CURVE('',#1452,#1451,#567,.T.);
#1773=EDGE_CURVE('',#1363,#1453,#568,.T.);
#1774=EDGE_CURVE('',#1453,#1415,#569,.T.);
#1775=EDGE_CURVE('',#1398,#1454,#570,.T.);
#1776=EDGE_CURVE('',#1396,#1455,#571,.T.);
#1777=EDGE_CURVE('',#1455,#1454,#572,.T.);
#1778=EDGE_CURVE('',#1381,#1456,#573,.T.);
#1779=EDGE_CURVE('',#1443,#1456,#574,.T.);
#1780=EDGE_CURVE('',#1401,#1457,#575,.T.);
#1781=EDGE_CURVE('',#1403,#1458,#576,.T.);
#1782=EDGE_CURVE('',#1458,#1457,#577,.T.);
#1783=EDGE_CURVE('',#1391,#1459,#578,.T.);
#1784=EDGE_CURVE('',#1459,#1442,#579,.T.);
#1785=EDGE_CURVE('',#1376,#1460,#580,.T.);
#1786=EDGE_CURVE('',#1374,#1461,#581,.T.);
#1787=EDGE_CURVE('',#1461,#1460,#582,.T.);
#1788=EDGE_CURVE('',#1360,#1462,#583,.T.);
#1789=EDGE_CURVE('',#1358,#1463,#584,.T.);
#1790=EDGE_CURVE('',#1463,#1462,#585,.T.);
#1791=EDGE_CURVE('',#1357,#1464,#586,.T.);
#1792=EDGE_CURVE('',#1464,#1464,#47,.T.);
#1793=EDGE_CURVE('',#1409,#1465,#587,.T.);
#1794=EDGE_CURVE('',#1465,#1440,#588,.T.);
#1795=EDGE_CURVE('',#1385,#1466,#589,.T.);
#1796=EDGE_CURVE('',#1387,#1467,#590,.T.);
#1797=EDGE_CURVE('',#1467,#1466,#591,.T.);
#1798=EDGE_CURVE('',#1379,#1468,#592,.T.);
#1799=EDGE_CURVE('',#1468,#1444,#593,.T.);
#1800=EDGE_CURVE('',#1369,#1469,#594,.T.);
#1801=EDGE_CURVE('',#1469,#1452,#595,.T.);
#1802=EDGE_CURVE('',#1454,#1437,#596,.T.);
#1803=EDGE_CURVE('',#1432,#1448,#597,.T.);
#1804=EDGE_CURVE('',#1371,#1470,#598,.T.);
#1805=EDGE_CURVE('',#1373,#1471,#599,.T.);
#1806=EDGE_CURVE('',#1471,#1470,#600,.T.);
#1807=EDGE_CURVE('',#1402,#1472,#601,.T.);
#1808=EDGE_CURVE('',#1400,#1473,#602,.T.);
#1809=EDGE_CURVE('',#1473,#1472,#603,.T.);
#1810=EDGE_CURVE('',#1460,#1450,#604,.T.);
#1811=EDGE_CURVE('',#1438,#1453,#605,.T.);
#1812=EDGE_CURVE('',#1462,#1446,#606,.T.);
#1813=EDGE_CURVE('',#1411,#1474,#607,.T.);
#1814=EDGE_CURVE('',#1474,#1465,#608,.T.);
#1815=EDGE_CURVE('',#1436,#1455,#609,.T.);
#1816=EDGE_CURVE('',#1386,#1475,#610,.T.);
#1817=EDGE_CURVE('',#1384,#1476,#611,.T.);
#1818=EDGE_CURVE('',#1476,#1475,#612,.T.);
#1819=EDGE_CURVE('',#1477,#1417,#613,.T.);
#1820=EDGE_CURVE('',#1354,#1478,#614,.T.);
#1821=EDGE_CURVE('',#1479,#1478,#615,.T.);
#1822=EDGE_CURVE('',#1479,#1480,#616,.T.);
#1823=EDGE_CURVE('',#1480,#1481,#617,.T.);
#1824=EDGE_CURVE('',#1477,#1481,#618,.T.);
#1825=EDGE_CURVE('',#1430,#1435,#619,.T.);
#1826=EDGE_CURVE('',#1449,#1461,#620,.T.);
#1827=EDGE_CURVE('',#1372,#1482,#621,.T.);
#1828=EDGE_CURVE('',#1370,#1483,#622,.T.);
#1829=EDGE_CURVE('',#1483,#1482,#623,.T.);
#1830=EDGE_CURVE('',#1445,#1463,#624,.T.);
#1831=EDGE_CURVE('',#1484,#1485,#625,.T.);
#1832=EDGE_CURVE('',#1486,#1484,#626,.T.);
#1833=EDGE_CURVE('',#1486,#1487,#627,.T.);
#1834=EDGE_CURVE('',#1478,#1487,#628,.T.);
#1835=EDGE_CURVE('',#1488,#1356,#629,.T.);
#1836=EDGE_CURVE('',#1485,#1488,#630,.T.);
#1837=EDGE_CURVE('',#1472,#1458,#631,.T.);
#1838=EDGE_CURVE('',#1390,#1489,#632,.T.);
#1839=EDGE_CURVE('',#1489,#1459,#633,.T.);
#1840=EDGE_CURVE('',#1490,#1416,#634,.T.);
#1841=EDGE_CURVE('',#1491,#1490,#635,.T.);
#1842=EDGE_CURVE('',#1492,#1491,#636,.T.);
#1843=EDGE_CURVE('',#1493,#1492,#637,.T.);
#1844=EDGE_CURVE('',#1493,#1488,#638,.T.);
#1845=EDGE_CURVE('',#1441,#1489,#639,.T.);
#1846=EDGE_CURVE('',#1475,#1467,#640,.T.);
#1847=EDGE_CURVE('',#1368,#1494,#641,.T.);
#1848=EDGE_CURVE('',#1494,#1469,#642,.T.);
#1849=EDGE_CURVE('',#1434,#1431,#643,.T.);
#1850=EDGE_CURVE('',#1457,#1473,#644,.T.);
#1851=EDGE_CURVE('',#1466,#1476,#645,.T.);
#1852=EDGE_CURVE('',#1482,#1471,#646,.T.);
#1853=EDGE_CURVE('',#1451,#1494,#647,.T.);
#1854=EDGE_CURVE('',#1447,#1433,#648,.T.);
#1855=EDGE_CURVE('',#1456,#1468,#649,.T.);
#1856=EDGE_CURVE('',#1470,#1483,#650,.T.);
#1857=EDGE_CURVE('',#1439,#1474,#651,.T.);
#1858=EDGE_CURVE('',#1427,#1495,#652,.T.);
#1859=EDGE_CURVE('',#1496,#1495,#653,.T.);
#1860=EDGE_CURVE('',#1426,#1496,#654,.T.);
#1861=EDGE_CURVE('',#1497,#1491,#655,.T.);
#1862=EDGE_CURVE('',#1498,#1497,#656,.T.);
#1863=EDGE_CURVE('',#1499,#1498,#657,.T.);
#1864=EDGE_CURVE('',#1500,#1499,#658,.T.);
#1865=EDGE_CURVE('',#1501,#1500,#659,.T.);
#1866=EDGE_CURVE('',#1420,#1501,#660,.T.);
#1867=EDGE_CURVE('',#1419,#1502,#661,.T.);
#1868=EDGE_CURVE('',#1503,#1502,#662,.T.);
#1869=EDGE_CURVE('',#1504,#1503,#663,.T.);
#1870=EDGE_CURVE('',#1505,#1504,#664,.T.);
#1871=EDGE_CURVE('',#1506,#1505,#665,.T.);
#1872=EDGE_CURVE('',#1481,#1506,#666,.T.);
#1873=EDGE_CURVE('',#1480,#1507,#667,.T.);
#1874=EDGE_CURVE('',#1507,#1508,#668,.T.);
#1875=EDGE_CURVE('',#1509,#1508,#669,.T.);
#1876=EDGE_CURVE('',#1510,#1509,#670,.T.);
#1877=EDGE_CURVE('',#1510,#1492,#671,.T.);
#1878=EDGE_CURVE('',#1511,#1423,#672,.T.);
#1879=EDGE_CURVE('',#1512,#1511,#673,.T.);
#1880=EDGE_CURVE('',#1512,#1422,#674,.T.);
#1881=EDGE_CURVE('',#1513,#1429,#675,.T.);
#1882=EDGE_CURVE('',#1495,#1513,#676,.T.);
#1883=EDGE_CURVE('',#1418,#1514,#677,.T.);
#1884=EDGE_CURVE('',#1514,#1502,#678,.T.);
#1885=EDGE_CURVE('',#1515,#1516,#679,.T.);
#1886=EDGE_CURVE('',#1516,#1517,#680,.T.);
#1887=EDGE_CURVE('',#1517,#1514,#681,.T.);
#1888=EDGE_CURVE('',#1477,#1518,#682,.T.);
#1889=EDGE_CURVE('',#1518,#1515,#683,.T.);
#1890=EDGE_CURVE('',#1496,#1519,#684,.T.);
#1891=EDGE_CURVE('',#1519,#1428,#685,.T.);
#1892=EDGE_CURVE('',#1520,#1521,#686,.T.);
#1893=EDGE_CURVE('',#1521,#1522,#687,.T.);
#1894=EDGE_CURVE('',#1522,#1490,#688,.T.);
#1895=EDGE_CURVE('',#1421,#1523,#689,.T.);
#1896=EDGE_CURVE('',#1523,#1524,#690,.T.);
#1897=EDGE_CURVE('',#1524,#1520,#691,.T.);
#1898=EDGE_CURVE('',#1501,#1523,#692,.T.);
#1899=EDGE_CURVE('',#1525,#1512,#693,.T.);
#1900=EDGE_CURVE('',#1424,#1525,#694,.T.);
#1901=EDGE_CURVE('',#1425,#1526,#695,.T.);
#1902=EDGE_CURVE('',#1526,#1511,#696,.T.);
#1903=EDGE_CURVE('',#1525,#1526,#697,.T.);
#1904=EDGE_CURVE('',#1519,#1513,#698,.T.);
#1905=EDGE_CURVE('',#1518,#1506,#699,.T.);
#1906=EDGE_CURVE('',#1479,#1527,#700,.T.);
#1907=EDGE_CURVE('',#1527,#1507,#701,.T.);
#1908=EDGE_CURVE('',#1528,#1487,#702,.T.);
#1909=EDGE_CURVE('',#1528,#1529,#703,.T.);
#1910=EDGE_CURVE('',#1529,#1527,#704,.T.);
#1911=EDGE_CURVE('',#1530,#1486,#705,.T.);
#1912=EDGE_CURVE('',#1530,#1528,#706,.T.);
#1913=EDGE_CURVE('',#1531,#1532,#707,.T.);
#1914=EDGE_CURVE('',#1485,#1532,#708,.T.);
#1915=EDGE_CURVE('',#1533,#1493,#709,.T.);
#1916=EDGE_CURVE('',#1531,#1533,#710,.T.);
#1917=EDGE_CURVE('',#1484,#1534,#711,.T.);
#1918=EDGE_CURVE('',#1534,#1530,#712,.T.);
#1919=EDGE_CURVE('',#1534,#1532,#713,.T.);
#1920=EDGE_CURVE('',#1533,#1510,#714,.T.);
#1921=EDGE_CURVE('',#1522,#1497,#715,.T.);
#1922=EDGE_CURVE('',#1516,#1504,#716,.T.);
#1923=EDGE_CURVE('',#1517,#1503,#717,.T.);
#1924=EDGE_CURVE('',#1520,#1499,#718,.T.);
#1925=EDGE_CURVE('',#1521,#1498,#719,.T.);
#1926=EDGE_CURVE('',#1515,#1505,#720,.T.);
#1927=EDGE_CURVE('',#1524,#1500,#721,.T.);
#1928=EDGE_CURVE('',#1509,#1535,#722,.T.);
#1929=EDGE_CURVE('',#1508,#1536,#723,.T.);
#1930=EDGE_CURVE('',#1536,#1535,#724,.T.);
#1931=EDGE_CURVE('',#1537,#1529,#725,.T.);
#1932=EDGE_CURVE('',#1536,#1537,#726,.T.);
#1933=EDGE_CURVE('',#1535,#1538,#727,.T.);
#1934=EDGE_CURVE('',#1538,#1531,#728,.T.);
#1935=EDGE_CURVE('',#1538,#1537,#729,.T.);
#1936=EDGE_CURVE('',#1539,#1540,#730,.T.);
#1937=EDGE_CURVE('',#1541,#1539,#731,.T.);
#1938=EDGE_CURVE('',#1542,#1541,#732,.T.);
#1939=EDGE_CURVE('',#1540,#1542,#733,.T.);
#1940=EDGE_CURVE('',#1543,#1544,#734,.T.);
#1941=EDGE_CURVE('',#1545,#1543,#735,.T.);
#1942=EDGE_CURVE('',#1546,#1545,#736,.T.);
#1943=EDGE_CURVE('',#1544,#1546,#737,.T.);
#1944=EDGE_CURVE('',#1547,#1548,#738,.T.);
#1945=EDGE_CURVE('',#1549,#1547,#739,.T.);
#1946=EDGE_CURVE('',#1550,#1549,#740,.T.);
#1947=EDGE_CURVE('',#1548,#1550,#741,.T.);
#1948=EDGE_CURVE('',#1551,#1552,#742,.T.);
#1949=EDGE_CURVE('',#1553,#1551,#743,.T.);
#1950=EDGE_CURVE('',#1554,#1553,#744,.T.);
#1951=EDGE_CURVE('',#1552,#1554,#745,.T.);
#1952=EDGE_CURVE('',#1555,#1556,#746,.T.);
#1953=EDGE_CURVE('',#1557,#1555,#747,.T.);
#1954=EDGE_CURVE('',#1558,#1557,#748,.T.);
#1955=EDGE_CURVE('',#1556,#1558,#749,.T.);
#1956=EDGE_CURVE('',#1559,#1560,#750,.T.);
#1957=EDGE_CURVE('',#1561,#1559,#751,.T.);
#1958=EDGE_CURVE('',#1562,#1561,#752,.T.);
#1959=EDGE_CURVE('',#1560,#1562,#753,.T.);
#1960=EDGE_CURVE('',#1563,#1564,#754,.T.);
#1961=EDGE_CURVE('',#1565,#1563,#755,.T.);
#1962=EDGE_CURVE('',#1566,#1565,#756,.T.);
#1963=EDGE_CURVE('',#1564,#1566,#757,.T.);
#1964=EDGE_CURVE('',#1567,#1568,#758,.T.);
#1965=EDGE_CURVE('',#1569,#1567,#759,.T.);
#1966=EDGE_CURVE('',#1570,#1569,#760,.T.);
#1967=EDGE_CURVE('',#1568,#1570,#761,.T.);
#1968=EDGE_CURVE('',#1571,#1572,#762,.T.);
#1969=EDGE_CURVE('',#1573,#1571,#763,.T.);
#1970=EDGE_CURVE('',#1574,#1573,#764,.T.);
#1971=EDGE_CURVE('',#1572,#1574,#765,.T.);
#1972=EDGE_CURVE('',#1575,#1576,#766,.T.);
#1973=EDGE_CURVE('',#1577,#1575,#767,.T.);
#1974=EDGE_CURVE('',#1578,#1577,#768,.T.);
#1975=EDGE_CURVE('',#1576,#1578,#769,.T.);
#1976=EDGE_CURVE('',#1579,#1580,#770,.T.);
#1977=EDGE_CURVE('',#1581,#1579,#771,.T.);
#1978=EDGE_CURVE('',#1582,#1581,#772,.T.);
#1979=EDGE_CURVE('',#1580,#1582,#773,.T.);
#1980=EDGE_CURVE('',#1583,#1584,#774,.T.);
#1981=EDGE_CURVE('',#1585,#1583,#775,.T.);
#1982=EDGE_CURVE('',#1586,#1585,#776,.T.);
#1983=EDGE_CURVE('',#1584,#1586,#777,.T.);
#1984=EDGE_CURVE('',#1587,#1588,#778,.T.);
#1985=EDGE_CURVE('',#1589,#1587,#779,.T.);
#1986=EDGE_CURVE('',#1590,#1589,#780,.T.);
#1987=EDGE_CURVE('',#1588,#1590,#781,.T.);
#1988=EDGE_CURVE('',#1591,#1592,#782,.T.);
#1989=EDGE_CURVE('',#1593,#1591,#783,.T.);
#1990=EDGE_CURVE('',#1594,#1593,#784,.T.);
#1991=EDGE_CURVE('',#1592,#1594,#785,.T.);
#1992=EDGE_CURVE('',#1595,#1584,#786,.T.);
#1993=EDGE_CURVE('',#1596,#1586,#787,.T.);
#1994=EDGE_CURVE('',#1595,#1596,#788,.T.);
#1995=EDGE_CURVE('',#1597,#1585,#789,.T.);
#1996=EDGE_CURVE('',#1598,#1583,#790,.T.);
#1997=EDGE_CURVE('',#1597,#1598,#791,.T.);
#1998=EDGE_CURVE('',#1599,#1577,#792,.T.);
#1999=EDGE_CURVE('',#1600,#1575,#793,.T.);
#2000=EDGE_CURVE('',#1599,#1600,#794,.T.);
#2001=EDGE_CURVE('',#1601,#1541,#795,.T.);
#2002=EDGE_CURVE('',#1602,#1539,#796,.T.);
#2003=EDGE_CURVE('',#1601,#1602,#797,.T.);
#2004=EDGE_CURVE('',#1603,#1571,#798,.T.);
#2005=EDGE_CURVE('',#1604,#1572,#799,.T.);
#2006=EDGE_CURVE('',#1603,#1604,#800,.T.);
#2007=EDGE_CURVE('',#1605,#1563,#801,.T.);
#2008=EDGE_CURVE('',#1606,#1564,#802,.T.);
#2009=EDGE_CURVE('',#1605,#1606,#803,.T.);
#2010=EDGE_CURVE('',#1607,#1545,#804,.T.);
#2011=EDGE_CURVE('',#1608,#1543,#805,.T.);
#2012=EDGE_CURVE('',#1607,#1608,#806,.T.);
#2013=EDGE_CURVE('',#1609,#1576,#807,.T.);
#2014=EDGE_CURVE('',#1600,#1609,#808,.T.);
#2015=EDGE_CURVE('',#1610,#1570,#809,.T.);
#2016=EDGE_CURVE('',#1611,#1569,#810,.T.);
#2017=EDGE_CURVE('',#1610,#1611,#811,.T.);
#2018=EDGE_CURVE('',#1612,#1547,#812,.T.);
#2019=EDGE_CURVE('',#1613,#1548,#813,.T.);
#2020=EDGE_CURVE('',#1612,#1613,#814,.T.);
#2021=EDGE_CURVE('',#1614,#1568,#815,.T.);
#2022=EDGE_CURVE('',#1614,#1610,#816,.T.);
#2023=EDGE_CURVE('',#1615,#1554,#817,.T.);
#2024=EDGE_CURVE('',#1616,#1553,#818,.T.);
#2025=EDGE_CURVE('',#1615,#1616,#819,.T.);
#2026=EDGE_CURVE('',#1617,#1544,#820,.T.);
#2027=EDGE_CURVE('',#1608,#1617,#821,.T.);
#2028=EDGE_CURVE('',#1618,#1566,#822,.T.);
#2029=EDGE_CURVE('',#1619,#1565,#823,.T.);
#2030=EDGE_CURVE('',#1618,#1619,#824,.T.);
#2031=EDGE_CURVE('',#1620,#1552,#825,.T.);
#2032=EDGE_CURVE('',#1620,#1615,#826,.T.);
#2033=EDGE_CURVE('',#1621,#1578,#827,.T.);
#2034=EDGE_CURVE('',#1621,#1599,#828,.T.);
#2035=EDGE_CURVE('',#1622,#1574,#829,.T.);
#2036=EDGE_CURVE('',#1623,#1573,#830,.T.);
#2037=EDGE_CURVE('',#1622,#1623,#831,.T.);
#2038=EDGE_CURVE('',#1624,#1559,#832,.T.);
#2039=EDGE_CURVE('',#1625,#1560,#833,.T.);
#2040=EDGE_CURVE('',#1624,#1625,#834,.T.);
#2041=EDGE_CURVE('',#1626,#1591,#835,.T.);
#2042=EDGE_CURVE('',#1627,#1592,#836,.T.);
#2043=EDGE_CURVE('',#1626,#1627,#837,.T.);
#2044=EDGE_CURVE('',#1628,#1590,#838,.T.);
#2045=EDGE_CURVE('',#1629,#1589,#839,.T.);
#2046=EDGE_CURVE('',#1628,#1629,#840,.T.);
#2047=EDGE_CURVE('',#1606,#1618,#841,.T.);
#2048=EDGE_CURVE('',#1630,#1550,#842,.T.);
#2049=EDGE_CURVE('',#1631,#1549,#843,.T.);
#2050=EDGE_CURVE('',#1630,#1631,#844,.T.);
#2051=EDGE_CURVE('',#1632,#1546,#845,.T.);
#2052=EDGE_CURVE('',#1632,#1607,#846,.T.);
#2053=EDGE_CURVE('',#1633,#1588,#847,.T.);
#2054=EDGE_CURVE('',#1633,#1628,#848,.T.);
#2055=EDGE_CURVE('',#1609,#1621,#849,.T.);
#2056=EDGE_CURVE('',#1604,#1622,#850,.T.);
#2057=EDGE_CURVE('',#1634,#1567,#851,.T.);
#2058=EDGE_CURVE('',#1611,#1634,#852,.T.);
#2059=EDGE_CURVE('',#1635,#1579,#853,.T.);
#2060=EDGE_CURVE('',#1636,#1580,#854,.T.);
#2061=EDGE_CURVE('',#1635,#1636,#855,.T.);
#2062=EDGE_CURVE('',#1637,#1562,#856,.T.);
#2063=EDGE_CURVE('',#1638,#1561,#857,.T.);
#2064=EDGE_CURVE('',#1637,#1638,#858,.T.);
#2065=EDGE_CURVE('',#1639,#1555,#859,.T.);
#2066=EDGE_CURVE('',#1640,#1556,#860,.T.);
#2067=EDGE_CURVE('',#1639,#1640,#861,.T.);
#2068=EDGE_CURVE('',#1641,#1551,#862,.T.);
#2069=EDGE_CURVE('',#1616,#1641,#863,.T.);
#2070=EDGE_CURVE('',#1613,#1630,#864,.T.);
#2071=EDGE_CURVE('',#1617,#1632,#865,.T.);
#2072=EDGE_CURVE('',#1642,#1594,#866,.T.);
#2073=EDGE_CURVE('',#1643,#1593,#867,.T.);
#2074=EDGE_CURVE('',#1642,#1643,#868,.T.);
#2075=EDGE_CURVE('',#1623,#1603,#869,.T.);
#2076=EDGE_CURVE('',#1644,#1540,#870,.T.);
#2077=EDGE_CURVE('',#1602,#1644,#871,.T.);
#2078=EDGE_CURVE('',#1634,#1614,#872,.T.);
#2079=EDGE_CURVE('',#1631,#1612,#873,.T.);
#2080=EDGE_CURVE('',#1627,#1642,#874,.T.);
#2081=EDGE_CURVE('',#1645,#1587,#875,.T.);
#2082=EDGE_CURVE('',#1629,#1645,#876,.T.);
#2083=EDGE_CURVE('',#1598,#1595,#877,.T.);
#2084=EDGE_CURVE('',#1646,#1582,#878,.T.);
#2085=EDGE_CURVE('',#1647,#1581,#879,.T.);
#2086=EDGE_CURVE('',#1646,#1647,#880,.T.);
#2087=EDGE_CURVE('',#1625,#1637,#881,.T.);
#2088=EDGE_CURVE('',#1641,#1620,#882,.T.);
#2089=EDGE_CURVE('',#1648,#1558,#883,.T.);
#2090=EDGE_CURVE('',#1649,#1557,#884,.T.);
#2091=EDGE_CURVE('',#1648,#1649,#885,.T.);
#2092=EDGE_CURVE('',#1650,#1542,#886,.T.);
#2093=EDGE_CURVE('',#1650,#1601,#887,.T.);
#2094=EDGE_CURVE('',#1643,#1626,#888,.T.);
#2095=EDGE_CURVE('',#1638,#1624,#889,.T.);
#2096=EDGE_CURVE('',#1645,#1633,#890,.T.);
#2097=EDGE_CURVE('',#1636,#1646,#891,.T.);
#2098=EDGE_CURVE('',#1619,#1605,#892,.T.);
#2099=EDGE_CURVE('',#1640,#1648,#893,.T.);
#2100=EDGE_CURVE('',#1649,#1639,#894,.T.);
#2101=EDGE_CURVE('',#1596,#1597,#895,.T.);
#2102=EDGE_CURVE('',#1644,#1650,#896,.T.);
#2103=EDGE_CURVE('',#1647,#1635,#897,.T.);
#2104=ORIENTED_EDGE('',*,*,#1651,.F.);
#2105=ORIENTED_EDGE('',*,*,#1652,.T.);
#2106=ORIENTED_EDGE('',*,*,#1653,.T.);
#2107=ORIENTED_EDGE('',*,*,#1654,.T.);
#2108=ORIENTED_EDGE('',*,*,#1655,.F.);
#2109=ORIENTED_EDGE('',*,*,#1656,.T.);
#2110=ORIENTED_EDGE('',*,*,#1657,.T.);
#2111=ORIENTED_EDGE('',*,*,#1658,.T.);
#2112=ORIENTED_EDGE('',*,*,#1659,.F.);
#2113=ORIENTED_EDGE('',*,*,#1660,.F.);
#2114=ORIENTED_EDGE('',*,*,#1661,.F.);
#2115=ORIENTED_EDGE('',*,*,#1662,.F.);
#2116=ORIENTED_EDGE('',*,*,#1663,.F.);
#2117=ORIENTED_EDGE('',*,*,#1664,.F.);
#2118=ORIENTED_EDGE('',*,*,#1665,.F.);
#2119=ORIENTED_EDGE('',*,*,#1666,.F.);
#2120=ORIENTED_EDGE('',*,*,#1667,.F.);
#2121=ORIENTED_EDGE('',*,*,#1668,.F.);
#2122=ORIENTED_EDGE('',*,*,#1669,.F.);
#2123=ORIENTED_EDGE('',*,*,#1670,.F.);
#2124=ORIENTED_EDGE('',*,*,#1671,.F.);
#2125=ORIENTED_EDGE('',*,*,#1672,.F.);
#2126=ORIENTED_EDGE('',*,*,#1673,.F.);
#2127=ORIENTED_EDGE('',*,*,#1674,.F.);
#2128=ORIENTED_EDGE('',*,*,#1675,.F.);
#2129=ORIENTED_EDGE('',*,*,#1676,.F.);
#2130=ORIENTED_EDGE('',*,*,#1677,.F.);
#2131=ORIENTED_EDGE('',*,*,#1678,.F.);
#2132=ORIENTED_EDGE('',*,*,#1679,.F.);
#2133=ORIENTED_EDGE('',*,*,#1680,.F.);
#2134=ORIENTED_EDGE('',*,*,#1681,.F.);
#2135=ORIENTED_EDGE('',*,*,#1682,.F.);
#2136=ORIENTED_EDGE('',*,*,#1683,.F.);
#2137=ORIENTED_EDGE('',*,*,#1684,.F.);
#2138=ORIENTED_EDGE('',*,*,#1685,.F.);
#2139=ORIENTED_EDGE('',*,*,#1652,.F.);
#2140=ORIENTED_EDGE('',*,*,#1686,.F.);
#2141=ORIENTED_EDGE('',*,*,#1687,.F.);
#2142=ORIENTED_EDGE('',*,*,#1688,.F.);
#2143=ORIENTED_EDGE('',*,*,#1689,.F.);
#2144=ORIENTED_EDGE('',*,*,#1690,.F.);
#2145=ORIENTED_EDGE('',*,*,#1691,.F.);
#2146=ORIENTED_EDGE('',*,*,#1692,.F.);
#2147=ORIENTED_EDGE('',*,*,#1693,.F.);
#2148=ORIENTED_EDGE('',*,*,#1694,.F.);
#2149=ORIENTED_EDGE('',*,*,#1695,.F.);
#2150=ORIENTED_EDGE('',*,*,#1696,.F.);
#2151=ORIENTED_EDGE('',*,*,#1697,.F.);
#2152=ORIENTED_EDGE('',*,*,#1698,.F.);
#2153=ORIENTED_EDGE('',*,*,#1699,.F.);
#2154=ORIENTED_EDGE('',*,*,#1700,.F.);
#2155=ORIENTED_EDGE('',*,*,#1701,.F.);
#2156=ORIENTED_EDGE('',*,*,#1702,.F.);
#2157=ORIENTED_EDGE('',*,*,#1703,.F.);
#2158=ORIENTED_EDGE('',*,*,#1704,.F.);
#2159=ORIENTED_EDGE('',*,*,#1705,.F.);
#2160=ORIENTED_EDGE('',*,*,#1706,.F.);
#2161=ORIENTED_EDGE('',*,*,#1707,.F.);
#2162=ORIENTED_EDGE('',*,*,#1708,.F.);
#2163=ORIENTED_EDGE('',*,*,#1709,.F.);
#2164=ORIENTED_EDGE('',*,*,#1710,.F.);
#2165=ORIENTED_EDGE('',*,*,#1711,.F.);
#2166=ORIENTED_EDGE('',*,*,#1712,.F.);
#2167=ORIENTED_EDGE('',*,*,#1713,.F.);
#2168=ORIENTED_EDGE('',*,*,#1714,.F.);
#2169=ORIENTED_EDGE('',*,*,#1715,.F.);
#2170=ORIENTED_EDGE('',*,*,#1716,.F.);
#2171=ORIENTED_EDGE('',*,*,#1654,.F.);
#2172=ORIENTED_EDGE('',*,*,#1717,.F.);
#2173=ORIENTED_EDGE('',*,*,#1718,.F.);
#2174=ORIENTED_EDGE('',*,*,#1686,.T.);
#2175=ORIENTED_EDGE('',*,*,#1651,.T.);
#2176=ORIENTED_EDGE('',*,*,#1716,.T.);
#2177=ORIENTED_EDGE('',*,*,#1653,.F.);
#2178=ORIENTED_EDGE('',*,*,#1685,.T.);
#2179=ORIENTED_EDGE('',*,*,#1719,.T.);
#2180=ORIENTED_EDGE('',*,*,#1717,.T.);
#2181=ORIENTED_EDGE('',*,*,#1720,.F.);
#2182=ORIENTED_EDGE('',*,*,#1665,.T.);
#2183=ORIENTED_EDGE('',*,*,#1721,.T.);
#2184=ORIENTED_EDGE('',*,*,#1722,.T.);
#2185=ORIENTED_EDGE('',*,*,#1723,.T.);
#2186=ORIENTED_EDGE('',*,*,#1656,.F.);
#2187=ORIENTED_EDGE('',*,*,#1724,.F.);
#2188=ORIENTED_EDGE('',*,*,#1725,.T.);
#2189=ORIENTED_EDGE('',*,*,#1726,.T.);
#2190=ORIENTED_EDGE('',*,*,#1727,.T.);
#2191=ORIENTED_EDGE('',*,*,#1728,.T.);
#2192=ORIENTED_EDGE('',*,*,#1729,.T.);
#2193=ORIENTED_EDGE('',*,*,#1730,.F.);
#2194=ORIENTED_EDGE('',*,*,#1731,.T.);
#2195=ORIENTED_EDGE('',*,*,#1732,.T.);
#2196=ORIENTED_EDGE('',*,*,#1733,.F.);
#2197=ORIENTED_EDGE('',*,*,#1734,.F.);
#2198=ORIENTED_EDGE('',*,*,#1735,.F.);
#2199=ORIENTED_EDGE('',*,*,#1736,.T.);
#2200=ORIENTED_EDGE('',*,*,#1737,.T.);
#2201=ORIENTED_EDGE('',*,*,#1738,.F.);
#2202=ORIENTED_EDGE('',*,*,#1709,.T.);
#2203=ORIENTED_EDGE('',*,*,#1739,.T.);
#2204=ORIENTED_EDGE('',*,*,#1740,.T.);
#2205=ORIENTED_EDGE('',*,*,#1741,.F.);
#2206=ORIENTED_EDGE('',*,*,#1697,.T.);
#2207=ORIENTED_EDGE('',*,*,#1742,.T.);
#2208=ORIENTED_EDGE('',*,*,#1743,.T.);
#2209=ORIENTED_EDGE('',*,*,#1744,.F.);
#2210=ORIENTED_EDGE('',*,*,#1707,.T.);
#2211=ORIENTED_EDGE('',*,*,#1745,.T.);
#2212=ORIENTED_EDGE('',*,*,#1746,.T.);
#2213=ORIENTED_EDGE('',*,*,#1747,.F.);
#2214=ORIENTED_EDGE('',*,*,#1702,.T.);
#2215=ORIENTED_EDGE('',*,*,#1748,.T.);
#2216=ORIENTED_EDGE('',*,*,#1749,.T.);
#2217=ORIENTED_EDGE('',*,*,#1750,.F.);
#2218=ORIENTED_EDGE('',*,*,#1666,.T.);
#2219=ORIENTED_EDGE('',*,*,#1720,.T.);
#2220=ORIENTED_EDGE('',*,*,#1751,.T.);
#2221=ORIENTED_EDGE('',*,*,#1752,.F.);
#2222=ORIENTED_EDGE('',*,*,#1712,.T.);
#2223=ORIENTED_EDGE('',*,*,#1753,.T.);
#2224=ORIENTED_EDGE('',*,*,#1754,.T.);
#2225=ORIENTED_EDGE('',*,*,#1755,.F.);
#2226=ORIENTED_EDGE('',*,*,#1691,.T.);
#2227=ORIENTED_EDGE('',*,*,#1756,.T.);
#2228=ORIENTED_EDGE('',*,*,#1757,.T.);
#2229=ORIENTED_EDGE('',*,*,#1719,.F.);
#2230=ORIENTED_EDGE('',*,*,#1684,.T.);
#2231=ORIENTED_EDGE('',*,*,#1718,.T.);
#2232=ORIENTED_EDGE('',*,*,#1715,.T.);
#2233=ORIENTED_EDGE('',*,*,#1758,.F.);
#2234=ORIENTED_EDGE('',*,*,#1681,.T.);
#2235=ORIENTED_EDGE('',*,*,#1759,.T.);
#2236=ORIENTED_EDGE('',*,*,#1760,.T.);
#2237=ORIENTED_EDGE('',*,*,#1761,.F.);
#2238=ORIENTED_EDGE('',*,*,#1663,.T.);
#2239=ORIENTED_EDGE('',*,*,#1762,.T.);
#2240=ORIENTED_EDGE('',*,*,#1763,.T.);
#2241=ORIENTED_EDGE('',*,*,#1764,.F.);
#2242=ORIENTED_EDGE('',*,*,#1695,.T.);
#2243=ORIENTED_EDGE('',*,*,#1765,.T.);
#2244=ORIENTED_EDGE('',*,*,#1766,.T.);
#2245=ORIENTED_EDGE('',*,*,#1767,.F.);
#2246=ORIENTED_EDGE('',*,*,#1679,.T.);
#2247=ORIENTED_EDGE('',*,*,#1768,.T.);
#2248=ORIENTED_EDGE('',*,*,#1769,.T.);
#2249=ORIENTED_EDGE('',*,*,#1770,.F.);
#2250=ORIENTED_EDGE('',*,*,#1668,.T.);
#2251=ORIENTED_EDGE('',*,*,#1771,.T.);
#2252=ORIENTED_EDGE('',*,*,#1772,.T.);
#2253=ORIENTED_EDGE('',*,*,#1721,.F.);
#2254=ORIENTED_EDGE('',*,*,#1664,.T.);
#2255=ORIENTED_EDGE('',*,*,#1773,.T.);
#2256=ORIENTED_EDGE('',*,*,#1774,.T.);
#2257=ORIENTED_EDGE('',*,*,#1775,.F.);
#2258=ORIENTED_EDGE('',*,*,#1700,.T.);
#2259=ORIENTED_EDGE('',*,*,#1776,.T.);
#2260=ORIENTED_EDGE('',*,*,#1777,.T.);
#2261=ORIENTED_EDGE('',*,*,#1778,.F.);
#2262=ORIENTED_EDGE('',*,*,#1682,.T.);
#2263=ORIENTED_EDGE('',*,*,#1758,.T.);
#2264=ORIENTED_EDGE('',*,*,#1779,.T.);
#2265=ORIENTED_EDGE('',*,*,#1780,.F.);
#2266=ORIENTED_EDGE('',*,*,#1706,.T.);
#2267=ORIENTED_EDGE('',*,*,#1781,.T.);
#2268=ORIENTED_EDGE('',*,*,#1782,.T.);
#2269=ORIENTED_EDGE('',*,*,#1756,.F.);
#2270=ORIENTED_EDGE('',*,*,#1694,.T.);
#2271=ORIENTED_EDGE('',*,*,#1783,.T.);
#2272=ORIENTED_EDGE('',*,*,#1784,.T.);
#2273=ORIENTED_EDGE('',*,*,#1785,.F.);
#2274=ORIENTED_EDGE('',*,*,#1677,.T.);
#2275=ORIENTED_EDGE('',*,*,#1786,.T.);
#2276=ORIENTED_EDGE('',*,*,#1787,.T.);
#2277=ORIENTED_EDGE('',*,*,#1788,.F.);
#2278=ORIENTED_EDGE('',*,*,#1661,.T.);
#2279=ORIENTED_EDGE('',*,*,#1789,.T.);
#2280=ORIENTED_EDGE('',*,*,#1790,.T.);
#2281=ORIENTED_EDGE('',*,*,#1659,.T.);
#2282=ORIENTED_EDGE('',*,*,#1791,.T.);
#2283=ORIENTED_EDGE('',*,*,#1792,.F.);
#2284=ORIENTED_EDGE('',*,*,#1791,.F.);
#2285=ORIENTED_EDGE('',*,*,#1753,.F.);
#2286=ORIENTED_EDGE('',*,*,#1711,.T.);
#2287=ORIENTED_EDGE('',*,*,#1793,.T.);
#2288=ORIENTED_EDGE('',*,*,#1794,.T.);
#2289=ORIENTED_EDGE('',*,*,#1795,.F.);
#2290=ORIENTED_EDGE('',*,*,#1690,.T.);
#2291=ORIENTED_EDGE('',*,*,#1796,.T.);
#2292=ORIENTED_EDGE('',*,*,#1797,.T.);
#2293=ORIENTED_EDGE('',*,*,#1759,.F.);
#2294=ORIENTED_EDGE('',*,*,#1680,.T.);
#2295=ORIENTED_EDGE('',*,*,#1798,.T.);
#2296=ORIENTED_EDGE('',*,*,#1799,.T.);
#2297=ORIENTED_EDGE('',*,*,#1771,.F.);
#2298=ORIENTED_EDGE('',*,*,#1671,.T.);
#2299=ORIENTED_EDGE('',*,*,#1800,.T.);
#2300=ORIENTED_EDGE('',*,*,#1801,.T.);
#2301=ORIENTED_EDGE('',*,*,#1748,.F.);
#2302=ORIENTED_EDGE('',*,*,#1701,.T.);
#2303=ORIENTED_EDGE('',*,*,#1775,.T.);
#2304=ORIENTED_EDGE('',*,*,#1802,.T.);
#2305=ORIENTED_EDGE('',*,*,#1765,.F.);
#2306=ORIENTED_EDGE('',*,*,#1698,.T.);
#2307=ORIENTED_EDGE('',*,*,#1741,.T.);
#2308=ORIENTED_EDGE('',*,*,#1803,.T.);
#2309=ORIENTED_EDGE('',*,*,#1804,.F.);
#2310=ORIENTED_EDGE('',*,*,#1675,.T.);
#2311=ORIENTED_EDGE('',*,*,#1805,.T.);
#2312=ORIENTED_EDGE('',*,*,#1806,.T.);
#2313=ORIENTED_EDGE('',*,*,#1807,.F.);
#2314=ORIENTED_EDGE('',*,*,#1704,.T.);
#2315=ORIENTED_EDGE('',*,*,#1808,.T.);
#2316=ORIENTED_EDGE('',*,*,#1809,.T.);
#2317=ORIENTED_EDGE('',*,*,#1768,.F.);
#2318=ORIENTED_EDGE('',*,*,#1678,.T.);
#2319=ORIENTED_EDGE('',*,*,#1785,.T.);
#2320=ORIENTED_EDGE('',*,*,#1810,.T.);
#2321=ORIENTED_EDGE('',*,*,#1773,.F.);
#2322=ORIENTED_EDGE('',*,*,#1667,.T.);
#2323=ORIENTED_EDGE('',*,*,#1750,.T.);
#2324=ORIENTED_EDGE('',*,*,#1811,.T.);
#2325=ORIENTED_EDGE('',*,*,#1762,.F.);
#2326=ORIENTED_EDGE('',*,*,#1662,.T.);
#2327=ORIENTED_EDGE('',*,*,#1788,.T.);
#2328=ORIENTED_EDGE('',*,*,#1812,.T.);
#2329=ORIENTED_EDGE('',*,*,#1793,.F.);
#2330=ORIENTED_EDGE('',*,*,#1714,.T.);
#2331=ORIENTED_EDGE('',*,*,#1813,.T.);
#2332=ORIENTED_EDGE('',*,*,#1814,.T.);
#2333=ORIENTED_EDGE('',*,*,#1776,.F.);
#2334=ORIENTED_EDGE('',*,*,#1699,.T.);
#2335=ORIENTED_EDGE('',*,*,#1747,.T.);
#2336=ORIENTED_EDGE('',*,*,#1815,.T.);
#2337=ORIENTED_EDGE('',*,*,#1816,.F.);
#2338=ORIENTED_EDGE('',*,*,#1688,.T.);
#2339=ORIENTED_EDGE('',*,*,#1817,.T.);
#2340=ORIENTED_EDGE('',*,*,#1818,.T.);
#2341=ORIENTED_EDGE('',*,*,#1819,.T.);
#2342=ORIENTED_EDGE('',*,*,#1724,.T.);
#2343=ORIENTED_EDGE('',*,*,#1655,.T.);
#2344=ORIENTED_EDGE('',*,*,#1820,.T.);
#2345=ORIENTED_EDGE('',*,*,#1821,.F.);
#2346=ORIENTED_EDGE('',*,*,#1822,.T.);
#2347=ORIENTED_EDGE('',*,*,#1823,.T.);
#2348=ORIENTED_EDGE('',*,*,#1824,.F.);
#2349=ORIENTED_EDGE('',*,*,#1745,.F.);
#2350=ORIENTED_EDGE('',*,*,#1710,.T.);
#2351=ORIENTED_EDGE('',*,*,#1738,.T.);
#2352=ORIENTED_EDGE('',*,*,#1825,.T.);
#2353=ORIENTED_EDGE('',*,*,#1786,.F.);
#2354=ORIENTED_EDGE('',*,*,#1676,.T.);
#2355=ORIENTED_EDGE('',*,*,#1767,.T.);
#2356=ORIENTED_EDGE('',*,*,#1826,.T.);
#2357=ORIENTED_EDGE('',*,*,#1827,.F.);
#2358=ORIENTED_EDGE('',*,*,#1673,.T.);
#2359=ORIENTED_EDGE('',*,*,#1828,.T.);
#2360=ORIENTED_EDGE('',*,*,#1829,.T.);
#2361=ORIENTED_EDGE('',*,*,#1789,.F.);
#2362=ORIENTED_EDGE('',*,*,#1660,.T.);
#2363=ORIENTED_EDGE('',*,*,#1761,.T.);
#2364=ORIENTED_EDGE('',*,*,#1830,.T.);
#2365=ORIENTED_EDGE('',*,*,#1831,.F.);
#2366=ORIENTED_EDGE('',*,*,#1832,.F.);
#2367=ORIENTED_EDGE('',*,*,#1833,.T.);
#2368=ORIENTED_EDGE('',*,*,#1834,.F.);
#2369=ORIENTED_EDGE('',*,*,#1820,.F.);
#2370=ORIENTED_EDGE('',*,*,#1658,.F.);
#2371=ORIENTED_EDGE('',*,*,#1835,.F.);
#2372=ORIENTED_EDGE('',*,*,#1836,.F.);
#2373=ORIENTED_EDGE('',*,*,#1781,.F.);
#2374=ORIENTED_EDGE('',*,*,#1705,.T.);
#2375=ORIENTED_EDGE('',*,*,#1807,.T.);
#2376=ORIENTED_EDGE('',*,*,#1837,.T.);
#2377=ORIENTED_EDGE('',*,*,#1783,.F.);
#2378=ORIENTED_EDGE('',*,*,#1693,.T.);
#2379=ORIENTED_EDGE('',*,*,#1838,.T.);
#2380=ORIENTED_EDGE('',*,*,#1839,.T.);
#2381=ORIENTED_EDGE('',*,*,#1657,.F.);
#2382=ORIENTED_EDGE('',*,*,#1723,.F.);
#2383=ORIENTED_EDGE('',*,*,#1840,.F.);
#2384=ORIENTED_EDGE('',*,*,#1841,.F.);
#2385=ORIENTED_EDGE('',*,*,#1842,.F.);
#2386=ORIENTED_EDGE('',*,*,#1843,.F.);
#2387=ORIENTED_EDGE('',*,*,#1844,.T.);
#2388=ORIENTED_EDGE('',*,*,#1835,.T.);
#2389=ORIENTED_EDGE('',*,*,#1838,.F.);
#2390=ORIENTED_EDGE('',*,*,#1692,.T.);
#2391=ORIENTED_EDGE('',*,*,#1755,.T.);
#2392=ORIENTED_EDGE('',*,*,#1845,.T.);
#2393=ORIENTED_EDGE('',*,*,#1796,.F.);
#2394=ORIENTED_EDGE('',*,*,#1689,.T.);
#2395=ORIENTED_EDGE('',*,*,#1816,.T.);
#2396=ORIENTED_EDGE('',*,*,#1846,.T.);
#2397=ORIENTED_EDGE('',*,*,#1800,.F.);
#2398=ORIENTED_EDGE('',*,*,#1670,.T.);
#2399=ORIENTED_EDGE('',*,*,#1847,.T.);
#2400=ORIENTED_EDGE('',*,*,#1848,.T.);
#2401=ORIENTED_EDGE('',*,*,#1739,.F.);
#2402=ORIENTED_EDGE('',*,*,#1708,.T.);
#2403=ORIENTED_EDGE('',*,*,#1744,.T.);
#2404=ORIENTED_EDGE('',*,*,#1849,.T.);
#2405=ORIENTED_EDGE('',*,*,#1808,.F.);
#2406=ORIENTED_EDGE('',*,*,#1703,.T.);
#2407=ORIENTED_EDGE('',*,*,#1780,.T.);
#2408=ORIENTED_EDGE('',*,*,#1850,.T.);
#2409=ORIENTED_EDGE('',*,*,#1817,.F.);
#2410=ORIENTED_EDGE('',*,*,#1687,.T.);
#2411=ORIENTED_EDGE('',*,*,#1795,.T.);
#2412=ORIENTED_EDGE('',*,*,#1851,.T.);
#2413=ORIENTED_EDGE('',*,*,#1805,.F.);
#2414=ORIENTED_EDGE('',*,*,#1674,.T.);
#2415=ORIENTED_EDGE('',*,*,#1827,.T.);
#2416=ORIENTED_EDGE('',*,*,#1852,.T.);
#2417=ORIENTED_EDGE('',*,*,#1847,.F.);
#2418=ORIENTED_EDGE('',*,*,#1669,.T.);
#2419=ORIENTED_EDGE('',*,*,#1770,.T.);
#2420=ORIENTED_EDGE('',*,*,#1853,.T.);
#2421=ORIENTED_EDGE('',*,*,#1742,.F.);
#2422=ORIENTED_EDGE('',*,*,#1696,.T.);
#2423=ORIENTED_EDGE('',*,*,#1764,.T.);
#2424=ORIENTED_EDGE('',*,*,#1854,.T.);
#2425=ORIENTED_EDGE('',*,*,#1798,.F.);
#2426=ORIENTED_EDGE('',*,*,#1683,.T.);
#2427=ORIENTED_EDGE('',*,*,#1778,.T.);
#2428=ORIENTED_EDGE('',*,*,#1855,.T.);
#2429=ORIENTED_EDGE('',*,*,#1828,.F.);
#2430=ORIENTED_EDGE('',*,*,#1672,.T.);
#2431=ORIENTED_EDGE('',*,*,#1804,.T.);
#2432=ORIENTED_EDGE('',*,*,#1856,.T.);
#2433=ORIENTED_EDGE('',*,*,#1813,.F.);
#2434=ORIENTED_EDGE('',*,*,#1713,.T.);
#2435=ORIENTED_EDGE('',*,*,#1752,.T.);
#2436=ORIENTED_EDGE('',*,*,#1857,.T.);
#2437=ORIENTED_EDGE('',*,*,#1774,.F.);
#2438=ORIENTED_EDGE('',*,*,#1811,.F.);
#2439=ORIENTED_EDGE('',*,*,#1751,.F.);
#2440=ORIENTED_EDGE('',*,*,#1722,.F.);
#2441=ORIENTED_EDGE('',*,*,#1858,.T.);
#2442=ORIENTED_EDGE('',*,*,#1859,.F.);
#2443=ORIENTED_EDGE('',*,*,#1860,.F.);
#2444=ORIENTED_EDGE('',*,*,#1734,.T.);
#2445=ORIENTED_EDGE('',*,*,#1861,.F.);
#2446=ORIENTED_EDGE('',*,*,#1862,.F.);
#2447=ORIENTED_EDGE('',*,*,#1863,.F.);
#2448=ORIENTED_EDGE('',*,*,#1864,.F.);
#2449=ORIENTED_EDGE('',*,*,#1865,.F.);
#2450=ORIENTED_EDGE('',*,*,#1866,.F.);
#2451=ORIENTED_EDGE('',*,*,#1727,.F.);
#2452=ORIENTED_EDGE('',*,*,#1867,.T.);
#2453=ORIENTED_EDGE('',*,*,#1868,.F.);
#2454=ORIENTED_EDGE('',*,*,#1869,.F.);
#2455=ORIENTED_EDGE('',*,*,#1870,.F.);
#2456=ORIENTED_EDGE('',*,*,#1871,.F.);
#2457=ORIENTED_EDGE('',*,*,#1872,.F.);
#2458=ORIENTED_EDGE('',*,*,#1823,.F.);
#2459=ORIENTED_EDGE('',*,*,#1873,.T.);
#2460=ORIENTED_EDGE('',*,*,#1874,.T.);
#2461=ORIENTED_EDGE('',*,*,#1875,.F.);
#2462=ORIENTED_EDGE('',*,*,#1876,.F.);
#2463=ORIENTED_EDGE('',*,*,#1877,.T.);
#2464=ORIENTED_EDGE('',*,*,#1842,.T.);
#2465=ORIENTED_EDGE('',*,*,#1878,.F.);
#2466=ORIENTED_EDGE('',*,*,#1879,.F.);
#2467=ORIENTED_EDGE('',*,*,#1880,.T.);
#2468=ORIENTED_EDGE('',*,*,#1730,.T.);
#2469=ORIENTED_EDGE('',*,*,#1737,.F.);
#2470=ORIENTED_EDGE('',*,*,#1881,.F.);
#2471=ORIENTED_EDGE('',*,*,#1882,.F.);
#2472=ORIENTED_EDGE('',*,*,#1858,.F.);
#2473=ORIENTED_EDGE('',*,*,#1883,.T.);
#2474=ORIENTED_EDGE('',*,*,#1884,.T.);
#2475=ORIENTED_EDGE('',*,*,#1867,.F.);
#2476=ORIENTED_EDGE('',*,*,#1726,.F.);
#2477=ORIENTED_EDGE('',*,*,#1885,.T.);
#2478=ORIENTED_EDGE('',*,*,#1886,.T.);
#2479=ORIENTED_EDGE('',*,*,#1887,.T.);
#2480=ORIENTED_EDGE('',*,*,#1883,.F.);
#2481=ORIENTED_EDGE('',*,*,#1725,.F.);
#2482=ORIENTED_EDGE('',*,*,#1819,.F.);
#2483=ORIENTED_EDGE('',*,*,#1888,.T.);
#2484=ORIENTED_EDGE('',*,*,#1889,.T.);
#2485=ORIENTED_EDGE('',*,*,#1735,.T.);
#2486=ORIENTED_EDGE('',*,*,#1860,.T.);
#2487=ORIENTED_EDGE('',*,*,#1890,.T.);
#2488=ORIENTED_EDGE('',*,*,#1891,.T.);
#2489=ORIENTED_EDGE('',*,*,#1892,.T.);
#2490=ORIENTED_EDGE('',*,*,#1893,.T.);
#2491=ORIENTED_EDGE('',*,*,#1894,.T.);
#2492=ORIENTED_EDGE('',*,*,#1840,.T.);
#2493=ORIENTED_EDGE('',*,*,#1729,.F.);
#2494=ORIENTED_EDGE('',*,*,#1895,.T.);
#2495=ORIENTED_EDGE('',*,*,#1896,.T.);
#2496=ORIENTED_EDGE('',*,*,#1897,.T.);
#2497=ORIENTED_EDGE('',*,*,#1866,.T.);
#2498=ORIENTED_EDGE('',*,*,#1898,.T.);
#2499=ORIENTED_EDGE('',*,*,#1895,.F.);
#2500=ORIENTED_EDGE('',*,*,#1728,.F.);
#2501=ORIENTED_EDGE('',*,*,#1731,.F.);
#2502=ORIENTED_EDGE('',*,*,#1880,.F.);
#2503=ORIENTED_EDGE('',*,*,#1899,.F.);
#2504=ORIENTED_EDGE('',*,*,#1900,.F.);
#2505=ORIENTED_EDGE('',*,*,#1733,.T.);
#2506=ORIENTED_EDGE('',*,*,#1901,.T.);
#2507=ORIENTED_EDGE('',*,*,#1902,.T.);
#2508=ORIENTED_EDGE('',*,*,#1878,.T.);
#2509=ORIENTED_EDGE('',*,*,#1901,.F.);
#2510=ORIENTED_EDGE('',*,*,#1732,.F.);
#2511=ORIENTED_EDGE('',*,*,#1900,.T.);
#2512=ORIENTED_EDGE('',*,*,#1903,.T.);
#2513=ORIENTED_EDGE('',*,*,#1881,.T.);
#2514=ORIENTED_EDGE('',*,*,#1736,.F.);
#2515=ORIENTED_EDGE('',*,*,#1891,.F.);
#2516=ORIENTED_EDGE('',*,*,#1904,.T.);
#2517=ORIENTED_EDGE('',*,*,#1746,.F.);
#2518=ORIENTED_EDGE('',*,*,#1825,.F.);
#2519=ORIENTED_EDGE('',*,*,#1740,.F.);
#2520=ORIENTED_EDGE('',*,*,#1849,.F.);
#2521=ORIENTED_EDGE('',*,*,#1766,.F.);
#2522=ORIENTED_EDGE('',*,*,#1803,.F.);
#2523=ORIENTED_EDGE('',*,*,#1743,.F.);
#2524=ORIENTED_EDGE('',*,*,#1854,.F.);
#2525=ORIENTED_EDGE('',*,*,#1815,.F.);
#2526=ORIENTED_EDGE('',*,*,#1749,.F.);
#2527=ORIENTED_EDGE('',*,*,#1802,.F.);
#2528=ORIENTED_EDGE('',*,*,#1777,.F.);
#2529=ORIENTED_EDGE('',*,*,#1794,.F.);
#2530=ORIENTED_EDGE('',*,*,#1814,.F.);
#2531=ORIENTED_EDGE('',*,*,#1857,.F.);
#2532=ORIENTED_EDGE('',*,*,#1754,.F.);
#2533=ORIENTED_EDGE('',*,*,#1757,.F.);
#2534=ORIENTED_EDGE('',*,*,#1784,.F.);
#2535=ORIENTED_EDGE('',*,*,#1839,.F.);
#2536=ORIENTED_EDGE('',*,*,#1845,.F.);
#2537=ORIENTED_EDGE('',*,*,#1799,.F.);
#2538=ORIENTED_EDGE('',*,*,#1855,.F.);
#2539=ORIENTED_EDGE('',*,*,#1779,.F.);
#2540=ORIENTED_EDGE('',*,*,#1760,.F.);
#2541=ORIENTED_EDGE('',*,*,#1830,.F.);
#2542=ORIENTED_EDGE('',*,*,#1763,.F.);
#2543=ORIENTED_EDGE('',*,*,#1812,.F.);
#2544=ORIENTED_EDGE('',*,*,#1790,.F.);
#2545=ORIENTED_EDGE('',*,*,#1826,.F.);
#2546=ORIENTED_EDGE('',*,*,#1769,.F.);
#2547=ORIENTED_EDGE('',*,*,#1810,.F.);
#2548=ORIENTED_EDGE('',*,*,#1787,.F.);
#2549=ORIENTED_EDGE('',*,*,#1772,.F.);
#2550=ORIENTED_EDGE('',*,*,#1801,.F.);
#2551=ORIENTED_EDGE('',*,*,#1848,.F.);
#2552=ORIENTED_EDGE('',*,*,#1853,.F.);
#2553=ORIENTED_EDGE('',*,*,#1850,.F.);
#2554=ORIENTED_EDGE('',*,*,#1782,.F.);
#2555=ORIENTED_EDGE('',*,*,#1837,.F.);
#2556=ORIENTED_EDGE('',*,*,#1809,.F.);
#2557=ORIENTED_EDGE('',*,*,#1792,.T.);
#2558=ORIENTED_EDGE('',*,*,#1851,.F.);
#2559=ORIENTED_EDGE('',*,*,#1797,.F.);
#2560=ORIENTED_EDGE('',*,*,#1846,.F.);
#2561=ORIENTED_EDGE('',*,*,#1818,.F.);
#2562=ORIENTED_EDGE('',*,*,#1856,.F.);
#2563=ORIENTED_EDGE('',*,*,#1806,.F.);
#2564=ORIENTED_EDGE('',*,*,#1852,.F.);
#2565=ORIENTED_EDGE('',*,*,#1829,.F.);
#2566=ORIENTED_EDGE('',*,*,#1872,.T.);
#2567=ORIENTED_EDGE('',*,*,#1905,.F.);
#2568=ORIENTED_EDGE('',*,*,#1888,.F.);
#2569=ORIENTED_EDGE('',*,*,#1824,.T.);
#2570=ORIENTED_EDGE('',*,*,#1906,.T.);
#2571=ORIENTED_EDGE('',*,*,#1907,.T.);
#2572=ORIENTED_EDGE('',*,*,#1873,.F.);
#2573=ORIENTED_EDGE('',*,*,#1822,.F.);
#2574=ORIENTED_EDGE('',*,*,#1834,.T.);
#2575=ORIENTED_EDGE('',*,*,#1908,.F.);
#2576=ORIENTED_EDGE('',*,*,#1909,.T.);
#2577=ORIENTED_EDGE('',*,*,#1910,.T.);
#2578=ORIENTED_EDGE('',*,*,#1906,.F.);
#2579=ORIENTED_EDGE('',*,*,#1821,.T.);
#2580=ORIENTED_EDGE('',*,*,#1908,.T.);
#2581=ORIENTED_EDGE('',*,*,#1833,.F.);
#2582=ORIENTED_EDGE('',*,*,#1911,.F.);
#2583=ORIENTED_EDGE('',*,*,#1912,.T.);
#2584=ORIENTED_EDGE('',*,*,#1913,.T.);
#2585=ORIENTED_EDGE('',*,*,#1914,.F.);
#2586=ORIENTED_EDGE('',*,*,#1836,.T.);
#2587=ORIENTED_EDGE('',*,*,#1844,.F.);
#2588=ORIENTED_EDGE('',*,*,#1915,.F.);
#2589=ORIENTED_EDGE('',*,*,#1916,.F.);
#2590=ORIENTED_EDGE('',*,*,#1917,.T.);
#2591=ORIENTED_EDGE('',*,*,#1918,.T.);
#2592=ORIENTED_EDGE('',*,*,#1911,.T.);
#2593=ORIENTED_EDGE('',*,*,#1832,.T.);
#2594=ORIENTED_EDGE('',*,*,#1914,.T.);
#2595=ORIENTED_EDGE('',*,*,#1919,.F.);
#2596=ORIENTED_EDGE('',*,*,#1917,.F.);
#2597=ORIENTED_EDGE('',*,*,#1831,.T.);
#2598=ORIENTED_EDGE('',*,*,#1920,.F.);
#2599=ORIENTED_EDGE('',*,*,#1915,.T.);
#2600=ORIENTED_EDGE('',*,*,#1843,.T.);
#2601=ORIENTED_EDGE('',*,*,#1877,.F.);
#2602=ORIENTED_EDGE('',*,*,#1894,.F.);
#2603=ORIENTED_EDGE('',*,*,#1921,.T.);
#2604=ORIENTED_EDGE('',*,*,#1861,.T.);
#2605=ORIENTED_EDGE('',*,*,#1841,.T.);
#2606=ORIENTED_EDGE('',*,*,#1882,.T.);
#2607=ORIENTED_EDGE('',*,*,#1904,.F.);
#2608=ORIENTED_EDGE('',*,*,#1890,.F.);
#2609=ORIENTED_EDGE('',*,*,#1859,.T.);
#2610=ORIENTED_EDGE('',*,*,#1922,.T.);
#2611=ORIENTED_EDGE('',*,*,#1869,.T.);
#2612=ORIENTED_EDGE('',*,*,#1923,.F.);
#2613=ORIENTED_EDGE('',*,*,#1886,.F.);
#2614=ORIENTED_EDGE('',*,*,#1924,.T.);
#2615=ORIENTED_EDGE('',*,*,#1863,.T.);
#2616=ORIENTED_EDGE('',*,*,#1925,.F.);
#2617=ORIENTED_EDGE('',*,*,#1892,.F.);
#2618=ORIENTED_EDGE('',*,*,#1925,.T.);
#2619=ORIENTED_EDGE('',*,*,#1862,.T.);
#2620=ORIENTED_EDGE('',*,*,#1921,.F.);
#2621=ORIENTED_EDGE('',*,*,#1893,.F.);
#2622=ORIENTED_EDGE('',*,*,#1926,.T.);
#2623=ORIENTED_EDGE('',*,*,#1870,.T.);
#2624=ORIENTED_EDGE('',*,*,#1922,.F.);
#2625=ORIENTED_EDGE('',*,*,#1885,.F.);
#2626=ORIENTED_EDGE('',*,*,#1905,.T.);
#2627=ORIENTED_EDGE('',*,*,#1871,.T.);
#2628=ORIENTED_EDGE('',*,*,#1926,.F.);
#2629=ORIENTED_EDGE('',*,*,#1889,.F.);
#2630=ORIENTED_EDGE('',*,*,#1865,.T.);
#2631=ORIENTED_EDGE('',*,*,#1927,.F.);
#2632=ORIENTED_EDGE('',*,*,#1896,.F.);
#2633=ORIENTED_EDGE('',*,*,#1898,.F.);
#2634=ORIENTED_EDGE('',*,*,#1928,.F.);
#2635=ORIENTED_EDGE('',*,*,#1875,.T.);
#2636=ORIENTED_EDGE('',*,*,#1929,.T.);
#2637=ORIENTED_EDGE('',*,*,#1930,.T.);
#2638=ORIENTED_EDGE('',*,*,#1887,.F.);
#2639=ORIENTED_EDGE('',*,*,#1923,.T.);
#2640=ORIENTED_EDGE('',*,*,#1868,.T.);
#2641=ORIENTED_EDGE('',*,*,#1884,.F.);
#2642=ORIENTED_EDGE('',*,*,#1929,.F.);
#2643=ORIENTED_EDGE('',*,*,#1874,.F.);
#2644=ORIENTED_EDGE('',*,*,#1907,.F.);
#2645=ORIENTED_EDGE('',*,*,#1910,.F.);
#2646=ORIENTED_EDGE('',*,*,#1931,.F.);
#2647=ORIENTED_EDGE('',*,*,#1932,.F.);
#2648=ORIENTED_EDGE('',*,*,#1927,.T.);
#2649=ORIENTED_EDGE('',*,*,#1864,.T.);
#2650=ORIENTED_EDGE('',*,*,#1924,.F.);
#2651=ORIENTED_EDGE('',*,*,#1897,.F.);
#2652=ORIENTED_EDGE('',*,*,#1876,.T.);
#2653=ORIENTED_EDGE('',*,*,#1928,.T.);
#2654=ORIENTED_EDGE('',*,*,#1933,.T.);
#2655=ORIENTED_EDGE('',*,*,#1934,.T.);
#2656=ORIENTED_EDGE('',*,*,#1916,.T.);
#2657=ORIENTED_EDGE('',*,*,#1920,.T.);
#2658=ORIENTED_EDGE('',*,*,#1902,.F.);
#2659=ORIENTED_EDGE('',*,*,#1903,.F.);
#2660=ORIENTED_EDGE('',*,*,#1899,.T.);
#2661=ORIENTED_EDGE('',*,*,#1879,.T.);
#2662=ORIENTED_EDGE('',*,*,#1918,.F.);
#2663=ORIENTED_EDGE('',*,*,#1919,.T.);
#2664=ORIENTED_EDGE('',*,*,#1913,.F.);
#2665=ORIENTED_EDGE('',*,*,#1934,.F.);
#2666=ORIENTED_EDGE('',*,*,#1935,.T.);
#2667=ORIENTED_EDGE('',*,*,#1931,.T.);
#2668=ORIENTED_EDGE('',*,*,#1909,.F.);
#2669=ORIENTED_EDGE('',*,*,#1912,.F.);
#2670=ORIENTED_EDGE('',*,*,#1930,.F.);
#2671=ORIENTED_EDGE('',*,*,#1932,.T.);
#2672=ORIENTED_EDGE('',*,*,#1935,.F.);
#2673=ORIENTED_EDGE('',*,*,#1933,.F.);
#2674=ORIENTED_EDGE('',*,*,#1936,.F.);
#2675=ORIENTED_EDGE('',*,*,#1937,.F.);
#2676=ORIENTED_EDGE('',*,*,#1938,.F.);
#2677=ORIENTED_EDGE('',*,*,#1939,.F.);
#2678=ORIENTED_EDGE('',*,*,#1940,.F.);
#2679=ORIENTED_EDGE('',*,*,#1941,.F.);
#2680=ORIENTED_EDGE('',*,*,#1942,.F.);
#2681=ORIENTED_EDGE('',*,*,#1943,.F.);
#2682=ORIENTED_EDGE('',*,*,#1944,.F.);
#2683=ORIENTED_EDGE('',*,*,#1945,.F.);
#2684=ORIENTED_EDGE('',*,*,#1946,.F.);
#2685=ORIENTED_EDGE('',*,*,#1947,.F.);
#2686=ORIENTED_EDGE('',*,*,#1948,.F.);
#2687=ORIENTED_EDGE('',*,*,#1949,.F.);
#2688=ORIENTED_EDGE('',*,*,#1950,.F.);
#2689=ORIENTED_EDGE('',*,*,#1951,.F.);
#2690=ORIENTED_EDGE('',*,*,#1952,.F.);
#2691=ORIENTED_EDGE('',*,*,#1953,.F.);
#2692=ORIENTED_EDGE('',*,*,#1954,.F.);
#2693=ORIENTED_EDGE('',*,*,#1955,.F.);
#2694=ORIENTED_EDGE('',*,*,#1956,.F.);
#2695=ORIENTED_EDGE('',*,*,#1957,.F.);
#2696=ORIENTED_EDGE('',*,*,#1958,.F.);
#2697=ORIENTED_EDGE('',*,*,#1959,.F.);
#2698=ORIENTED_EDGE('',*,*,#1960,.F.);
#2699=ORIENTED_EDGE('',*,*,#1961,.F.);
#2700=ORIENTED_EDGE('',*,*,#1962,.F.);
#2701=ORIENTED_EDGE('',*,*,#1963,.F.);
#2702=ORIENTED_EDGE('',*,*,#1964,.F.);
#2703=ORIENTED_EDGE('',*,*,#1965,.F.);
#2704=ORIENTED_EDGE('',*,*,#1966,.F.);
#2705=ORIENTED_EDGE('',*,*,#1967,.F.);
#2706=ORIENTED_EDGE('',*,*,#1968,.F.);
#2707=ORIENTED_EDGE('',*,*,#1969,.F.);
#2708=ORIENTED_EDGE('',*,*,#1970,.F.);
#2709=ORIENTED_EDGE('',*,*,#1971,.F.);
#2710=ORIENTED_EDGE('',*,*,#1972,.F.);
#2711=ORIENTED_EDGE('',*,*,#1973,.F.);
#2712=ORIENTED_EDGE('',*,*,#1974,.F.);
#2713=ORIENTED_EDGE('',*,*,#1975,.F.);
#2714=ORIENTED_EDGE('',*,*,#1976,.F.);
#2715=ORIENTED_EDGE('',*,*,#1977,.F.);
#2716=ORIENTED_EDGE('',*,*,#1978,.F.);
#2717=ORIENTED_EDGE('',*,*,#1979,.F.);
#2718=ORIENTED_EDGE('',*,*,#1980,.F.);
#2719=ORIENTED_EDGE('',*,*,#1981,.F.);
#2720=ORIENTED_EDGE('',*,*,#1982,.F.);
#2721=ORIENTED_EDGE('',*,*,#1983,.F.);
#2722=ORIENTED_EDGE('',*,*,#1984,.F.);
#2723=ORIENTED_EDGE('',*,*,#1985,.F.);
#2724=ORIENTED_EDGE('',*,*,#1986,.F.);
#2725=ORIENTED_EDGE('',*,*,#1987,.F.);
#2726=ORIENTED_EDGE('',*,*,#1988,.F.);
#2727=ORIENTED_EDGE('',*,*,#1989,.F.);
#2728=ORIENTED_EDGE('',*,*,#1990,.F.);
#2729=ORIENTED_EDGE('',*,*,#1991,.F.);
#2730=ORIENTED_EDGE('',*,*,#1992,.T.);
#2731=ORIENTED_EDGE('',*,*,#1983,.T.);
#2732=ORIENTED_EDGE('',*,*,#1993,.F.);
#2733=ORIENTED_EDGE('',*,*,#1994,.F.);
#2734=ORIENTED_EDGE('',*,*,#1995,.T.);
#2735=ORIENTED_EDGE('',*,*,#1981,.T.);
#2736=ORIENTED_EDGE('',*,*,#1996,.F.);
#2737=ORIENTED_EDGE('',*,*,#1997,.F.);
#2738=ORIENTED_EDGE('',*,*,#1998,.T.);
#2739=ORIENTED_EDGE('',*,*,#1973,.T.);
#2740=ORIENTED_EDGE('',*,*,#1999,.F.);
#2741=ORIENTED_EDGE('',*,*,#2000,.F.);
#2742=ORIENTED_EDGE('',*,*,#2001,.T.);
#2743=ORIENTED_EDGE('',*,*,#1937,.T.);
#2744=ORIENTED_EDGE('',*,*,#2002,.F.);
#2745=ORIENTED_EDGE('',*,*,#2003,.F.);
#2746=ORIENTED_EDGE('',*,*,#2004,.T.);
#2747=ORIENTED_EDGE('',*,*,#1968,.T.);
#2748=ORIENTED_EDGE('',*,*,#2005,.F.);
#2749=ORIENTED_EDGE('',*,*,#2006,.F.);
#2750=ORIENTED_EDGE('',*,*,#2007,.T.);
#2751=ORIENTED_EDGE('',*,*,#1960,.T.);
#2752=ORIENTED_EDGE('',*,*,#2008,.F.);
#2753=ORIENTED_EDGE('',*,*,#2009,.F.);
#2754=ORIENTED_EDGE('',*,*,#2010,.T.);
#2755=ORIENTED_EDGE('',*,*,#1941,.T.);
#2756=ORIENTED_EDGE('',*,*,#2011,.F.);
#2757=ORIENTED_EDGE('',*,*,#2012,.F.);
#2758=ORIENTED_EDGE('',*,*,#1999,.T.);
#2759=ORIENTED_EDGE('',*,*,#1972,.T.);
#2760=ORIENTED_EDGE('',*,*,#2013,.F.);
#2761=ORIENTED_EDGE('',*,*,#2014,.F.);
#2762=ORIENTED_EDGE('',*,*,#2015,.T.);
#2763=ORIENTED_EDGE('',*,*,#1966,.T.);
#2764=ORIENTED_EDGE('',*,*,#2016,.F.);
#2765=ORIENTED_EDGE('',*,*,#2017,.F.);
#2766=ORIENTED_EDGE('',*,*,#2018,.T.);
#2767=ORIENTED_EDGE('',*,*,#1944,.T.);
#2768=ORIENTED_EDGE('',*,*,#2019,.F.);
#2769=ORIENTED_EDGE('',*,*,#2020,.F.);
#2770=ORIENTED_EDGE('',*,*,#2021,.T.);
#2771=ORIENTED_EDGE('',*,*,#1967,.T.);
#2772=ORIENTED_EDGE('',*,*,#2015,.F.);
#2773=ORIENTED_EDGE('',*,*,#2022,.F.);
#2774=ORIENTED_EDGE('',*,*,#2023,.T.);
#2775=ORIENTED_EDGE('',*,*,#1950,.T.);
#2776=ORIENTED_EDGE('',*,*,#2024,.F.);
#2777=ORIENTED_EDGE('',*,*,#2025,.F.);
#2778=ORIENTED_EDGE('',*,*,#2011,.T.);
#2779=ORIENTED_EDGE('',*,*,#1940,.T.);
#2780=ORIENTED_EDGE('',*,*,#2026,.F.);
#2781=ORIENTED_EDGE('',*,*,#2027,.F.);
#2782=ORIENTED_EDGE('',*,*,#2028,.T.);
#2783=ORIENTED_EDGE('',*,*,#1962,.T.);
#2784=ORIENTED_EDGE('',*,*,#2029,.F.);
#2785=ORIENTED_EDGE('',*,*,#2030,.F.);
#2786=ORIENTED_EDGE('',*,*,#2031,.T.);
#2787=ORIENTED_EDGE('',*,*,#1951,.T.);
#2788=ORIENTED_EDGE('',*,*,#2023,.F.);
#2789=ORIENTED_EDGE('',*,*,#2032,.F.);
#2790=ORIENTED_EDGE('',*,*,#2033,.T.);
#2791=ORIENTED_EDGE('',*,*,#1974,.T.);
#2792=ORIENTED_EDGE('',*,*,#1998,.F.);
#2793=ORIENTED_EDGE('',*,*,#2034,.F.);
#2794=ORIENTED_EDGE('',*,*,#2035,.T.);
#2795=ORIENTED_EDGE('',*,*,#1970,.T.);
#2796=ORIENTED_EDGE('',*,*,#2036,.F.);
#2797=ORIENTED_EDGE('',*,*,#2037,.F.);
#2798=ORIENTED_EDGE('',*,*,#2038,.T.);
#2799=ORIENTED_EDGE('',*,*,#1956,.T.);
#2800=ORIENTED_EDGE('',*,*,#2039,.F.);
#2801=ORIENTED_EDGE('',*,*,#2040,.F.);
#2802=ORIENTED_EDGE('',*,*,#2041,.T.);
#2803=ORIENTED_EDGE('',*,*,#1988,.T.);
#2804=ORIENTED_EDGE('',*,*,#2042,.F.);
#2805=ORIENTED_EDGE('',*,*,#2043,.F.);
#2806=ORIENTED_EDGE('',*,*,#2044,.T.);
#2807=ORIENTED_EDGE('',*,*,#1986,.T.);
#2808=ORIENTED_EDGE('',*,*,#2045,.F.);
#2809=ORIENTED_EDGE('',*,*,#2046,.F.);
#2810=ORIENTED_EDGE('',*,*,#2008,.T.);
#2811=ORIENTED_EDGE('',*,*,#1963,.T.);
#2812=ORIENTED_EDGE('',*,*,#2028,.F.);
#2813=ORIENTED_EDGE('',*,*,#2047,.F.);
#2814=ORIENTED_EDGE('',*,*,#2048,.T.);
#2815=ORIENTED_EDGE('',*,*,#1946,.T.);
#2816=ORIENTED_EDGE('',*,*,#2049,.F.);
#2817=ORIENTED_EDGE('',*,*,#2050,.F.);
#2818=ORIENTED_EDGE('',*,*,#2051,.T.);
#2819=ORIENTED_EDGE('',*,*,#1942,.T.);
#2820=ORIENTED_EDGE('',*,*,#2010,.F.);
#2821=ORIENTED_EDGE('',*,*,#2052,.F.);
#2822=ORIENTED_EDGE('',*,*,#2053,.T.);
#2823=ORIENTED_EDGE('',*,*,#1987,.T.);
#2824=ORIENTED_EDGE('',*,*,#2044,.F.);
#2825=ORIENTED_EDGE('',*,*,#2054,.F.);
#2826=ORIENTED_EDGE('',*,*,#2013,.T.);
#2827=ORIENTED_EDGE('',*,*,#1975,.T.);
#2828=ORIENTED_EDGE('',*,*,#2033,.F.);
#2829=ORIENTED_EDGE('',*,*,#2055,.F.);
#2830=ORIENTED_EDGE('',*,*,#2005,.T.);
#2831=ORIENTED_EDGE('',*,*,#1971,.T.);
#2832=ORIENTED_EDGE('',*,*,#2035,.F.);
#2833=ORIENTED_EDGE('',*,*,#2056,.F.);
#2834=ORIENTED_EDGE('',*,*,#2016,.T.);
#2835=ORIENTED_EDGE('',*,*,#1965,.T.);
#2836=ORIENTED_EDGE('',*,*,#2057,.F.);
#2837=ORIENTED_EDGE('',*,*,#2058,.F.);
#2838=ORIENTED_EDGE('',*,*,#2059,.T.);
#2839=ORIENTED_EDGE('',*,*,#1976,.T.);
#2840=ORIENTED_EDGE('',*,*,#2060,.F.);
#2841=ORIENTED_EDGE('',*,*,#2061,.F.);
#2842=ORIENTED_EDGE('',*,*,#2062,.T.);
#2843=ORIENTED_EDGE('',*,*,#1958,.T.);
#2844=ORIENTED_EDGE('',*,*,#2063,.F.);
#2845=ORIENTED_EDGE('',*,*,#2064,.F.);
#2846=ORIENTED_EDGE('',*,*,#2065,.T.);
#2847=ORIENTED_EDGE('',*,*,#1952,.T.);
#2848=ORIENTED_EDGE('',*,*,#2066,.F.);
#2849=ORIENTED_EDGE('',*,*,#2067,.F.);
#2850=ORIENTED_EDGE('',*,*,#2024,.T.);
#2851=ORIENTED_EDGE('',*,*,#1949,.T.);
#2852=ORIENTED_EDGE('',*,*,#2068,.F.);
#2853=ORIENTED_EDGE('',*,*,#2069,.F.);
#2854=ORIENTED_EDGE('',*,*,#2019,.T.);
#2855=ORIENTED_EDGE('',*,*,#1947,.T.);
#2856=ORIENTED_EDGE('',*,*,#2048,.F.);
#2857=ORIENTED_EDGE('',*,*,#2070,.F.);
#2858=ORIENTED_EDGE('',*,*,#2026,.T.);
#2859=ORIENTED_EDGE('',*,*,#1943,.T.);
#2860=ORIENTED_EDGE('',*,*,#2051,.F.);
#2861=ORIENTED_EDGE('',*,*,#2071,.F.);
#2862=ORIENTED_EDGE('',*,*,#2072,.T.);
#2863=ORIENTED_EDGE('',*,*,#1990,.T.);
#2864=ORIENTED_EDGE('',*,*,#2073,.F.);
#2865=ORIENTED_EDGE('',*,*,#2074,.F.);
#2866=ORIENTED_EDGE('',*,*,#2036,.T.);
#2867=ORIENTED_EDGE('',*,*,#1969,.T.);
#2868=ORIENTED_EDGE('',*,*,#2004,.F.);
#2869=ORIENTED_EDGE('',*,*,#2075,.F.);
#2870=ORIENTED_EDGE('',*,*,#2002,.T.);
#2871=ORIENTED_EDGE('',*,*,#1936,.T.);
#2872=ORIENTED_EDGE('',*,*,#2076,.F.);
#2873=ORIENTED_EDGE('',*,*,#2077,.F.);
#2874=ORIENTED_EDGE('',*,*,#2057,.T.);
#2875=ORIENTED_EDGE('',*,*,#1964,.T.);
#2876=ORIENTED_EDGE('',*,*,#2021,.F.);
#2877=ORIENTED_EDGE('',*,*,#2078,.F.);
#2878=ORIENTED_EDGE('',*,*,#2049,.T.);
#2879=ORIENTED_EDGE('',*,*,#1945,.T.);
#2880=ORIENTED_EDGE('',*,*,#2018,.F.);
#2881=ORIENTED_EDGE('',*,*,#2079,.F.);
#2882=ORIENTED_EDGE('',*,*,#2042,.T.);
#2883=ORIENTED_EDGE('',*,*,#1991,.T.);
#2884=ORIENTED_EDGE('',*,*,#2072,.F.);
#2885=ORIENTED_EDGE('',*,*,#2080,.F.);
#2886=ORIENTED_EDGE('',*,*,#2045,.T.);
#2887=ORIENTED_EDGE('',*,*,#1985,.T.);
#2888=ORIENTED_EDGE('',*,*,#2081,.F.);
#2889=ORIENTED_EDGE('',*,*,#2082,.F.);
#2890=ORIENTED_EDGE('',*,*,#1996,.T.);
#2891=ORIENTED_EDGE('',*,*,#1980,.T.);
#2892=ORIENTED_EDGE('',*,*,#1992,.F.);
#2893=ORIENTED_EDGE('',*,*,#2083,.F.);
#2894=ORIENTED_EDGE('',*,*,#2084,.T.);
#2895=ORIENTED_EDGE('',*,*,#1978,.T.);
#2896=ORIENTED_EDGE('',*,*,#2085,.F.);
#2897=ORIENTED_EDGE('',*,*,#2086,.F.);
#2898=ORIENTED_EDGE('',*,*,#2039,.T.);
#2899=ORIENTED_EDGE('',*,*,#1959,.T.);
#2900=ORIENTED_EDGE('',*,*,#2062,.F.);
#2901=ORIENTED_EDGE('',*,*,#2087,.F.);
#2902=ORIENTED_EDGE('',*,*,#2068,.T.);
#2903=ORIENTED_EDGE('',*,*,#1948,.T.);
#2904=ORIENTED_EDGE('',*,*,#2031,.F.);
#2905=ORIENTED_EDGE('',*,*,#2088,.F.);
#2906=ORIENTED_EDGE('',*,*,#2089,.T.);
#2907=ORIENTED_EDGE('',*,*,#1954,.T.);
#2908=ORIENTED_EDGE('',*,*,#2090,.F.);
#2909=ORIENTED_EDGE('',*,*,#2091,.F.);
#2910=ORIENTED_EDGE('',*,*,#2092,.T.);
#2911=ORIENTED_EDGE('',*,*,#1938,.T.);
#2912=ORIENTED_EDGE('',*,*,#2001,.F.);
#2913=ORIENTED_EDGE('',*,*,#2093,.F.);
#2914=ORIENTED_EDGE('',*,*,#2073,.T.);
#2915=ORIENTED_EDGE('',*,*,#1989,.T.);
#2916=ORIENTED_EDGE('',*,*,#2041,.F.);
#2917=ORIENTED_EDGE('',*,*,#2094,.F.);
#2918=ORIENTED_EDGE('',*,*,#2063,.T.);
#2919=ORIENTED_EDGE('',*,*,#1957,.T.);
#2920=ORIENTED_EDGE('',*,*,#2038,.F.);
#2921=ORIENTED_EDGE('',*,*,#2095,.F.);
#2922=ORIENTED_EDGE('',*,*,#2081,.T.);
#2923=ORIENTED_EDGE('',*,*,#1984,.T.);
#2924=ORIENTED_EDGE('',*,*,#2053,.F.);
#2925=ORIENTED_EDGE('',*,*,#2096,.F.);
#2926=ORIENTED_EDGE('',*,*,#2060,.T.);
#2927=ORIENTED_EDGE('',*,*,#1979,.T.);
#2928=ORIENTED_EDGE('',*,*,#2084,.F.);
#2929=ORIENTED_EDGE('',*,*,#2097,.F.);
#2930=ORIENTED_EDGE('',*,*,#2029,.T.);
#2931=ORIENTED_EDGE('',*,*,#1961,.T.);
#2932=ORIENTED_EDGE('',*,*,#2007,.F.);
#2933=ORIENTED_EDGE('',*,*,#2098,.F.);
#2934=ORIENTED_EDGE('',*,*,#2066,.T.);
#2935=ORIENTED_EDGE('',*,*,#1955,.T.);
#2936=ORIENTED_EDGE('',*,*,#2089,.F.);
#2937=ORIENTED_EDGE('',*,*,#2099,.F.);
#2938=ORIENTED_EDGE('',*,*,#2090,.T.);
#2939=ORIENTED_EDGE('',*,*,#1953,.T.);
#2940=ORIENTED_EDGE('',*,*,#2065,.F.);
#2941=ORIENTED_EDGE('',*,*,#2100,.F.);
#2942=ORIENTED_EDGE('',*,*,#1993,.T.);
#2943=ORIENTED_EDGE('',*,*,#1982,.T.);
#2944=ORIENTED_EDGE('',*,*,#1995,.F.);
#2945=ORIENTED_EDGE('',*,*,#2101,.F.);
#2946=ORIENTED_EDGE('',*,*,#2076,.T.);
#2947=ORIENTED_EDGE('',*,*,#1939,.T.);
#2948=ORIENTED_EDGE('',*,*,#2092,.F.);
#2949=ORIENTED_EDGE('',*,*,#2102,.F.);
#2950=ORIENTED_EDGE('',*,*,#2085,.T.);
#2951=ORIENTED_EDGE('',*,*,#1977,.T.);
#2952=ORIENTED_EDGE('',*,*,#2059,.F.);
#2953=ORIENTED_EDGE('',*,*,#2103,.F.);
#2954=ORIENTED_EDGE('',*,*,#2083,.T.);
#2955=ORIENTED_EDGE('',*,*,#1994,.T.);
#2956=ORIENTED_EDGE('',*,*,#2101,.T.);
#2957=ORIENTED_EDGE('',*,*,#1997,.T.);
#2958=ORIENTED_EDGE('',*,*,#2014,.T.);
#2959=ORIENTED_EDGE('',*,*,#2055,.T.);
#2960=ORIENTED_EDGE('',*,*,#2034,.T.);
#2961=ORIENTED_EDGE('',*,*,#2000,.T.);
#2962=ORIENTED_EDGE('',*,*,#2077,.T.);
#2963=ORIENTED_EDGE('',*,*,#2102,.T.);
#2964=ORIENTED_EDGE('',*,*,#2093,.T.);
#2965=ORIENTED_EDGE('',*,*,#2003,.T.);
#2966=ORIENTED_EDGE('',*,*,#2006,.T.);
#2967=ORIENTED_EDGE('',*,*,#2056,.T.);
#2968=ORIENTED_EDGE('',*,*,#2037,.T.);
#2969=ORIENTED_EDGE('',*,*,#2075,.T.);
#2970=ORIENTED_EDGE('',*,*,#2009,.T.);
#2971=ORIENTED_EDGE('',*,*,#2047,.T.);
#2972=ORIENTED_EDGE('',*,*,#2030,.T.);
#2973=ORIENTED_EDGE('',*,*,#2098,.T.);
#2974=ORIENTED_EDGE('',*,*,#2027,.T.);
#2975=ORIENTED_EDGE('',*,*,#2071,.T.);
#2976=ORIENTED_EDGE('',*,*,#2052,.T.);
#2977=ORIENTED_EDGE('',*,*,#2012,.T.);
#2978=ORIENTED_EDGE('',*,*,#2078,.T.);
#2979=ORIENTED_EDGE('',*,*,#2022,.T.);
#2980=ORIENTED_EDGE('',*,*,#2017,.T.);
#2981=ORIENTED_EDGE('',*,*,#2058,.T.);
#2982=ORIENTED_EDGE('',*,*,#2020,.T.);
#2983=ORIENTED_EDGE('',*,*,#2070,.T.);
#2984=ORIENTED_EDGE('',*,*,#2050,.T.);
#2985=ORIENTED_EDGE('',*,*,#2079,.T.);
#2986=ORIENTED_EDGE('',*,*,#2088,.T.);
#2987=ORIENTED_EDGE('',*,*,#2032,.T.);
#2988=ORIENTED_EDGE('',*,*,#2025,.T.);
#2989=ORIENTED_EDGE('',*,*,#2069,.T.);
#2990=ORIENTED_EDGE('',*,*,#2040,.T.);
#2991=ORIENTED_EDGE('',*,*,#2087,.T.);
#2992=ORIENTED_EDGE('',*,*,#2064,.T.);
#2993=ORIENTED_EDGE('',*,*,#2095,.T.);
#2994=ORIENTED_EDGE('',*,*,#2043,.T.);
#2995=ORIENTED_EDGE('',*,*,#2080,.T.);
#2996=ORIENTED_EDGE('',*,*,#2074,.T.);
#2997=ORIENTED_EDGE('',*,*,#2094,.T.);
#2998=ORIENTED_EDGE('',*,*,#2096,.T.);
#2999=ORIENTED_EDGE('',*,*,#2054,.T.);
#3000=ORIENTED_EDGE('',*,*,#2046,.T.);
#3001=ORIENTED_EDGE('',*,*,#2082,.T.);
#3002=ORIENTED_EDGE('',*,*,#2061,.T.);
#3003=ORIENTED_EDGE('',*,*,#2097,.T.);
#3004=ORIENTED_EDGE('',*,*,#2086,.T.);
#3005=ORIENTED_EDGE('',*,*,#2103,.T.);
#3006=ORIENTED_EDGE('',*,*,#2067,.T.);
#3007=ORIENTED_EDGE('',*,*,#2099,.T.);
#3008=ORIENTED_EDGE('',*,*,#2091,.T.);
#3009=ORIENTED_EDGE('',*,*,#2100,.T.);
#3010=PLANE('',#3585);
#3011=PLANE('',#3586);
#3012=PLANE('',#3588);
#3013=PLANE('',#3589);
#3014=PLANE('',#3590);
#3015=PLANE('',#3591);
#3016=PLANE('',#3592);
#3017=PLANE('',#3593);
#3018=PLANE('',#3594);
#3019=PLANE('',#3595);
#3020=PLANE('',#3596);
#3021=PLANE('',#3597);
#3022=PLANE('',#3598);
#3023=PLANE('',#3599);
#3024=PLANE('',#3600);
#3025=PLANE('',#3601);
#3026=PLANE('',#3602);
#3027=PLANE('',#3603);
#3028=PLANE('',#3604);
#3029=PLANE('',#3605);
#3030=PLANE('',#3606);
#3031=PLANE('',#3607);
#3032=PLANE('',#3608);
#3033=PLANE('',#3609);
#3034=PLANE('',#3610);
#3035=PLANE('',#3611);
#3036=PLANE('',#3612);
#3037=PLANE('',#3615);
#3038=PLANE('',#3616);
#3039=PLANE('',#3617);
#3040=PLANE('',#3618);
#3041=PLANE('',#3619);
#3042=PLANE('',#3620);
#3043=PLANE('',#3621);
#3044=PLANE('',#3622);
#3045=PLANE('',#3623);
#3046=PLANE('',#3624);
#3047=PLANE('',#3625);
#3048=PLANE('',#3626);
#3049=PLANE('',#3627);
#3050=PLANE('',#3628);
#3051=PLANE('',#3629);
#3052=PLANE('',#3630);
#3053=PLANE('',#3631);
#3054=PLANE('',#3632);
#3055=PLANE('',#3633);
#3056=PLANE('',#3634);
#3057=PLANE('',#3635);
#3058=PLANE('',#3636);
#3059=PLANE('',#3637);
#3060=PLANE('',#3638);
#3061=PLANE('',#3639);
#3062=PLANE('',#3640);
#3063=PLANE('',#3641);
#3064=PLANE('',#3642);
#3065=PLANE('',#3643);
#3066=PLANE('',#3644);
#3067=PLANE('',#3645);
#3068=PLANE('',#3646);
#3069=PLANE('',#3647);
#3070=PLANE('',#3648);
#3071=PLANE('',#3649);
#3072=PLANE('',#3650);
#3073=PLANE('',#3651);
#3074=PLANE('',#3652);
#3075=PLANE('',#3653);
#3076=PLANE('',#3654);
#3077=PLANE('',#3655);
#3078=PLANE('',#3656);
#3079=PLANE('',#3657);
#3080=PLANE('',#3658);
#3081=PLANE('',#3659);
#3082=PLANE('',#3660);
#3083=PLANE('',#3661);
#3084=PLANE('',#3662);
#3085=PLANE('',#3663);
#3086=PLANE('',#3664);
#3087=PLANE('',#3665);
#3088=PLANE('',#3666);
#3089=PLANE('',#3667);
#3090=PLANE('',#3668);
#3091=PLANE('',#3669);
#3092=PLANE('',#3670);
#3093=PLANE('',#3671);
#3094=PLANE('',#3672);
#3095=PLANE('',#3673);
#3096=PLANE('',#3674);
#3097=PLANE('',#3675);
#3098=PLANE('',#3676);
#3099=PLANE('',#3677);
#3100=PLANE('',#3678);
#3101=PLANE('',#3679);
#3102=PLANE('',#3680);
#3103=PLANE('',#3681);
#3104=PLANE('',#3682);
#3105=PLANE('',#3683);
#3106=PLANE('',#3684);
#3107=PLANE('',#3685);
#3108=PLANE('',#3686);
#3109=PLANE('',#3687);
#3110=PLANE('',#3688);
#3111=PLANE('',#3689);
#3112=PLANE('',#3690);
#3113=PLANE('',#3691);
#3114=PLANE('',#3692);
#3115=PLANE('',#3693);
#3116=PLANE('',#3694);
#3117=PLANE('',#3695);
#3118=PLANE('',#3696);
#3119=PLANE('',#3697);
#3120=PLANE('',#3698);
#3121=PLANE('',#3699);
#3122=PLANE('',#3700);
#3123=PLANE('',#3701);
#3124=PLANE('',#3702);
#3125=PLANE('',#3703);
#3126=PLANE('',#3704);
#3127=PLANE('',#3705);
#3128=PLANE('',#3706);
#3129=PLANE('',#3707);
#3130=PLANE('',#3708);
#3131=PLANE('',#3709);
#3132=PLANE('',#3710);
#3133=PLANE('',#3711);
#3134=PLANE('',#3712);
#3135=PLANE('',#3713);
#3136=PLANE('',#3714);
#3137=PLANE('',#3715);
#3138=PLANE('',#3716);
#3139=PLANE('',#3717);
#3140=PLANE('',#3718);
#3141=PLANE('',#3719);
#3142=PLANE('',#3720);
#3143=PLANE('',#3721);
#3144=PLANE('',#3722);
#3145=PLANE('',#3723);
#3146=PLANE('',#3724);
#3147=PLANE('',#3725);
#3148=PLANE('',#3726);
#3149=PLANE('',#3727);
#3150=PLANE('',#3728);
#3151=PLANE('',#3729);
#3152=PLANE('',#3730);
#3153=PLANE('',#3731);
#3154=PLANE('',#3732);
#3155=PLANE('',#3733);
#3156=PLANE('',#3734);
#3157=PLANE('',#3735);
#3158=PLANE('',#3736);
#3159=PLANE('',#3737);
#3160=PLANE('',#3738);
#3161=PLANE('',#3739);
#3162=PLANE('',#3740);
#3163=PLANE('',#3741);
#3164=PLANE('',#3742);
#3165=PLANE('',#3743);
#3166=PLANE('',#3744);
#3167=PLANE('',#3745);
#3168=PLANE('',#3746);
#3169=PLANE('',#3747);
#3170=PLANE('',#3748);
#3171=PLANE('',#3749);
#3172=PLANE('',#3750);
#3173=PLANE('',#3751);
#3174=PLANE('',#3752);
#3175=PLANE('',#3753);
#3176=PLANE('',#3754);
#3177=PLANE('',#3755);
#3178=PLANE('',#3756);
#3179=PLANE('',#3757);
#3180=PLANE('',#3758);
#3181=PLANE('',#3759);
#3182=PLANE('',#3760);
#3183=PLANE('',#3761);
#3184=PLANE('',#3762);
#3185=PLANE('',#3763);
#3186=PLANE('',#3764);
#3187=PLANE('',#3765);
#3188=PLANE('',#3766);
#3189=PLANE('',#3767);
#3190=PLANE('',#3768);
#3191=PLANE('',#3769);
#3192=PLANE('',#3770);
#3193=STYLED_ITEM('',(#5557),#3378);
#3194=STYLED_ITEM('',(#5558),#3379);
#3195=STYLED_ITEM('',(#5557),#3380);
#3196=STYLED_ITEM('',(#5557),#3381);
#3197=STYLED_ITEM('',(#5557),#3382);
#3198=STYLED_ITEM('',(#5557),#3383);
#3199=STYLED_ITEM('',(#5558),#3384);
#3200=STYLED_ITEM('',(#5557),#3385);
#3201=STYLED_ITEM('',(#5557),#3386);
#3202=STYLED_ITEM('',(#5557),#3387);
#3203=STYLED_ITEM('',(#5557),#3388);
#3204=STYLED_ITEM('',(#5557),#3389);
#3205=STYLED_ITEM('',(#5557),#3390);
#3206=STYLED_ITEM('',(#5557),#3391);
#3207=STYLED_ITEM('',(#5557),#3392);
#3208=STYLED_ITEM('',(#5557),#3393);
#3209=STYLED_ITEM('',(#5557),#3394);
#3210=STYLED_ITEM('',(#5557),#3395);
#3211=STYLED_ITEM('',(#5557),#3396);
#3212=STYLED_ITEM('',(#5557),#3397);
#3213=STYLED_ITEM('',(#5557),#3398);
#3214=STYLED_ITEM('',(#5557),#3399);
#3215=STYLED_ITEM('',(#5557),#3400);
#3216=STYLED_ITEM('',(#5557),#3401);
#3217=STYLED_ITEM('',(#5557),#3402);
#3218=STYLED_ITEM('',(#5557),#3403);
#3219=STYLED_ITEM('',(#5557),#3404);
#3220=STYLED_ITEM('',(#5558),#3405);
#3221=STYLED_ITEM('',(#5557),#3406);
#3222=STYLED_ITEM('',(#5557),#3407);
#3223=STYLED_ITEM('',(#5557),#3408);
#3224=STYLED_ITEM('',(#5557),#3409);
#3225=STYLED_ITEM('',(#5557),#3410);
#3226=STYLED_ITEM('',(#5557),#3411);
#3227=STYLED_ITEM('',(#5557),#3412);
#3228=STYLED_ITEM('',(#5557),#3413);
#3229=STYLED_ITEM('',(#5557),#3414);
#3230=STYLED_ITEM('',(#5557),#3415);
#3231=STYLED_ITEM('',(#5557),#3416);
#3232=STYLED_ITEM('',(#5557),#3417);
#3233=STYLED_ITEM('',(#5557),#3418);
#3234=STYLED_ITEM('',(#5557),#3419);
#3235=STYLED_ITEM('',(#5558),#3420);
#3236=STYLED_ITEM('',(#5557),#3421);
#3237=STYLED_ITEM('',(#5557),#3422);
#3238=STYLED_ITEM('',(#5557),#3423);
#3239=STYLED_ITEM('',(#5557),#3424);
#3240=STYLED_ITEM('',(#5558),#3425);
#3241=STYLED_ITEM('',(#5557),#3426);
#3242=STYLED_ITEM('',(#5557),#3427);
#3243=STYLED_ITEM('',(#5558),#3428);
#3244=STYLED_ITEM('',(#5557),#3429);
#3245=STYLED_ITEM('',(#5557),#3430);
#3246=STYLED_ITEM('',(#5557),#3431);
#3247=STYLED_ITEM('',(#5557),#3432);
#3248=STYLED_ITEM('',(#5557),#3433);
#3249=STYLED_ITEM('',(#5557),#3434);
#3250=STYLED_ITEM('',(#5557),#3435);
#3251=STYLED_ITEM('',(#5557),#3436);
#3252=STYLED_ITEM('',(#5557),#3437);
#3253=STYLED_ITEM('',(#5557),#3438);
#3254=STYLED_ITEM('',(#5557),#3439);
#3255=STYLED_ITEM('',(#5557),#3440);
#3256=STYLED_ITEM('',(#5557),#3441);
#3257=STYLED_ITEM('',(#5558),#3442);
#3258=STYLED_ITEM('',(#5558),#3443);
#3259=STYLED_ITEM('',(#5558),#3444);
#3260=STYLED_ITEM('',(#5558),#3445);
#3261=STYLED_ITEM('',(#5558),#3446);
#3262=STYLED_ITEM('',(#5558),#3447);
#3263=STYLED_ITEM('',(#5558),#3448);
#3264=STYLED_ITEM('',(#5558),#3449);
#3265=STYLED_ITEM('',(#5558),#3450);
#3266=STYLED_ITEM('',(#5558),#3451);
#3267=STYLED_ITEM('',(#5558),#3452);
#3268=STYLED_ITEM('',(#5558),#3453);
#3269=STYLED_ITEM('',(#5558),#3454);
#3270=STYLED_ITEM('',(#5557),#3455);
#3271=STYLED_ITEM('',(#5557),#3456);
#3272=STYLED_ITEM('',(#5557),#3457);
#3273=STYLED_ITEM('',(#5557),#3458);
#3274=STYLED_ITEM('',(#5557),#3459);
#3275=STYLED_ITEM('',(#5557),#3460);
#3276=STYLED_ITEM('',(#5557),#3461);
#3277=STYLED_ITEM('',(#5557),#3462);
#3278=STYLED_ITEM('',(#5557),#3463);
#3279=STYLED_ITEM('',(#5557),#3464);
#3280=STYLED_ITEM('',(#5558),#3465);
#3281=STYLED_ITEM('',(#5557),#3466);
#3282=STYLED_ITEM('',(#5557),#3467);
#3283=STYLED_ITEM('',(#5558),#3468);
#3284=STYLED_ITEM('',(#5558),#3469);
#3285=STYLED_ITEM('',(#5558),#3470);
#3286=STYLED_ITEM('',(#5558),#3471);
#3287=STYLED_ITEM('',(#5558),#3472);
#3288=STYLED_ITEM('',(#5558),#3473);
#3289=STYLED_ITEM('',(#5558),#3474);
#3290=STYLED_ITEM('',(#5558),#3475);
#3291=STYLED_ITEM('',(#5558),#3476);
#3292=STYLED_ITEM('',(#5558),#3477);
#3293=STYLED_ITEM('',(#5558),#3478);
#3294=STYLED_ITEM('',(#5558),#3479);
#3295=STYLED_ITEM('',(#5558),#3480);
#3296=STYLED_ITEM('',(#5558),#3481);
#3297=STYLED_ITEM('',(#5558),#3482);
#3298=STYLED_ITEM('',(#5558),#3483);
#3299=STYLED_ITEM('',(#5558),#3484);
#3300=STYLED_ITEM('',(#5558),#3485);
#3301=STYLED_ITEM('',(#5558),#3486);
#3302=STYLED_ITEM('',(#5558),#3487);
#3303=STYLED_ITEM('',(#5558),#3488);
#3304=STYLED_ITEM('',(#5558),#3489);
#3305=STYLED_ITEM('',(#5558),#3490);
#3306=STYLED_ITEM('',(#5558),#3491);
#3307=STYLED_ITEM('',(#5557),#3492);
#3308=STYLED_ITEM('',(#5557),#3493);
#3309=STYLED_ITEM('',(#5557),#3494);
#3310=STYLED_ITEM('',(#5557),#3495);
#3311=STYLED_ITEM('',(#5557),#3496);
#3312=STYLED_ITEM('',(#5557),#3497);
#3313=STYLED_ITEM('',(#5557),#3498);
#3314=STYLED_ITEM('',(#5557),#3499);
#3315=STYLED_ITEM('',(#5557),#3500);
#3316=STYLED_ITEM('',(#5557),#3501);
#3317=STYLED_ITEM('',(#5557),#3502);
#3318=STYLED_ITEM('',(#5557),#3503);
#3319=STYLED_ITEM('',(#5557),#3504);
#3320=STYLED_ITEM('',(#5557),#3505);
#3321=STYLED_ITEM('',(#5557),#3506);
#3322=STYLED_ITEM('',(#5557),#3507);
#3323=STYLED_ITEM('',(#5557),#3508);
#3324=STYLED_ITEM('',(#5557),#3509);
#3325=STYLED_ITEM('',(#5557),#3510);
#3326=STYLED_ITEM('',(#5557),#3511);
#3327=STYLED_ITEM('',(#5557),#3512);
#3328=STYLED_ITEM('',(#5557),#3513);
#3329=STYLED_ITEM('',(#5557),#3514);
#3330=STYLED_ITEM('',(#5557),#3515);
#3331=STYLED_ITEM('',(#5557),#3516);
#3332=STYLED_ITEM('',(#5557),#3517);
#3333=STYLED_ITEM('',(#5557),#3518);
#3334=STYLED_ITEM('',(#5557),#3519);
#3335=STYLED_ITEM('',(#5557),#3520);
#3336=STYLED_ITEM('',(#5557),#3521);
#3337=STYLED_ITEM('',(#5557),#3522);
#3338=STYLED_ITEM('',(#5557),#3523);
#3339=STYLED_ITEM('',(#5557),#3524);
#3340=STYLED_ITEM('',(#5557),#3525);
#3341=STYLED_ITEM('',(#5557),#3526);
#3342=STYLED_ITEM('',(#5557),#3527);
#3343=STYLED_ITEM('',(#5557),#3528);
#3344=STYLED_ITEM('',(#5557),#3529);
#3345=STYLED_ITEM('',(#5557),#3530);
#3346=STYLED_ITEM('',(#5557),#3531);
#3347=STYLED_ITEM('',(#5557),#3532);
#3348=STYLED_ITEM('',(#5557),#3533);
#3349=STYLED_ITEM('',(#5557),#3534);
#3350=STYLED_ITEM('',(#5557),#3535);
#3351=STYLED_ITEM('',(#5557),#3536);
#3352=STYLED_ITEM('',(#5557),#3537);
#3353=STYLED_ITEM('',(#5557),#3538);
#3354=STYLED_ITEM('',(#5557),#3539);
#3355=STYLED_ITEM('',(#5557),#3540);
#3356=STYLED_ITEM('',(#5557),#3541);
#3357=STYLED_ITEM('',(#5557),#3542);
#3358=STYLED_ITEM('',(#5557),#3543);
#3359=STYLED_ITEM('',(#5557),#3544);
#3360=STYLED_ITEM('',(#5557),#3545);
#3361=STYLED_ITEM('',(#5557),#3546);
#3362=STYLED_ITEM('',(#5557),#3547);
#3363=STYLED_ITEM('',(#5557),#3548);
#3364=STYLED_ITEM('',(#5557),#3549);
#3365=STYLED_ITEM('',(#5557),#3550);
#3366=STYLED_ITEM('',(#5557),#3551);
#3367=STYLED_ITEM('',(#5557),#3552);
#3368=STYLED_ITEM('',(#5557),#3553);
#3369=STYLED_ITEM('',(#5557),#3554);
#3370=STYLED_ITEM('',(#5557),#3555);
#3371=STYLED_ITEM('',(#5557),#3556);
#3372=STYLED_ITEM('',(#5557),#3557);
#3373=STYLED_ITEM('',(#5557),#3558);
#3374=STYLED_ITEM('',(#5557),#3559);
#3375=STYLED_ITEM('',(#5557),#3560);
#3376=STYLED_ITEM('',(#5557),#3561);
#3377=STYLED_ITEM('',(#5556),#13);
#3378=ADVANCED_FACE('',(#48),#3010,.F.);
#3379=ADVANCED_FACE('',(#49,#15,#16,#17,#18,#19,#20,#21,#22,#23,#24,#25,
#26,#27,#28,#29),#3011,.F.);
#3380=ADVANCED_FACE('',(#50),#3012,.T.);
#3381=ADVANCED_FACE('',(#51),#3013,.F.);
#3382=ADVANCED_FACE('',(#52),#3014,.F.);
#3383=ADVANCED_FACE('',(#53),#3015,.F.);
#3384=ADVANCED_FACE('',(#54,#30,#31),#3016,.F.);
#3385=ADVANCED_FACE('',(#55),#3017,.F.);
#3386=ADVANCED_FACE('',(#56),#3018,.F.);
#3387=ADVANCED_FACE('',(#57),#3019,.F.);
#3388=ADVANCED_FACE('',(#58),#3020,.F.);
#3389=ADVANCED_FACE('',(#59),#3021,.F.);
#3390=ADVANCED_FACE('',(#60),#3022,.F.);
#3391=ADVANCED_FACE('',(#61),#3023,.F.);
#3392=ADVANCED_FACE('',(#62),#3024,.F.);
#3393=ADVANCED_FACE('',(#63),#3025,.F.);
#3394=ADVANCED_FACE('',(#64),#3026,.F.);
#3395=ADVANCED_FACE('',(#65),#3027,.F.);
#3396=ADVANCED_FACE('',(#66),#3028,.F.);
#3397=ADVANCED_FACE('',(#67),#3029,.F.);
#3398=ADVANCED_FACE('',(#68),#3030,.F.);
#3399=ADVANCED_FACE('',(#69),#3031,.F.);
#3400=ADVANCED_FACE('',(#70),#3032,.F.);
#3401=ADVANCED_FACE('',(#71),#3033,.F.);
#3402=ADVANCED_FACE('',(#72),#3034,.F.);
#3403=ADVANCED_FACE('',(#73),#3035,.F.);
#3404=ADVANCED_FACE('',(#74),#3036,.F.);
#3405=ADVANCED_FACE('',(#75),#14,.T.);
#3406=ADVANCED_FACE('',(#76),#3037,.F.);
#3407=ADVANCED_FACE('',(#77),#3038,.F.);
#3408=ADVANCED_FACE('',(#78),#3039,.F.);
#3409=ADVANCED_FACE('',(#79),#3040,.F.);
#3410=ADVANCED_FACE('',(#80),#3041,.F.);
#3411=ADVANCED_FACE('',(#81),#3042,.F.);
#3412=ADVANCED_FACE('',(#82),#3043,.F.);
#3413=ADVANCED_FACE('',(#83),#3044,.F.);
#3414=ADVANCED_FACE('',(#84),#3045,.F.);
#3415=ADVANCED_FACE('',(#85),#3046,.F.);
#3416=ADVANCED_FACE('',(#86),#3047,.F.);
#3417=ADVANCED_FACE('',(#87),#3048,.F.);
#3418=ADVANCED_FACE('',(#88),#3049,.F.);
#3419=ADVANCED_FACE('',(#89),#3050,.F.);
#3420=ADVANCED_FACE('',(#90),#3051,.F.);
#3421=ADVANCED_FACE('',(#91),#3052,.F.);
#3422=ADVANCED_FACE('',(#92),#3053,.F.);
#3423=ADVANCED_FACE('',(#93),#3054,.F.);
#3424=ADVANCED_FACE('',(#94),#3055,.F.);
#3425=ADVANCED_FACE('',(#95),#3056,.T.);
#3426=ADVANCED_FACE('',(#96),#3057,.F.);
#3427=ADVANCED_FACE('',(#97),#3058,.F.);
#3428=ADVANCED_FACE('',(#98),#3059,.F.);
#3429=ADVANCED_FACE('',(#99),#3060,.F.);
#3430=ADVANCED_FACE('',(#100),#3061,.F.);
#3431=ADVANCED_FACE('',(#101),#3062,.F.);
#3432=ADVANCED_FACE('',(#102),#3063,.F.);
#3433=ADVANCED_FACE('',(#103),#3064,.F.);
#3434=ADVANCED_FACE('',(#104),#3065,.F.);
#3435=ADVANCED_FACE('',(#105),#3066,.F.);
#3436=ADVANCED_FACE('',(#106),#3067,.F.);
#3437=ADVANCED_FACE('',(#107),#3068,.F.);
#3438=ADVANCED_FACE('',(#108),#3069,.F.);
#3439=ADVANCED_FACE('',(#109),#3070,.F.);
#3440=ADVANCED_FACE('',(#110),#3071,.F.);
#3441=ADVANCED_FACE('',(#111),#3072,.T.);
#3442=ADVANCED_FACE('',(#112),#3073,.F.);
#3443=ADVANCED_FACE('',(#113),#3074,.F.);
#3444=ADVANCED_FACE('',(#114),#3075,.T.);
#3445=ADVANCED_FACE('',(#115),#3076,.F.);
#3446=ADVANCED_FACE('',(#116),#3077,.F.);
#3447=ADVANCED_FACE('',(#117),#3078,.F.);
#3448=ADVANCED_FACE('',(#118),#3079,.T.);
#3449=ADVANCED_FACE('',(#119),#3080,.F.);
#3450=ADVANCED_FACE('',(#120),#3081,.F.);
#3451=ADVANCED_FACE('',(#121),#3082,.T.);
#3452=ADVANCED_FACE('',(#122),#3083,.F.);
#3453=ADVANCED_FACE('',(#123),#3084,.T.);
#3454=ADVANCED_FACE('',(#124),#3085,.F.);
#3455=ADVANCED_FACE('',(#125),#3086,.T.);
#3456=ADVANCED_FACE('',(#126),#3087,.T.);
#3457=ADVANCED_FACE('',(#127),#3088,.T.);
#3458=ADVANCED_FACE('',(#128),#3089,.T.);
#3459=ADVANCED_FACE('',(#129),#3090,.T.);
#3460=ADVANCED_FACE('',(#130),#3091,.T.);
#3461=ADVANCED_FACE('',(#131),#3092,.T.);
#3462=ADVANCED_FACE('',(#132),#3093,.T.);
#3463=ADVANCED_FACE('',(#133),#3094,.T.);
#3464=ADVANCED_FACE('',(#134),#3095,.T.);
#3465=ADVANCED_FACE('',(#135),#3096,.T.);
#3466=ADVANCED_FACE('',(#136),#3097,.T.);
#3467=ADVANCED_FACE('',(#137),#3098,.T.);
#3468=ADVANCED_FACE('',(#138),#3099,.F.);
#3469=ADVANCED_FACE('',(#139),#3100,.F.);
#3470=ADVANCED_FACE('',(#140),#3101,.F.);
#3471=ADVANCED_FACE('',(#141),#3102,.F.);
#3472=ADVANCED_FACE('',(#142),#3103,.F.);
#3473=ADVANCED_FACE('',(#143),#3104,.T.);
#3474=ADVANCED_FACE('',(#144),#3105,.F.);
#3475=ADVANCED_FACE('',(#145),#3106,.F.);
#3476=ADVANCED_FACE('',(#146),#3107,.F.);
#3477=ADVANCED_FACE('',(#147),#3108,.F.);
#3478=ADVANCED_FACE('',(#148),#3109,.F.);
#3479=ADVANCED_FACE('',(#149),#3110,.F.);
#3480=ADVANCED_FACE('',(#150),#3111,.F.);
#3481=ADVANCED_FACE('',(#151),#3112,.F.);
#3482=ADVANCED_FACE('',(#152),#3113,.F.);
#3483=ADVANCED_FACE('',(#153),#3114,.F.);
#3484=ADVANCED_FACE('',(#154),#3115,.F.);
#3485=ADVANCED_FACE('',(#155),#3116,.F.);
#3486=ADVANCED_FACE('',(#156),#3117,.F.);
#3487=ADVANCED_FACE('',(#157),#3118,.F.);
#3488=ADVANCED_FACE('',(#158),#3119,.T.);
#3489=ADVANCED_FACE('',(#159),#3120,.T.);
#3490=ADVANCED_FACE('',(#160),#3121,.F.);
#3491=ADVANCED_FACE('',(#161,#32,#33,#34,#35,#36,#37,#38,#39,#40,#41,#42,
#43,#44,#45),#3122,.F.);
#3492=ADVANCED_FACE('',(#162),#3123,.F.);
#3493=ADVANCED_FACE('',(#163),#3124,.F.);
#3494=ADVANCED_FACE('',(#164),#3125,.F.);
#3495=ADVANCED_FACE('',(#165),#3126,.F.);
#3496=ADVANCED_FACE('',(#166),#3127,.F.);
#3497=ADVANCED_FACE('',(#167),#3128,.F.);
#3498=ADVANCED_FACE('',(#168),#3129,.F.);
#3499=ADVANCED_FACE('',(#169),#3130,.F.);
#3500=ADVANCED_FACE('',(#170),#3131,.F.);
#3501=ADVANCED_FACE('',(#171),#3132,.F.);
#3502=ADVANCED_FACE('',(#172),#3133,.F.);
#3503=ADVANCED_FACE('',(#173),#3134,.F.);
#3504=ADVANCED_FACE('',(#174),#3135,.F.);
#3505=ADVANCED_FACE('',(#175),#3136,.F.);
#3506=ADVANCED_FACE('',(#176),#3137,.F.);
#3507=ADVANCED_FACE('',(#177),#3138,.F.);
#3508=ADVANCED_FACE('',(#178),#3139,.F.);
#3509=ADVANCED_FACE('',(#179),#3140,.F.);
#3510=ADVANCED_FACE('',(#180),#3141,.F.);
#3511=ADVANCED_FACE('',(#181),#3142,.F.);
#3512=ADVANCED_FACE('',(#182),#3143,.F.);
#3513=ADVANCED_FACE('',(#183),#3144,.F.);
#3514=ADVANCED_FACE('',(#184),#3145,.F.);
#3515=ADVANCED_FACE('',(#185),#3146,.F.);
#3516=ADVANCED_FACE('',(#186),#3147,.F.);
#3517=ADVANCED_FACE('',(#187),#3148,.F.);
#3518=ADVANCED_FACE('',(#188),#3149,.F.);
#3519=ADVANCED_FACE('',(#189),#3150,.F.);
#3520=ADVANCED_FACE('',(#190),#3151,.F.);
#3521=ADVANCED_FACE('',(#191),#3152,.F.);
#3522=ADVANCED_FACE('',(#192),#3153,.F.);
#3523=ADVANCED_FACE('',(#193),#3154,.F.);
#3524=ADVANCED_FACE('',(#194),#3155,.F.);
#3525=ADVANCED_FACE('',(#195),#3156,.F.);
#3526=ADVANCED_FACE('',(#196),#3157,.F.);
#3527=ADVANCED_FACE('',(#197),#3158,.F.);
#3528=ADVANCED_FACE('',(#198),#3159,.F.);
#3529=ADVANCED_FACE('',(#199),#3160,.F.);
#3530=ADVANCED_FACE('',(#200),#3161,.F.);
#3531=ADVANCED_FACE('',(#201),#3162,.F.);
#3532=ADVANCED_FACE('',(#202),#3163,.F.);
#3533=ADVANCED_FACE('',(#203),#3164,.F.);
#3534=ADVANCED_FACE('',(#204),#3165,.F.);
#3535=ADVANCED_FACE('',(#205),#3166,.F.);
#3536=ADVANCED_FACE('',(#206),#3167,.F.);
#3537=ADVANCED_FACE('',(#207),#3168,.F.);
#3538=ADVANCED_FACE('',(#208),#3169,.F.);
#3539=ADVANCED_FACE('',(#209),#3170,.F.);
#3540=ADVANCED_FACE('',(#210),#3171,.F.);
#3541=ADVANCED_FACE('',(#211),#3172,.F.);
#3542=ADVANCED_FACE('',(#212),#3173,.F.);
#3543=ADVANCED_FACE('',(#213),#3174,.F.);
#3544=ADVANCED_FACE('',(#214),#3175,.F.);
#3545=ADVANCED_FACE('',(#215),#3176,.F.);
#3546=ADVANCED_FACE('',(#216),#3177,.F.);
#3547=ADVANCED_FACE('',(#217),#3178,.F.);
#3548=ADVANCED_FACE('',(#218),#3179,.F.);
#3549=ADVANCED_FACE('',(#219),#3180,.F.);
#3550=ADVANCED_FACE('',(#220),#3181,.F.);
#3551=ADVANCED_FACE('',(#221),#3182,.F.);
#3552=ADVANCED_FACE('',(#222),#3183,.F.);
#3553=ADVANCED_FACE('',(#223),#3184,.F.);
#3554=ADVANCED_FACE('',(#224),#3185,.F.);
#3555=ADVANCED_FACE('',(#225),#3186,.F.);
#3556=ADVANCED_FACE('',(#226),#3187,.F.);
#3557=ADVANCED_FACE('',(#227),#3188,.F.);
#3558=ADVANCED_FACE('',(#228),#3189,.F.);
#3559=ADVANCED_FACE('',(#229),#3190,.F.);
#3560=ADVANCED_FACE('',(#230),#3191,.F.);
#3561=ADVANCED_FACE('',(#231),#3192,.F.);
#3562=CLOSED_SHELL('',(#3378,#3379,#3380,#3381,#3382,#3383,#3384,#3385,
#3386,#3387,#3388,#3389,#3390,#3391,#3392,#3393,#3394,#3395,#3396,#3397,
#3398,#3399,#3400,#3401,#3402,#3403,#3404,#3405,#3406,#3407,#3408,#3409,
#3410,#3411,#3412,#3413,#3414,#3415,#3416,#3417,#3418,#3419,#3420,#3421,
#3422,#3423,#3424,#3425,#3426,#3427,#3428,#3429,#3430,#3431,#3432,#3433,
#3434,#3435,#3436,#3437,#3438,#3439,#3440,#3441,#3442,#3443,#3444,#3445,
#3446,#3447,#3448,#3449,#3450,#3451,#3452,#3453,#3454,#3455,#3456,#3457,
#3458,#3459,#3460,#3461,#3462,#3463,#3464,#3465,#3466,#3467,#3468,#3469,
#3470,#3471,#3472,#3473,#3474,#3475,#3476,#3477,#3478,#3479,#3480,#3481,
#3482,#3483,#3484,#3485,#3486,#3487,#3488,#3489,#3490,#3491,#3492,#3493,
#3494,#3495,#3496,#3497,#3498,#3499,#3500,#3501,#3502,#3503,#3504,#3505,
#3506,#3507,#3508,#3509,#3510,#3511,#3512,#3513,#3514,#3515,#3516,#3517,
#3518,#3519,#3520,#3521,#3522,#3523,#3524,#3525,#3526,#3527,#3528,#3529,
#3530,#3531,#3532,#3533,#3534,#3535,#3536,#3537,#3538,#3539,#3540,#3541,
#3542,#3543,#3544,#3545,#3546,#3547,#3548,#3549,#3550,#3551,#3552,#3553,
#3554,#3555,#3556,#3557,#3558,#3559,#3560,#3561));
#3563=DERIVED_UNIT_ELEMENT(#3566,1.);
#3564=DERIVED_UNIT_ELEMENT(#5541,-3.);
#3565=DIMENSIONAL_EXPONENTS(0.,1.,0.,0.,0.,0.,0.);
#3566=(
CONVERSION_BASED_UNIT('gram',#3568)
MASS_UNIT()
NAMED_UNIT(#3565)
);
#3567=(
MASS_UNIT()
NAMED_UNIT(*)
SI_UNIT(.KILO.,.GRAM.)
);
#3568=MASS_MEASURE_WITH_UNIT(MASS_MEASURE(0.001),#3567);
#3569=DERIVED_UNIT((#3563,#3564));
#3570=MEASURE_REPRESENTATION_ITEM('density measure',
POSITIVE_RATIO_MEASURE(1.),#3569);
#3571=PROPERTY_DEFINITION_REPRESENTATION(#3576,#3573);
#3572=PROPERTY_DEFINITION_REPRESENTATION(#3577,#3574);
#3573=REPRESENTATION('material name',(#3575),#5538);
#3574=REPRESENTATION('density',(#3570),#5538);
#3575=DESCRIPTIVE_REPRESENTATION_ITEM('Generic','Generic');
#3576=PROPERTY_DEFINITION('material property','material name',#5548);
#3577=PROPERTY_DEFINITION('material property','density of part',#5548);
#3578=DATE_TIME_ROLE('creation_date');
#3579=APPLIED_DATE_AND_TIME_ASSIGNMENT(#3580,#3578,(#5548));
#3580=DATE_AND_TIME(#3581,#3582);
#3581=CALENDAR_DATE(2010,10,6);
#3582=LOCAL_TIME(2,1,24.,#3583);
#3583=COORDINATED_UNIVERSAL_TIME_OFFSET(0,0,.BEHIND.);
#3584=AXIS2_PLACEMENT_3D('',#4596,#3771,#3772);
#3585=AXIS2_PLACEMENT_3D('',#4597,#3773,#3774);
#3586=AXIS2_PLACEMENT_3D('',#4606,#3779,#3780);
#3587=AXIS2_PLACEMENT_3D('',#4616,#3785,#3786);
#3588=AXIS2_PLACEMENT_3D('',#4726,#3842,#3843);
#3589=AXIS2_PLACEMENT_3D('',#4732,#3847,#3848);
#3590=AXIS2_PLACEMENT_3D('',#4734,#3850,#3851);
#3591=AXIS2_PLACEMENT_3D('',#4736,#3853,#3854);
#3592=AXIS2_PLACEMENT_3D('',#4742,#3858,#3859);
#3593=AXIS2_PLACEMENT_3D('',#4772,#3875,#3876);
#3594=AXIS2_PLACEMENT_3D('',#4778,#3880,#3881);
#3595=AXIS2_PLACEMENT_3D('',#4784,#3885,#3886);
#3596=AXIS2_PLACEMENT_3D('',#4790,#3890,#3891);
#3597=AXIS2_PLACEMENT_3D('',#4796,#3895,#3896);
#3598=AXIS2_PLACEMENT_3D('',#4800,#3899,#3900);
#3599=AXIS2_PLACEMENT_3D('',#4806,#3904,#3905);
#3600=AXIS2_PLACEMENT_3D('',#4812,#3909,#3910);
#3601=AXIS2_PLACEMENT_3D('',#4813,#3911,#3912);
#3602=AXIS2_PLACEMENT_3D('',#4819,#3916,#3917);
#3603=AXIS2_PLACEMENT_3D('',#4825,#3921,#3922);
#3604=AXIS2_PLACEMENT_3D('',#4831,#3926,#3927);
#3605=AXIS2_PLACEMENT_3D('',#4837,#3931,#3932);
#3606=AXIS2_PLACEMENT_3D('',#4843,#3936,#3937);
#3607=AXIS2_PLACEMENT_3D('',#4847,#3940,#3941);
#3608=AXIS2_PLACEMENT_3D('',#4853,#3945,#3946);
#3609=AXIS2_PLACEMENT_3D('',#4857,#3949,#3950);
#3610=AXIS2_PLACEMENT_3D('',#4863,#3954,#3955);
#3611=AXIS2_PLACEMENT_3D('',#4867,#3958,#3959);
#3612=AXIS2_PLACEMENT_3D('',#4873,#3963,#3964);
#3613=AXIS2_PLACEMENT_3D('',#4879,#3968,#3969);
#3614=AXIS2_PLACEMENT_3D('',#4882,#3971,#3972);
#3615=AXIS2_PLACEMENT_3D('',#4883,#3973,#3974);
#3616=AXIS2_PLACEMENT_3D('',#4887,#3977,#3978);
#3617=AXIS2_PLACEMENT_3D('',#4893,#3982,#3983);
#3618=AXIS2_PLACEMENT_3D('',#4897,#3986,#3987);
#3619=AXIS2_PLACEMENT_3D('',#4901,#3990,#3991);
#3620=AXIS2_PLACEMENT_3D('',#4903,#3993,#3994);
#3621=AXIS2_PLACEMENT_3D('',#4905,#3996,#3997);
#3622=AXIS2_PLACEMENT_3D('',#4911,#4001,#4002);
#3623=AXIS2_PLACEMENT_3D('',#4917,#4006,#4007);
#3624=AXIS2_PLACEMENT_3D('',#4919,#4009,#4010);
#3625=AXIS2_PLACEMENT_3D('',#4921,#4012,#4013);
#3626=AXIS2_PLACEMENT_3D('',#4923,#4015,#4016);
#3627=AXIS2_PLACEMENT_3D('',#4927,#4019,#4020);
#3628=AXIS2_PLACEMENT_3D('',#4929,#4022,#4023);
#3629=AXIS2_PLACEMENT_3D('',#4935,#4027,#4028);
#3630=AXIS2_PLACEMENT_3D('',#4947,#4035,#4036);
#3631=AXIS2_PLACEMENT_3D('',#4949,#4038,#4039);
#3632=AXIS2_PLACEMENT_3D('',#4951,#4041,#4042);
#3633=AXIS2_PLACEMENT_3D('',#4957,#4046,#4047);
#3634=AXIS2_PLACEMENT_3D('',#4959,#4049,#4050);
#3635=AXIS2_PLACEMENT_3D('',#4971,#4057,#4058);
#3636=AXIS2_PLACEMENT_3D('',#4973,#4060,#4061);
#3637=AXIS2_PLACEMENT_3D('',#4977,#4064,#4065);
#3638=AXIS2_PLACEMENT_3D('',#4987,#4071,#4072);
#3639=AXIS2_PLACEMENT_3D('',#4989,#4074,#4075);
#3640=AXIS2_PLACEMENT_3D('',#4991,#4077,#4078);
#3641=AXIS2_PLACEMENT_3D('',#4995,#4081,#4082);
#3642=AXIS2_PLACEMENT_3D('',#4997,#4084,#4085);
#3643=AXIS2_PLACEMENT_3D('',#4999,#4087,#4088);
#3644=AXIS2_PLACEMENT_3D('',#5001,#4090,#4091);
#3645=AXIS2_PLACEMENT_3D('',#5003,#4093,#4094);
#3646=AXIS2_PLACEMENT_3D('',#5005,#4096,#4097);
#3647=AXIS2_PLACEMENT_3D('',#5007,#4099,#4100);
#3648=AXIS2_PLACEMENT_3D('',#5009,#4102,#4103);
#3649=AXIS2_PLACEMENT_3D('',#5011,#4105,#4106);
#3650=AXIS2_PLACEMENT_3D('',#5013,#4108,#4109);
#3651=AXIS2_PLACEMENT_3D('',#5014,#4110,#4111);
#3652=AXIS2_PLACEMENT_3D('',#5020,#4115,#4116);
#3653=AXIS2_PLACEMENT_3D('',#5052,#4134,#4135);
#3654=AXIS2_PLACEMENT_3D('',#5058,#4139,#4140);
#3655=AXIS2_PLACEMENT_3D('',#5062,#4143,#4144);
#3656=AXIS2_PLACEMENT_3D('',#5066,#4147,#4148);
#3657=AXIS2_PLACEMENT_3D('',#5076,#4154,#4155);
#3658=AXIS2_PLACEMENT_3D('',#5080,#4158,#4159);
#3659=AXIS2_PLACEMENT_3D('',#5092,#4166,#4167);
#3660=AXIS2_PLACEMENT_3D('',#5094,#4169,#4170);
#3661=AXIS2_PLACEMENT_3D('',#5098,#4173,#4174);
#3662=AXIS2_PLACEMENT_3D('',#5102,#4177,#4178);
#3663=AXIS2_PLACEMENT_3D('',#5104,#4180,#4181);
#3664=AXIS2_PLACEMENT_3D('',#5106,#4183,#4184);
#3665=AXIS2_PLACEMENT_3D('',#5107,#4185,#4186);
#3666=AXIS2_PLACEMENT_3D('',#5108,#4187,#4188);
#3667=AXIS2_PLACEMENT_3D('',#5109,#4189,#4190);
#3668=AXIS2_PLACEMENT_3D('',#5110,#4191,#4192);
#3669=AXIS2_PLACEMENT_3D('',#5111,#4193,#4194);
#3670=AXIS2_PLACEMENT_3D('',#5112,#4195,#4196);
#3671=AXIS2_PLACEMENT_3D('',#5113,#4197,#4198);
#3672=AXIS2_PLACEMENT_3D('',#5114,#4199,#4200);
#3673=AXIS2_PLACEMENT_3D('',#5115,#4201,#4202);
#3674=AXIS2_PLACEMENT_3D('',#5116,#4203,#4204);
#3675=AXIS2_PLACEMENT_3D('',#5117,#4205,#4206);
#3676=AXIS2_PLACEMENT_3D('',#5118,#4207,#4208);
#3677=AXIS2_PLACEMENT_3D('',#5119,#4209,#4210);
#3678=AXIS2_PLACEMENT_3D('',#5121,#4212,#4213);
#3679=AXIS2_PLACEMENT_3D('',#5125,#4216,#4217);
#3680=AXIS2_PLACEMENT_3D('',#5131,#4221,#4222);
#3681=AXIS2_PLACEMENT_3D('',#5135,#4225,#4226);
#3682=AXIS2_PLACEMENT_3D('',#5143,#4231,#4232);
#3683=AXIS2_PLACEMENT_3D('',#5147,#4235,#4236);
#3684=AXIS2_PLACEMENT_3D('',#5149,#4238,#4239);
#3685=AXIS2_PLACEMENT_3D('',#5151,#4241,#4242);
#3686=AXIS2_PLACEMENT_3D('',#5153,#4244,#4245);
#3687=AXIS2_PLACEMENT_3D('',#5154,#4246,#4247);
#3688=AXIS2_PLACEMENT_3D('',#5157,#4250,#4251);
#3689=AXIS2_PLACEMENT_3D('',#5160,#4254,#4255);
#3690=AXIS2_PLACEMENT_3D('',#5161,#4256,#4257);
#3691=AXIS2_PLACEMENT_3D('',#5163,#4259,#4260);
#3692=AXIS2_PLACEMENT_3D('',#5164,#4261,#4262);
#3693=AXIS2_PLACEMENT_3D('',#5166,#4264,#4265);
#3694=AXIS2_PLACEMENT_3D('',#5172,#4269,#4270);
#3695=AXIS2_PLACEMENT_3D('',#5173,#4271,#4272);
#3696=AXIS2_PLACEMENT_3D('',#5177,#4275,#4276);
#3697=AXIS2_PLACEMENT_3D('',#5178,#4277,#4278);
#3698=AXIS2_PLACEMENT_3D('',#5182,#4281,#4282);
#3699=AXIS2_PLACEMENT_3D('',#5183,#4283,#4284);
#3700=AXIS2_PLACEMENT_3D('',#5185,#4286,#4287);
#3701=AXIS2_PLACEMENT_3D('',#5298,#4344,#4345);
#3702=AXIS2_PLACEMENT_3D('',#5304,#4349,#4350);
#3703=AXIS2_PLACEMENT_3D('',#5310,#4354,#4355);
#3704=AXIS2_PLACEMENT_3D('',#5316,#4359,#4360);
#3705=AXIS2_PLACEMENT_3D('',#5322,#4364,#4365);
#3706=AXIS2_PLACEMENT_3D('',#5328,#4369,#4370);
#3707=AXIS2_PLACEMENT_3D('',#5334,#4374,#4375);
#3708=AXIS2_PLACEMENT_3D('',#5340,#4379,#4380);
#3709=AXIS2_PLACEMENT_3D('',#5344,#4383,#4384);
#3710=AXIS2_PLACEMENT_3D('',#5350,#4388,#4389);
#3711=AXIS2_PLACEMENT_3D('',#5356,#4393,#4394);
#3712=AXIS2_PLACEMENT_3D('',#5360,#4397,#4398);
#3713=AXIS2_PLACEMENT_3D('',#5366,#4402,#4403);
#3714=AXIS2_PLACEMENT_3D('',#5370,#4406,#4407);
#3715=AXIS2_PLACEMENT_3D('',#5376,#4411,#4412);
#3716=AXIS2_PLACEMENT_3D('',#5380,#4415,#4416);
#3717=AXIS2_PLACEMENT_3D('',#5384,#4419,#4420);
#3718=AXIS2_PLACEMENT_3D('',#5390,#4424,#4425);
#3719=AXIS2_PLACEMENT_3D('',#5396,#4429,#4430);
#3720=AXIS2_PLACEMENT_3D('',#5402,#4434,#4435);
#3721=AXIS2_PLACEMENT_3D('',#5408,#4439,#4440);
#3722=AXIS2_PLACEMENT_3D('',#5410,#4442,#4443);
#3723=AXIS2_PLACEMENT_3D('',#5416,#4447,#4448);
#3724=AXIS2_PLACEMENT_3D('',#5420,#4451,#4452);
#3725=AXIS2_PLACEMENT_3D('',#5424,#4455,#4456);
#3726=AXIS2_PLACEMENT_3D('',#5426,#4458,#4459);
#3727=AXIS2_PLACEMENT_3D('',#5428,#4461,#4462);
#3728=AXIS2_PLACEMENT_3D('',#5432,#4465,#4466);
#3729=AXIS2_PLACEMENT_3D('',#5438,#4470,#4471);
#3730=AXIS2_PLACEMENT_3D('',#5444,#4475,#4476);
#3731=AXIS2_PLACEMENT_3D('',#5450,#4480,#4481);
#3732=AXIS2_PLACEMENT_3D('',#5454,#4484,#4485);
#3733=AXIS2_PLACEMENT_3D('',#5456,#4487,#4488);
#3734=AXIS2_PLACEMENT_3D('',#5458,#4490,#4491);
#3735=AXIS2_PLACEMENT_3D('',#5464,#4495,#4496);
#3736=AXIS2_PLACEMENT_3D('',#5466,#4498,#4499);
#3737=AXIS2_PLACEMENT_3D('',#5470,#4502,#4503);
#3738=AXIS2_PLACEMENT_3D('',#5472,#4505,#4506);
#3739=AXIS2_PLACEMENT_3D('',#5474,#4508,#4509);
#3740=AXIS2_PLACEMENT_3D('',#5476,#4511,#4512);
#3741=AXIS2_PLACEMENT_3D('',#5480,#4515,#4516);
#3742=AXIS2_PLACEMENT_3D('',#5482,#4518,#4519);
#3743=AXIS2_PLACEMENT_3D('',#5488,#4523,#4524);
#3744=AXIS2_PLACEMENT_3D('',#5490,#4526,#4527);
#3745=AXIS2_PLACEMENT_3D('',#5492,#4529,#4530);
#3746=AXIS2_PLACEMENT_3D('',#5498,#4534,#4535);
#3747=AXIS2_PLACEMENT_3D('',#5502,#4538,#4539);
#3748=AXIS2_PLACEMENT_3D('',#5504,#4541,#4542);
#3749=AXIS2_PLACEMENT_3D('',#5506,#4544,#4545);
#3750=AXIS2_PLACEMENT_3D('',#5508,#4547,#4548);
#3751=AXIS2_PLACEMENT_3D('',#5510,#4550,#4551);
#3752=AXIS2_PLACEMENT_3D('',#5512,#4553,#4554);
#3753=AXIS2_PLACEMENT_3D('',#5514,#4556,#4557);
#3754=AXIS2_PLACEMENT_3D('',#5516,#4559,#4560);
#3755=AXIS2_PLACEMENT_3D('',#5518,#4562,#4563);
#3756=AXIS2_PLACEMENT_3D('',#5520,#4565,#4566);
#3757=AXIS2_PLACEMENT_3D('',#5522,#4568,#4569);
#3758=AXIS2_PLACEMENT_3D('',#5523,#4570,#4571);
#3759=AXIS2_PLACEMENT_3D('',#5524,#4572,#4573);
#3760=AXIS2_PLACEMENT_3D('',#5525,#4574,#4575);
#3761=AXIS2_PLACEMENT_3D('',#5526,#4576,#4577);
#3762=AXIS2_PLACEMENT_3D('',#5527,#4578,#4579);
#3763=AXIS2_PLACEMENT_3D('',#5528,#4580,#4581);
#3764=AXIS2_PLACEMENT_3D('',#5529,#4582,#4583);
#3765=AXIS2_PLACEMENT_3D('',#5530,#4584,#4585);
#3766=AXIS2_PLACEMENT_3D('',#5531,#4586,#4587);
#3767=AXIS2_PLACEMENT_3D('',#5532,#4588,#4589);
#3768=AXIS2_PLACEMENT_3D('',#5533,#4590,#4591);
#3769=AXIS2_PLACEMENT_3D('',#5534,#4592,#4593);
#3770=AXIS2_PLACEMENT_3D('',#5535,#4594,#4595);
#3771=DIRECTION('axis',(0.,0.,1.));
#3772=DIRECTION('refdir',(1.,0.,0.));
#3773=DIRECTION('center_axis',(-1.,0.,0.));
#3774=DIRECTION('ref_axis',(0.,0.,1.));
#3775=DIRECTION('',(0.,-1.,-1.60622544071927E-16));
#3776=DIRECTION('',(0.,0.,1.));
#3777=DIRECTION('',(0.,-1.,-1.60622544071927E-16));
#3778=DIRECTION('',(0.,0.,-1.));
#3779=DIRECTION('center_axis',(0.,1.,0.));
#3780=DIRECTION('ref_axis',(0.,0.,1.));
#3781=DIRECTION('',(0.,0.,-1.));
#3782=DIRECTION('',(-1.,0.,0.));
#3783=DIRECTION('',(0.,0.,-1.));
#3784=DIRECTION('',(1.,0.,0.));
#3785=DIRECTION('center_axis',(0.,-1.,0.));
#3786=DIRECTION('ref_axis',(0.,0.,1.));
#3787=DIRECTION('',(0.,0.,-1.));
#3788=DIRECTION('',(-1.,0.,1.0842021724855E-16));
#3789=DIRECTION('',(0.,0.,1.));
#3790=DIRECTION('',(1.,0.,-2.16840434497101E-16));
#3791=DIRECTION('',(0.,0.,-1.));
#3792=DIRECTION('',(-1.,0.,1.0842021724855E-16));
#3793=DIRECTION('',(0.,0.,1.));
#3794=DIRECTION('',(1.,0.,-2.16840434497101E-16));
#3795=DIRECTION('',(0.,0.,-1.));
#3796=DIRECTION('',(-1.,0.,1.0842021724855E-16));
#3797=DIRECTION('',(0.,0.,1.));
#3798=DIRECTION('',(1.,0.,-2.16840434497101E-16));
#3799=DIRECTION('',(0.,0.,-1.));
#3800=DIRECTION('',(-1.,0.,1.0842021724855E-16));
#3801=DIRECTION('',(0.,0.,1.));
#3802=DIRECTION('',(1.,0.,-2.16840434497101E-16));
#3803=DIRECTION('',(0.,0.,-1.));
#3804=DIRECTION('',(-1.,0.,1.0842021724855E-16));
#3805=DIRECTION('',(0.,0.,1.));
#3806=DIRECTION('',(1.,0.,-2.16840434497101E-16));
#3807=DIRECTION('',(0.,0.,-1.));
#3808=DIRECTION('',(-1.,0.,1.0842021724855E-16));
#3809=DIRECTION('',(0.,0.,1.));
#3810=DIRECTION('',(1.,0.,-2.16840434497101E-16));
#3811=DIRECTION('',(0.,0.,-1.));
#3812=DIRECTION('',(-1.,0.,1.0842021724855E-16));
#3813=DIRECTION('',(1.,0.,-2.16840434497101E-16));
#3814=DIRECTION('',(0.,0.,-1.));
#3815=DIRECTION('',(-1.,0.,1.0842021724855E-16));
#3816=DIRECTION('',(0.,0.,1.));
#3817=DIRECTION('',(1.,0.,-2.16840434497101E-16));
#3818=DIRECTION('',(0.,0.,-1.));
#3819=DIRECTION('',(-1.,0.,1.0842021724855E-16));
#3820=DIRECTION('',(0.,0.,1.));
#3821=DIRECTION('',(1.,0.,-2.16840434497101E-16));
#3822=DIRECTION('',(0.,0.,-1.));
#3823=DIRECTION('',(-1.,0.,1.0842021724855E-16));
#3824=DIRECTION('',(0.,0.,1.));
#3825=DIRECTION('',(1.,0.,-2.16840434497101E-16));
#3826=DIRECTION('',(0.,0.,-1.));
#3827=DIRECTION('',(-1.,0.,1.0842021724855E-16));
#3828=DIRECTION('',(0.,0.,1.));
#3829=DIRECTION('',(1.,0.,-2.16840434497101E-16));
#3830=DIRECTION('',(0.,0.,-1.));
#3831=DIRECTION('',(-1.,0.,1.0842021724855E-16));
#3832=DIRECTION('',(0.,0.,1.));
#3833=DIRECTION('',(1.,0.,-2.16840434497101E-16));
#3834=DIRECTION('',(0.,0.,-1.));
#3835=DIRECTION('',(-1.,0.,1.0842021724855E-16));
#3836=DIRECTION('',(0.,0.,1.));
#3837=DIRECTION('',(1.,0.,-2.16840434497101E-16));
#3838=DIRECTION('',(0.,0.,-1.));
#3839=DIRECTION('',(-1.,0.,1.0842021724855E-16));
#3840=DIRECTION('',(0.,0.,1.));
#3841=DIRECTION('',(1.,0.,-2.16840434497101E-16));
#3842=DIRECTION('center_axis',(0.,-1.,0.));
#3843=DIRECTION('ref_axis',(0.,0.,-1.));
#3844=DIRECTION('',(0.,0.,1.));
#3845=DIRECTION('',(-1.,0.,2.16840434497101E-16));
#3846=DIRECTION('',(1.,0.,-1.0842021724855E-16));
#3847=DIRECTION('center_axis',(2.16840434497101E-16,-1.60622544071927E-16,
1.));
#3848=DIRECTION('ref_axis',(1.,0.,-2.16840434497101E-16));
#3849=DIRECTION('',(0.,-1.,-1.60622544071927E-16));
#3850=DIRECTION('center_axis',(-1.0842021724855E-16,1.60622544071927E-16,
-1.));
#3851=DIRECTION('ref_axis',(0.,1.,1.60622544071927E-16));
#3852=DIRECTION('',(0.,-1.,-1.60622544071927E-16));
#3853=DIRECTION('center_axis',(-1.0842021724855E-16,1.60622544071927E-16,
-1.));
#3854=DIRECTION('ref_axis',(0.,1.,1.60622544071927E-16));
#3855=DIRECTION('',(0.,-1.,-1.60622544071927E-16));
#3856=DIRECTION('',(0.,-1.,-1.60622544071927E-16));
#3857=DIRECTION('',(1.,0.,-1.0842021724855E-16));
#3858=DIRECTION('center_axis',(0.,0.,-1.));
#3859=DIRECTION('ref_axis',(-1.,0.,0.));
#3860=DIRECTION('',(0.,-1.,0.));
#3861=DIRECTION('',(0.,-1.,0.));
#3862=DIRECTION('',(-1.,0.,0.));
#3863=DIRECTION('',(-2.01712032090326E-16,1.,0.));
#3864=DIRECTION('',(-1.,0.,0.));
#3865=DIRECTION('',(0.,-1.,0.));
#3866=DIRECTION('',(-1.,0.,0.));
#3867=DIRECTION('',(1.,0.,0.));
#3868=DIRECTION('',(0.,1.,0.));
#3869=DIRECTION('',(1.,0.,0.));
#3870=DIRECTION('',(0.,1.,0.));
#3871=DIRECTION('',(-1.,0.,0.));
#3872=DIRECTION('',(0.,1.,0.));
#3873=DIRECTION('',(-1.,0.,0.));
#3874=DIRECTION('',(0.,1.,0.));
#3875=DIRECTION('center_axis',(-1.,0.,0.));
#3876=DIRECTION('ref_axis',(0.,0.,1.));
#3877=DIRECTION('',(0.,-1.,-1.60622544071927E-16));
#3878=DIRECTION('',(0.,-1.,-1.60622544071927E-16));
#3879=DIRECTION('',(0.,0.,-1.));
#3880=DIRECTION('center_axis',(-1.,0.,0.));
#3881=DIRECTION('ref_axis',(0.,0.,1.));
#3882=DIRECTION('',(0.,-1.,-1.60622544071927E-16));
#3883=DIRECTION('',(0.,-1.,-1.60622544071927E-16));
#3884=DIRECTION('',(0.,0.,-1.));
#3885=DIRECTION('center_axis',(1.,0.,0.));
#3886=DIRECTION('ref_axis',(0.,0.,-1.));
#3887=DIRECTION('',(0.,-1.,-1.60622544071927E-16));
#3888=DIRECTION('',(0.,-1.,-1.60622544071927E-16));
#3889=DIRECTION('',(0.,0.,1.));
#3890=DIRECTION('center_axis',(2.16840434497101E-16,-1.60622544071927E-16,
1.));
#3891=DIRECTION('ref_axis',(1.,0.,-2.16840434497101E-16));
#3892=DIRECTION('',(0.,-1.,-1.60622544071927E-16));
#3893=DIRECTION('',(0.,-1.,-1.60622544071927E-16));
#3894=DIRECTION('',(-1.,0.,2.16840434497101E-16));
#3895=DIRECTION('center_axis',(-1.,0.,0.));
#3896=DIRECTION('ref_axis',(0.,0.,1.));
#3897=DIRECTION('',(0.,-1.,-1.60622544071927E-16));
#3898=DIRECTION('',(0.,0.,-1.));
#3899=DIRECTION('center_axis',(-1.0842021724855E-16,1.60622544071927E-16,
-1.));
#3900=DIRECTION('ref_axis',(0.,1.,1.60622544071927E-16));
#3901=DIRECTION('',(0.,-1.,-1.60622544071927E-16));
#3902=DIRECTION('',(0.,-1.,-1.60622544071927E-16));
#3903=DIRECTION('',(1.,0.,-1.0842021724855E-16));
#3904=DIRECTION('center_axis',(1.,0.,0.));
#3905=DIRECTION('ref_axis',(0.,0.,-1.));
#3906=DIRECTION('',(0.,-1.,-1.60622544071927E-16));
#3907=DIRECTION('',(0.,-1.,-1.60622544071927E-16));
#3908=DIRECTION('',(0.,0.,1.));
#3909=DIRECTION('center_axis',(1.,0.,0.));
#3910=DIRECTION('ref_axis',(0.,0.,-1.));
#3911=DIRECTION('center_axis',(-1.0842021724855E-16,1.60622544071927E-16,
-1.));
#3912=DIRECTION('ref_axis',(0.,1.,1.60622544071927E-16));
#3913=DIRECTION('',(0.,-1.,-1.60622544071927E-16));
#3914=DIRECTION('',(0.,-1.,-1.60622544071927E-16));
#3915=DIRECTION('',(1.,0.,-1.0842021724855E-16));
#3916=DIRECTION('center_axis',(2.16840434497101E-16,-1.60622544071927E-16,
1.));
#3917=DIRECTION('ref_axis',(1.,0.,-2.16840434497101E-16));
#3918=DIRECTION('',(0.,-1.,-1.60622544071927E-16));
#3919=DIRECTION('',(0.,-1.,-1.60622544071927E-16));
#3920=DIRECTION('',(-1.,0.,2.16840434497101E-16));
#3921=DIRECTION('center_axis',(1.,0.,0.));
#3922=DIRECTION('ref_axis',(0.,0.,-1.));
#3923=DIRECTION('',(0.,-1.,-1.60622544071927E-16));
#3924=DIRECTION('',(0.,-1.,-1.60622544071927E-16));
#3925=DIRECTION('',(0.,0.,1.));
#3926=DIRECTION('center_axis',(2.16840434497101E-16,-1.60622544071927E-16,
1.));
#3927=DIRECTION('ref_axis',(1.,0.,-2.16840434497101E-16));
#3928=DIRECTION('',(0.,-1.,-1.60622544071927E-16));
#3929=DIRECTION('',(0.,-1.,-1.60622544071927E-16));
#3930=DIRECTION('',(-1.,0.,2.16840434497101E-16));
#3931=DIRECTION('center_axis',(1.,0.,0.));
#3932=DIRECTION('ref_axis',(0.,0.,-1.));
#3933=DIRECTION('',(0.,-1.,-1.60622544071927E-16));
#3934=DIRECTION('',(0.,-1.,-1.60622544071927E-16));
#3935=DIRECTION('',(0.,0.,1.));
#3936=DIRECTION('center_axis',(1.,0.,0.));
#3937=DIRECTION('ref_axis',(0.,0.,-1.));
#3938=DIRECTION('',(0.,-1.,-1.60622544071927E-16));
#3939=DIRECTION('',(0.,0.,1.));
#3940=DIRECTION('center_axis',(-1.0842021724855E-16,1.60622544071927E-16,
-1.));
#3941=DIRECTION('ref_axis',(0.,1.,1.60622544071927E-16));
#3942=DIRECTION('',(0.,-1.,-1.60622544071927E-16));
#3943=DIRECTION('',(0.,-1.,-1.60622544071927E-16));
#3944=DIRECTION('',(1.,0.,-1.0842021724855E-16));
#3945=DIRECTION('center_axis',(-1.,0.,0.));
#3946=DIRECTION('ref_axis',(0.,0.,1.));
#3947=DIRECTION('',(0.,-1.,-1.60622544071927E-16));
#3948=DIRECTION('',(0.,0.,-1.));
#3949=DIRECTION('center_axis',(2.16840434497101E-16,-1.60622544071927E-16,
1.));
#3950=DIRECTION('ref_axis',(1.,0.,-2.16840434497101E-16));
#3951=DIRECTION('',(0.,-1.,-1.60622544071927E-16));
#3952=DIRECTION('',(0.,-1.,-1.60622544071927E-16));
#3953=DIRECTION('',(-1.,0.,2.16840434497101E-16));
#3954=DIRECTION('center_axis',(2.16840434497101E-16,-1.60622544071927E-16,
1.));
#3955=DIRECTION('ref_axis',(1.,0.,-2.16840434497101E-16));
#3956=DIRECTION('',(0.,-1.,-1.60622544071927E-16));
#3957=DIRECTION('',(-1.,0.,2.16840434497101E-16));
#3958=DIRECTION('center_axis',(-1.0842021724855E-16,1.60622544071927E-16,
-1.));
#3959=DIRECTION('ref_axis',(0.,1.,1.60622544071927E-16));
#3960=DIRECTION('',(0.,-1.,-1.60622544071927E-16));
#3961=DIRECTION('',(0.,-1.,-1.60622544071927E-16));
#3962=DIRECTION('',(1.,0.,-1.0842021724855E-16));
#3963=DIRECTION('center_axis',(-1.0842021724855E-16,1.60622544071927E-16,
-1.));
#3964=DIRECTION('ref_axis',(0.,1.,1.60622544071927E-16));
#3965=DIRECTION('',(0.,-1.,-1.60622544071927E-16));
#3966=DIRECTION('',(0.,-1.,-1.60622544071927E-16));
#3967=DIRECTION('',(1.,0.,-1.0842021724855E-16));
#3968=DIRECTION('center_axis',(0.,1.,0.));
#3969=DIRECTION('ref_axis',(0.,0.,1.));
#3970=DIRECTION('',(0.,-1.,0.));
#3971=DIRECTION('center_axis',(0.,-1.,0.));
#3972=DIRECTION('ref_axis',(0.,0.,-1.));
#3973=DIRECTION('center_axis',(1.,0.,0.));
#3974=DIRECTION('ref_axis',(0.,0.,-1.));
#3975=DIRECTION('',(0.,-1.,-1.60622544071927E-16));
#3976=DIRECTION('',(0.,0.,1.));
#3977=DIRECTION('center_axis',(2.16840434497101E-16,-1.60622544071927E-16,
1.));
#3978=DIRECTION('ref_axis',(1.,0.,-2.16840434497101E-16));
#3979=DIRECTION('',(0.,-1.,-1.60622544071927E-16));
#3980=DIRECTION('',(0.,-1.,-1.60622544071927E-16));
#3981=DIRECTION('',(-1.,0.,2.16840434497101E-16));
#3982=DIRECTION('center_axis',(1.,0.,0.));
#3983=DIRECTION('ref_axis',(0.,0.,-1.));
#3984=DIRECTION('',(0.,-1.,-1.60622544071927E-16));
#3985=DIRECTION('',(0.,0.,1.));
#3986=DIRECTION('center_axis',(2.16840434497101E-16,-1.60622544071927E-16,
1.));
#3987=DIRECTION('ref_axis',(1.,0.,-2.16840434497101E-16));
#3988=DIRECTION('',(0.,-1.,-1.60622544071927E-16));
#3989=DIRECTION('',(-1.,0.,2.16840434497101E-16));
#3990=DIRECTION('center_axis',(-1.,0.,0.));
#3991=DIRECTION('ref_axis',(0.,0.,1.));
#3992=DIRECTION('',(0.,0.,-1.));
#3993=DIRECTION('center_axis',(2.16840434497101E-16,-1.60622544071927E-16,
1.));
#3994=DIRECTION('ref_axis',(1.,0.,-2.16840434497101E-16));
#3995=DIRECTION('',(-1.,0.,2.16840434497101E-16));
#3996=DIRECTION('center_axis',(2.16840434497101E-16,-1.60622544071927E-16,
1.));
#3997=DIRECTION('ref_axis',(1.,0.,-2.16840434497101E-16));
#3998=DIRECTION('',(0.,-1.,-1.60622544071927E-16));
#3999=DIRECTION('',(0.,-1.,-1.60622544071927E-16));
#4000=DIRECTION('',(-1.,0.,2.16840434497101E-16));
#4001=DIRECTION('center_axis',(-1.0842021724855E-16,1.60622544071927E-16,
-1.));
#4002=DIRECTION('ref_axis',(0.,1.,1.60622544071927E-16));
#4003=DIRECTION('',(0.,-1.,-1.60622544071927E-16));
#4004=DIRECTION('',(0.,-1.,-1.60622544071927E-16));
#4005=DIRECTION('',(1.,0.,-1.0842021724855E-16));
#4006=DIRECTION('center_axis',(-1.,0.,0.));
#4007=DIRECTION('ref_axis',(0.,0.,1.));
#4008=DIRECTION('',(0.,0.,-1.));
#4009=DIRECTION('center_axis',(2.16840434497101E-16,-1.60622544071927E-16,
1.));
#4010=DIRECTION('ref_axis',(1.,0.,-2.16840434497101E-16));
#4011=DIRECTION('',(-1.,0.,2.16840434497101E-16));
#4012=DIRECTION('center_axis',(-1.,0.,0.));
#4013=DIRECTION('ref_axis',(0.,0.,1.));
#4014=DIRECTION('',(0.,0.,-1.));
#4015=DIRECTION('center_axis',(2.16840434497101E-16,-1.60622544071927E-16,
1.));
#4016=DIRECTION('ref_axis',(1.,0.,-2.16840434497101E-16));
#4017=DIRECTION('',(0.,-1.,-1.60622544071927E-16));
#4018=DIRECTION('',(-1.,0.,2.16840434497101E-16));
#4019=DIRECTION('center_axis',(1.,0.,0.));
#4020=DIRECTION('ref_axis',(0.,0.,-1.));
#4021=DIRECTION('',(0.,0.,1.));
#4022=DIRECTION('center_axis',(-1.0842021724855E-16,1.60622544071927E-16,
-1.));
#4023=DIRECTION('ref_axis',(0.,1.,1.60622544071927E-16));
#4024=DIRECTION('',(0.,-1.,-1.60622544071927E-16));
#4025=DIRECTION('',(0.,-1.,-1.60622544071927E-16));
#4026=DIRECTION('',(1.,0.,-1.0842021724855E-16));
#4027=DIRECTION('center_axis',(-1.,0.,0.));
#4028=DIRECTION('ref_axis',(0.,0.,1.));
#4029=DIRECTION('',(0.,-7.88510670898549E-16,-1.));
#4030=DIRECTION('',(0.,1.,0.));
#4031=DIRECTION('',(0.,0.,-1.));
#4032=DIRECTION('',(0.,-1.,-3.01167270134863E-17));
#4033=DIRECTION('',(0.,1.25704599708464E-16,1.));
#4034=DIRECTION('',(0.,1.,0.));
#4035=DIRECTION('center_axis',(2.16840434497101E-16,-1.60622544071927E-16,
1.));
#4036=DIRECTION('ref_axis',(1.,0.,-2.16840434497101E-16));
#4037=DIRECTION('',(-1.,0.,2.16840434497101E-16));
#4038=DIRECTION('center_axis',(1.,0.,0.));
#4039=DIRECTION('ref_axis',(0.,0.,-1.));
#4040=DIRECTION('',(0.,0.,1.));
#4041=DIRECTION('center_axis',(-1.0842021724855E-16,1.60622544071927E-16,
-1.));
#4042=DIRECTION('ref_axis',(0.,1.,1.60622544071927E-16));
#4043=DIRECTION('',(0.,-1.,-1.60622544071927E-16));
#4044=DIRECTION('',(0.,-1.,-1.60622544071927E-16));
#4045=DIRECTION('',(1.,0.,-1.0842021724855E-16));
#4046=DIRECTION('center_axis',(1.,0.,0.));
#4047=DIRECTION('ref_axis',(0.,0.,-1.));
#4048=DIRECTION('',(0.,0.,1.));
#4049=DIRECTION('center_axis',(0.,0.,-1.));
#4050=DIRECTION('ref_axis',(-1.,0.,0.));
#4051=DIRECTION('',(0.,1.,0.));
#4052=DIRECTION('',(-1.,0.,1.33440267382831E-16));
#4053=DIRECTION('',(0.,1.,0.));
#4054=DIRECTION('',(-1.,0.,0.));
#4055=DIRECTION('',(0.,-1.,0.));
#4056=DIRECTION('',(-1.,0.,0.));
#4057=DIRECTION('center_axis',(-1.,0.,0.));
#4058=DIRECTION('ref_axis',(0.,0.,1.));
#4059=DIRECTION('',(0.,0.,-1.));
#4060=DIRECTION('center_axis',(-1.,0.,0.));
#4061=DIRECTION('ref_axis',(0.,0.,1.));
#4062=DIRECTION('',(0.,-1.,-1.60622544071927E-16));
#4063=DIRECTION('',(0.,0.,-1.));
#4064=DIRECTION('center_axis',(1.,0.,0.));
#4065=DIRECTION('ref_axis',(0.,0.,-1.));
#4066=DIRECTION('',(0.,-7.88510670898549E-16,-1.));
#4067=DIRECTION('',(0.,-1.,0.));
#4068=DIRECTION('',(0.,1.25704599708464E-16,1.));
#4069=DIRECTION('',(0.,-1.,-3.01167270134863E-17));
#4070=DIRECTION('',(0.,0.,-1.));
#4071=DIRECTION('center_axis',(-1.0842021724855E-16,1.60622544071927E-16,
-1.));
#4072=DIRECTION('ref_axis',(0.,1.,1.60622544071927E-16));
#4073=DIRECTION('',(1.,0.,-1.0842021724855E-16));
#4074=DIRECTION('center_axis',(-1.,0.,0.));
#4075=DIRECTION('ref_axis',(0.,0.,1.));
#4076=DIRECTION('',(0.,0.,-1.));
#4077=DIRECTION('center_axis',(-1.,0.,0.));
#4078=DIRECTION('ref_axis',(0.,0.,1.));
#4079=DIRECTION('',(0.,-1.,-1.60622544071927E-16));
#4080=DIRECTION('',(0.,0.,-1.));
#4081=DIRECTION('center_axis',(-1.0842021724855E-16,1.60622544071927E-16,
-1.));
#4082=DIRECTION('ref_axis',(0.,1.,1.60622544071927E-16));
#4083=DIRECTION('',(1.,0.,-1.0842021724855E-16));
#4084=DIRECTION('center_axis',(1.,0.,0.));
#4085=DIRECTION('ref_axis',(0.,0.,-1.));
#4086=DIRECTION('',(0.,0.,1.));
#4087=DIRECTION('center_axis',(1.,0.,0.));
#4088=DIRECTION('ref_axis',(0.,0.,-1.));
#4089=DIRECTION('',(0.,0.,1.));
#4090=DIRECTION('center_axis',(-1.,0.,0.));
#4091=DIRECTION('ref_axis',(0.,0.,1.));
#4092=DIRECTION('',(0.,0.,-1.));
#4093=DIRECTION('center_axis',(-1.0842021724855E-16,1.60622544071927E-16,
-1.));
#4094=DIRECTION('ref_axis',(0.,1.,1.60622544071927E-16));
#4095=DIRECTION('',(1.,0.,-1.0842021724855E-16));
#4096=DIRECTION('center_axis',(-1.0842021724855E-16,1.60622544071927E-16,
-1.));
#4097=DIRECTION('ref_axis',(0.,1.,1.60622544071927E-16));
#4098=DIRECTION('',(1.,0.,-1.0842021724855E-16));
#4099=DIRECTION('center_axis',(2.16840434497101E-16,-1.60622544071927E-16,
1.));
#4100=DIRECTION('ref_axis',(1.,0.,-2.16840434497101E-16));
#4101=DIRECTION('',(-1.,0.,2.16840434497101E-16));
#4102=DIRECTION('center_axis',(1.,0.,0.));
#4103=DIRECTION('ref_axis',(0.,0.,-1.));
#4104=DIRECTION('',(0.,0.,1.));
#4105=DIRECTION('center_axis',(-1.,0.,0.));
#4106=DIRECTION('ref_axis',(0.,0.,1.));
#4107=DIRECTION('',(0.,0.,-1.));
#4108=DIRECTION('center_axis',(0.,-1.,0.));
#4109=DIRECTION('ref_axis',(0.,0.,-1.));
#4110=DIRECTION('center_axis',(0.,-1.,0.));
#4111=DIRECTION('ref_axis',(0.,0.,-1.));
#4112=DIRECTION('',(0.,0.,1.));
#4113=DIRECTION('',(-1.,0.,0.));
#4114=DIRECTION('',(0.,0.,1.));
#4115=DIRECTION('center_axis',(0.,-1.,1.25704599708464E-16));
#4116=DIRECTION('ref_axis',(0.,-1.25704599708464E-16,-1.));
#4117=DIRECTION('',(-1.,0.,0.));
#4118=DIRECTION('',(0.,0.,1.));
#4119=DIRECTION('',(-1.,0.,-2.62836890299516E-16));
#4120=DIRECTION('',(0.,0.,-1.));
#4121=DIRECTION('',(-1.,0.,0.));
#4122=DIRECTION('',(0.,0.,1.));
#4123=DIRECTION('',(0.,0.,1.));
#4124=DIRECTION('',(-1.,0.,0.));
#4125=DIRECTION('',(0.,0.,1.));
#4126=DIRECTION('',(-1.,0.,2.62836890299516E-16));
#4127=DIRECTION('',(0.,0.,-1.));
#4128=DIRECTION('',(-1.,0.,0.));
#4129=DIRECTION('',(-1.,0.,0.));
#4130=DIRECTION('',(0.,1.25704599708464E-16,1.));
#4131=DIRECTION('',(1.,-1.53565295882071E-32,-1.22163625068789E-16));
#4132=DIRECTION('',(0.,1.25704599708464E-16,1.));
#4133=DIRECTION('',(-1.,0.,0.));
#4134=DIRECTION('center_axis',(0.,-1.,3.61400724161835E-16));
#4135=DIRECTION('ref_axis',(0.,-3.61400724161835E-16,-1.));
#4136=DIRECTION('',(0.,-3.61400724161835E-16,-1.));
#4137=DIRECTION('',(1.,0.,0.));
#4138=DIRECTION('',(0.,-3.61400724161835E-16,-1.));
#4139=DIRECTION('center_axis',(1.,0.,0.));
#4140=DIRECTION('ref_axis',(0.,0.,-1.));
#4141=DIRECTION('',(0.,-3.61400724161835E-16,-1.));
#4142=DIRECTION('',(0.,-1.,-2.35696124453371E-16));
#4143=DIRECTION('center_axis',(1.,2.01712032090326E-16,0.));
#4144=DIRECTION('ref_axis',(-2.01712032090326E-16,1.,0.));
#4145=DIRECTION('',(0.,0.,1.));
#4146=DIRECTION('',(-2.01712032090326E-16,1.,0.));
#4147=DIRECTION('center_axis',(0.,1.,-7.88510670898549E-16));
#4148=DIRECTION('ref_axis',(0.,7.88510670898549E-16,1.));
#4149=DIRECTION('',(-1.,2.0724969270696E-31,2.62836890299516E-16));
#4150=DIRECTION('',(0.,7.88510670898549E-16,1.));
#4151=DIRECTION('',(-1.,0.,0.));
#4152=DIRECTION('',(-1.,0.,0.));
#4153=DIRECTION('',(0.,-7.88510670898549E-16,-1.));
#4154=DIRECTION('center_axis',(1.,0.,0.));
#4155=DIRECTION('ref_axis',(0.,0.,-1.));
#4156=DIRECTION('',(0.,-1.,-2.35696124453371E-16));
#4157=DIRECTION('',(0.,-3.61400724161835E-16,-1.));
#4158=DIRECTION('center_axis',(0.,1.,-7.88510670898549E-16));
#4159=DIRECTION('ref_axis',(0.,7.88510670898549E-16,1.));
#4160=DIRECTION('',(-1.,-2.0724969270696E-31,-2.62836890299516E-16));
#4161=DIRECTION('',(0.,7.88510670898549E-16,1.));
#4162=DIRECTION('',(-1.,0.,0.));
#4163=DIRECTION('',(0.,0.,1.));
#4164=DIRECTION('',(-1.,0.,0.));
#4165=DIRECTION('',(0.,-7.88510670898549E-16,-1.));
#4166=DIRECTION('center_axis',(-1.,0.,0.));
#4167=DIRECTION('ref_axis',(0.,0.,1.));
#4168=DIRECTION('',(0.,-1.,0.));
#4169=DIRECTION('center_axis',(-1.,0.,0.));
#4170=DIRECTION('ref_axis',(0.,0.,-1.));
#4171=DIRECTION('',(0.,-1.,-2.35696124453371E-16));
#4172=DIRECTION('',(0.,0.,1.));
#4173=DIRECTION('center_axis',(-1.,0.,0.));
#4174=DIRECTION('ref_axis',(0.,0.,-1.));
#4175=DIRECTION('',(0.,0.,1.));
#4176=DIRECTION('',(0.,-1.,-2.35696124453371E-16));
#4177=DIRECTION('center_axis',(0.,1.,0.));
#4178=DIRECTION('ref_axis',(0.,0.,1.));
#4179=DIRECTION('',(1.,0.,0.));
#4180=DIRECTION('center_axis',(0.,1.,-3.61400724161835E-16));
#4181=DIRECTION('ref_axis',(0.,3.61400724161835E-16,1.));
#4182=DIRECTION('',(-1.,0.,0.));
#4183=DIRECTION('center_axis',(0.,-1.,0.));
#4184=DIRECTION('ref_axis',(0.,0.,-1.));
#4185=DIRECTION('center_axis',(0.,-1.,0.));
#4186=DIRECTION('ref_axis',(0.,0.,-1.));
#4187=DIRECTION('center_axis',(0.,-1.,0.));
#4188=DIRECTION('ref_axis',(0.,0.,-1.));
#4189=DIRECTION('center_axis',(0.,-1.,0.));
#4190=DIRECTION('ref_axis',(0.,0.,-1.));
#4191=DIRECTION('center_axis',(0.,-1.,0.));
#4192=DIRECTION('ref_axis',(0.,0.,-1.));
#4193=DIRECTION('center_axis',(0.,-1.,0.));
#4194=DIRECTION('ref_axis',(0.,0.,-1.));
#4195=DIRECTION('center_axis',(0.,-1.,0.));
#4196=DIRECTION('ref_axis',(0.,0.,-1.));
#4197=DIRECTION('center_axis',(0.,-1.,0.));
#4198=DIRECTION('ref_axis',(0.,0.,-1.));
#4199=DIRECTION('center_axis',(0.,-1.,0.));
#4200=DIRECTION('ref_axis',(0.,0.,-1.));
#4201=DIRECTION('center_axis',(0.,-1.,0.));
#4202=DIRECTION('ref_axis',(0.,0.,-1.));
#4203=DIRECTION('center_axis',(0.,-1.,0.));
#4204=DIRECTION('ref_axis',(0.,0.,-1.));
#4205=DIRECTION('center_axis',(0.,-1.,0.));
#4206=DIRECTION('ref_axis',(0.,0.,-1.));
#4207=DIRECTION('center_axis',(0.,-1.,0.));
#4208=DIRECTION('ref_axis',(0.,0.,-1.));
#4209=DIRECTION('center_axis',(0.,0.,-1.));
#4210=DIRECTION('ref_axis',(-1.,0.,0.));
#4211=DIRECTION('',(0.,1.,-1.25704599708464E-16));
#4212=DIRECTION('center_axis',(0.,3.01167270134863E-17,-1.));
#4213=DIRECTION('ref_axis',(0.,1.,3.01167270134863E-17));
#4214=DIRECTION('',(-1.,0.,0.));
#4215=DIRECTION('',(0.,-1.,-3.01167270134863E-17));
#4216=DIRECTION('center_axis',(0.,-1.,0.));
#4217=DIRECTION('ref_axis',(0.,0.,-1.));
#4218=DIRECTION('',(0.,0.,-1.));
#4219=DIRECTION('',(1.,0.,0.));
#4220=DIRECTION('',(0.,-1.4954512723938E-16,1.));
#4221=DIRECTION('center_axis',(1.,0.,0.));
#4222=DIRECTION('ref_axis',(0.,0.,-1.));
#4223=DIRECTION('',(0.,0.,-1.));
#4224=DIRECTION('',(0.,1.,0.));
#4225=DIRECTION('center_axis',(0.,-1.,0.));
#4226=DIRECTION('ref_axis',(0.,0.,-1.));
#4227=DIRECTION('',(1.,0.,0.));
#4228=DIRECTION('',(-2.16840434497101E-15,0.,1.));
#4229=DIRECTION('',(-1.,0.,0.));
#4230=DIRECTION('',(0.,-1.4954512723938E-16,1.));
#4231=DIRECTION('center_axis',(0.,1.,0.));
#4232=DIRECTION('ref_axis',(0.,0.,1.));
#4233=DIRECTION('',(-2.16840434497101E-15,0.,1.));
#4234=DIRECTION('',(1.,0.,-1.25100250671404E-16));
#4235=DIRECTION('center_axis',(-1.,0.,-2.16840434497101E-15));
#4236=DIRECTION('ref_axis',(-2.16840434497101E-15,0.,1.));
#4237=DIRECTION('',(0.,1.,0.));
#4238=DIRECTION('center_axis',(0.,3.01167270134863E-17,-1.));
#4239=DIRECTION('ref_axis',(0.,1.,3.01167270134863E-17));
#4240=DIRECTION('',(0.,-1.,-3.01167270134863E-17));
#4241=DIRECTION('center_axis',(0.,0.,-1.));
#4242=DIRECTION('ref_axis',(-1.,0.,0.));
#4243=DIRECTION('',(0.,1.,-1.25704599708464E-16));
#4244=DIRECTION('center_axis',(0.,2.35696124453371E-16,-1.));
#4245=DIRECTION('ref_axis',(0.,1.,2.35696124453371E-16));
#4246=DIRECTION('center_axis',(-1.,0.,0.));
#4247=DIRECTION('ref_axis',(0.,0.,1.));
#4248=DIRECTION('',(0.,1.,-1.25704599708464E-16));
#4249=DIRECTION('',(0.,1.,-1.25704599708464E-16));
#4250=DIRECTION('center_axis',(2.62836890299516E-16,-1.25704599708464E-16,
-1.));
#4251=DIRECTION('ref_axis',(-1.,0.,-2.62836890299516E-16));
#4252=DIRECTION('',(0.,1.,-1.25704599708464E-16));
#4253=DIRECTION('',(0.,1.,-1.25704599708464E-16));
#4254=DIRECTION('center_axis',(-1.,0.,0.));
#4255=DIRECTION('ref_axis',(0.,0.,1.));
#4256=DIRECTION('center_axis',(-2.62836890299516E-16,-1.25704599708464E-16,
-1.));
#4257=DIRECTION('ref_axis',(-1.,0.,2.62836890299516E-16));
#4258=DIRECTION('',(0.,1.,-1.25704599708464E-16));
#4259=DIRECTION('center_axis',(1.,0.,0.));
#4260=DIRECTION('ref_axis',(0.,0.,-1.));
#4261=DIRECTION('center_axis',(0.,0.,-1.));
#4262=DIRECTION('ref_axis',(-1.,0.,0.));
#4263=DIRECTION('',(0.,1.,-1.25704599708464E-16));
#4264=DIRECTION('center_axis',(1.22163625068789E-16,-1.60622544071927E-16,
1.));
#4265=DIRECTION('ref_axis',(0.,-1.,-1.60622544071927E-16));
#4266=DIRECTION('',(0.,-1.,-1.60622544071927E-16));
#4267=DIRECTION('',(0.,-1.,-1.60622544071927E-16));
#4268=DIRECTION('',(-1.,0.,1.22163625068789E-16));
#4269=DIRECTION('center_axis',(0.,0.,-1.));
#4270=DIRECTION('ref_axis',(-1.,0.,0.));
#4271=DIRECTION('center_axis',(1.,0.,0.));
#4272=DIRECTION('ref_axis',(0.,0.,-1.));
#4273=DIRECTION('',(0.,1.,1.4954512723938E-16));
#4274=DIRECTION('',(0.,7.477256361969E-17,-1.));
#4275=DIRECTION('center_axis',(1.,0.,0.));
#4276=DIRECTION('ref_axis',(0.,0.,-1.));
#4277=DIRECTION('center_axis',(1.,0.,0.));
#4278=DIRECTION('ref_axis',(0.,0.,-1.));
#4279=DIRECTION('',(0.,7.477256361969E-17,-1.));
#4280=DIRECTION('',(0.,1.,1.4954512723938E-16));
#4281=DIRECTION('center_axis',(0.,-2.35696124453371E-16,1.));
#4282=DIRECTION('ref_axis',(0.,-1.,-2.35696124453371E-16));
#4283=DIRECTION('center_axis',(0.,1.4954512723938E-16,-1.));
#4284=DIRECTION('ref_axis',(0.,1.,1.4954512723938E-16));
#4285=DIRECTION('',(1.,0.,0.));
#4286=DIRECTION('center_axis',(0.,-1.,-7.477256361969E-17));
#4287=DIRECTION('ref_axis',(0.,7.477256361969E-17,-1.));
#4288=DIRECTION('',(0.,-7.477256361969E-17,1.));
#4289=DIRECTION('',(-1.,-1.62137151837557E-32,2.16840434497101E-16));
#4290=DIRECTION('',(0.,7.477256361969E-17,-1.));
#4291=DIRECTION('',(1.,8.10685759187784E-33,-1.0842021724855E-16));
#4292=DIRECTION('',(0.,-7.477256361969E-17,1.));
#4293=DIRECTION('',(-1.,-1.62137151837557E-32,2.16840434497101E-16));
#4294=DIRECTION('',(0.,7.477256361969E-17,-1.));
#4295=DIRECTION('',(1.,8.10685759187784E-33,-1.0842021724855E-16));
#4296=DIRECTION('',(0.,-7.477256361969E-17,1.));
#4297=DIRECTION('',(-1.,-1.62137151837557E-32,2.16840434497101E-16));
#4298=DIRECTION('',(0.,7.477256361969E-17,-1.));
#4299=DIRECTION('',(1.,8.10685759187784E-33,-1.0842021724855E-16));
#4300=DIRECTION('',(0.,-7.477256361969E-17,1.));
#4301=DIRECTION('',(-1.,-1.62137151837557E-32,2.16840434497101E-16));
#4302=DIRECTION('',(0.,7.477256361969E-17,-1.));
#4303=DIRECTION('',(1.,8.10685759187784E-33,-1.0842021724855E-16));
#4304=DIRECTION('',(0.,-7.477256361969E-17,1.));
#4305=DIRECTION('',(-1.,-1.62137151837557E-32,2.16840434497101E-16));
#4306=DIRECTION('',(0.,7.477256361969E-17,-1.));
#4307=DIRECTION('',(1.,8.10685759187784E-33,-1.0842021724855E-16));
#4308=DIRECTION('',(0.,-7.477256361969E-17,1.));
#4309=DIRECTION('',(-1.,-1.62137151837557E-32,2.16840434497101E-16));
#4310=DIRECTION('',(0.,7.477256361969E-17,-1.));
#4311=DIRECTION('',(1.,8.10685759187784E-33,-1.0842021724855E-16));
#4312=DIRECTION('',(0.,-7.477256361969E-17,1.));
#4313=DIRECTION('',(-1.,-1.62137151837557E-32,2.16840434497101E-16));
#4314=DIRECTION('',(0.,7.477256361969E-17,-1.));
#4315=DIRECTION('',(1.,8.10685759187784E-33,-1.0842021724855E-16));
#4316=DIRECTION('',(0.,-7.477256361969E-17,1.));
#4317=DIRECTION('',(-1.,-1.62137151837557E-32,2.16840434497101E-16));
#4318=DIRECTION('',(0.,7.477256361969E-17,-1.));
#4319=DIRECTION('',(1.,8.10685759187784E-33,-1.0842021724855E-16));
#4320=DIRECTION('',(0.,-7.477256361969E-17,1.));
#4321=DIRECTION('',(-1.,-1.62137151837557E-32,2.16840434497101E-16));
#4322=DIRECTION('',(0.,7.477256361969E-17,-1.));
#4323=DIRECTION('',(1.,8.10685759187784E-33,-1.0842021724855E-16));
#4324=DIRECTION('',(0.,-7.477256361969E-17,1.));
#4325=DIRECTION('',(-1.,-1.62137151837557E-32,2.16840434497101E-16));
#4326=DIRECTION('',(0.,7.477256361969E-17,-1.));
#4327=DIRECTION('',(1.,8.10685759187784E-33,-1.0842021724855E-16));
#4328=DIRECTION('',(0.,-7.477256361969E-17,1.));
#4329=DIRECTION('',(-1.,-1.62137151837557E-32,2.16840434497101E-16));
#4330=DIRECTION('',(0.,7.477256361969E-17,-1.));
#4331=DIRECTION('',(1.,8.10685759187784E-33,-1.0842021724855E-16));
#4332=DIRECTION('',(0.,-7.477256361969E-17,1.));
#4333=DIRECTION('',(-1.,-1.62137151837557E-32,2.16840434497101E-16));
#4334=DIRECTION('',(0.,7.477256361969E-17,-1.));
#4335=DIRECTION('',(1.,8.10685759187784E-33,-1.0842021724855E-16));
#4336=DIRECTION('',(0.,-7.477256361969E-17,1.));
#4337=DIRECTION('',(-1.,-1.62137151837557E-32,2.16840434497101E-16));
#4338=DIRECTION('',(0.,7.477256361969E-17,-1.));
#4339=DIRECTION('',(1.,8.10685759187784E-33,-1.0842021724855E-16));
#4340=DIRECTION('',(0.,-7.477256361969E-17,1.));
#4341=DIRECTION('',(-1.,-1.62137151837557E-32,2.16840434497101E-16));
#4342=DIRECTION('',(0.,7.477256361969E-17,-1.));
#4343=DIRECTION('',(1.,8.10685759187784E-33,-1.0842021724855E-16));
#4344=DIRECTION('center_axis',(-1.0842021724855E-16,1.60622544071927E-16,
-1.));
#4345=DIRECTION('ref_axis',(0.,1.,1.60622544071927E-16));
#4346=DIRECTION('',(0.,-1.,-1.60622544071927E-16));
#4347=DIRECTION('',(0.,-1.,-1.60622544071927E-16));
#4348=DIRECTION('',(1.,0.,-1.0842021724855E-16));
#4349=DIRECTION('center_axis',(2.16840434497101E-16,-1.60622544071927E-16,
1.));
#4350=DIRECTION('ref_axis',(1.,0.,-2.16840434497101E-16));
#4351=DIRECTION('',(0.,-1.,-1.60622544071927E-16));
#4352=DIRECTION('',(0.,-1.,-1.60622544071927E-16));
#4353=DIRECTION('',(-1.,0.,2.16840434497101E-16));
#4354=DIRECTION('center_axis',(2.16840434497101E-16,-1.60622544071927E-16,
1.));
#4355=DIRECTION('ref_axis',(1.,0.,-2.16840434497101E-16));
#4356=DIRECTION('',(0.,-1.,-1.60622544071927E-16));
#4357=DIRECTION('',(0.,-1.,-1.60622544071927E-16));
#4358=DIRECTION('',(-1.,0.,2.16840434497101E-16));
#4359=DIRECTION('center_axis',(2.16840434497101E-16,-1.60622544071927E-16,
1.));
#4360=DIRECTION('ref_axis',(1.,0.,-2.16840434497101E-16));
#4361=DIRECTION('',(0.,-1.,-1.60622544071927E-16));
#4362=DIRECTION('',(0.,-1.,-1.60622544071927E-16));
#4363=DIRECTION('',(-1.,0.,2.16840434497101E-16));
#4364=DIRECTION('center_axis',(1.,0.,0.));
#4365=DIRECTION('ref_axis',(0.,0.,-1.));
#4366=DIRECTION('',(0.,-1.,-1.60622544071927E-16));
#4367=DIRECTION('',(0.,-1.,-1.60622544071927E-16));
#4368=DIRECTION('',(0.,0.,1.));
#4369=DIRECTION('center_axis',(1.,0.,0.));
#4370=DIRECTION('ref_axis',(0.,0.,-1.));
#4371=DIRECTION('',(0.,-1.,-1.60622544071927E-16));
#4372=DIRECTION('',(0.,-1.,-1.60622544071927E-16));
#4373=DIRECTION('',(0.,0.,1.));
#4374=DIRECTION('center_axis',(2.16840434497101E-16,-1.60622544071927E-16,
1.));
#4375=DIRECTION('ref_axis',(1.,0.,-2.16840434497101E-16));
#4376=DIRECTION('',(0.,-1.,-1.60622544071927E-16));
#4377=DIRECTION('',(0.,-1.,-1.60622544071927E-16));
#4378=DIRECTION('',(-1.,0.,2.16840434497101E-16));
#4379=DIRECTION('center_axis',(1.,0.,0.));
#4380=DIRECTION('ref_axis',(0.,0.,-1.));
#4381=DIRECTION('',(0.,-1.,-1.60622544071927E-16));
#4382=DIRECTION('',(0.,0.,1.));
#4383=DIRECTION('center_axis',(-1.,0.,0.));
#4384=DIRECTION('ref_axis',(0.,0.,1.));
#4385=DIRECTION('',(0.,-1.,-1.60622544071927E-16));
#4386=DIRECTION('',(0.,-1.,-1.60622544071927E-16));
#4387=DIRECTION('',(0.,0.,-1.));
#4388=DIRECTION('center_axis',(1.,0.,0.));
#4389=DIRECTION('ref_axis',(0.,0.,-1.));
#4390=DIRECTION('',(0.,-1.,-1.60622544071927E-16));
#4391=DIRECTION('',(0.,-1.,-1.60622544071927E-16));
#4392=DIRECTION('',(0.,0.,1.));
#4393=DIRECTION('center_axis',(-1.0842021724855E-16,1.60622544071927E-16,
-1.));
#4394=DIRECTION('ref_axis',(0.,1.,1.60622544071927E-16));
#4395=DIRECTION('',(0.,-1.,-1.60622544071927E-16));
#4396=DIRECTION('',(1.,0.,-1.0842021724855E-16));
#4397=DIRECTION('center_axis',(-1.,0.,0.));
#4398=DIRECTION('ref_axis',(0.,0.,1.));
#4399=DIRECTION('',(0.,-1.,-1.60622544071927E-16));
#4400=DIRECTION('',(0.,-1.,-1.60622544071927E-16));
#4401=DIRECTION('',(0.,0.,-1.));
#4402=DIRECTION('center_axis',(1.,0.,0.));
#4403=DIRECTION('ref_axis',(0.,0.,-1.));
#4404=DIRECTION('',(0.,-1.,-1.60622544071927E-16));
#4405=DIRECTION('',(0.,0.,1.));
#4406=DIRECTION('center_axis',(-1.,0.,0.));
#4407=DIRECTION('ref_axis',(0.,0.,1.));
#4408=DIRECTION('',(0.,-1.,-1.60622544071927E-16));
#4409=DIRECTION('',(0.,-1.,-1.60622544071927E-16));
#4410=DIRECTION('',(0.,0.,-1.));
#4411=DIRECTION('center_axis',(-1.0842021724855E-16,1.60622544071927E-16,
-1.));
#4412=DIRECTION('ref_axis',(0.,1.,1.60622544071927E-16));
#4413=DIRECTION('',(0.,-1.,-1.60622544071927E-16));
#4414=DIRECTION('',(1.,0.,-1.0842021724855E-16));
#4415=DIRECTION('center_axis',(-1.,0.,0.));
#4416=DIRECTION('ref_axis',(0.,0.,1.));
#4417=DIRECTION('',(0.,-1.,-1.60622544071927E-16));
#4418=DIRECTION('',(0.,0.,-1.));
#4419=DIRECTION('center_axis',(-1.,0.,0.));
#4420=DIRECTION('ref_axis',(0.,0.,1.));
#4421=DIRECTION('',(0.,-1.,-1.60622544071927E-16));
#4422=DIRECTION('',(0.,-1.,-1.60622544071927E-16));
#4423=DIRECTION('',(0.,0.,-1.));
#4424=DIRECTION('center_axis',(1.,0.,0.));
#4425=DIRECTION('ref_axis',(0.,0.,-1.));
#4426=DIRECTION('',(0.,-1.,-1.60622544071927E-16));
#4427=DIRECTION('',(0.,-1.,-1.60622544071927E-16));
#4428=DIRECTION('',(0.,0.,1.));
#4429=DIRECTION('center_axis',(1.,0.,0.));
#4430=DIRECTION('ref_axis',(0.,0.,-1.));
#4431=DIRECTION('',(0.,-1.,-1.60622544071927E-16));
#4432=DIRECTION('',(0.,-1.,-1.60622544071927E-16));
#4433=DIRECTION('',(0.,0.,1.));
#4434=DIRECTION('center_axis',(-1.,0.,0.));
#4435=DIRECTION('ref_axis',(0.,0.,1.));
#4436=DIRECTION('',(0.,-1.,-1.60622544071927E-16));
#4437=DIRECTION('',(0.,-1.,-1.60622544071927E-16));
#4438=DIRECTION('',(0.,0.,-1.));
#4439=DIRECTION('center_axis',(-1.0842021724855E-16,1.60622544071927E-16,
-1.));
#4440=DIRECTION('ref_axis',(0.,1.,1.60622544071927E-16));
#4441=DIRECTION('',(1.,0.,-1.0842021724855E-16));
#4442=DIRECTION('center_axis',(-1.,0.,0.));
#4443=DIRECTION('ref_axis',(0.,0.,1.));
#4444=DIRECTION('',(0.,-1.,-1.60622544071927E-16));
#4445=DIRECTION('',(0.,-1.,-1.60622544071927E-16));
#4446=DIRECTION('',(0.,0.,-1.));
#4447=DIRECTION('center_axis',(-1.,0.,0.));
#4448=DIRECTION('ref_axis',(0.,0.,1.));
#4449=DIRECTION('',(0.,-1.,-1.60622544071927E-16));
#4450=DIRECTION('',(0.,0.,-1.));
#4451=DIRECTION('center_axis',(-1.0842021724855E-16,1.60622544071927E-16,
-1.));
#4452=DIRECTION('ref_axis',(0.,1.,1.60622544071927E-16));
#4453=DIRECTION('',(0.,-1.,-1.60622544071927E-16));
#4454=DIRECTION('',(1.,0.,-1.0842021724855E-16));
#4455=DIRECTION('center_axis',(-1.0842021724855E-16,1.60622544071927E-16,
-1.));
#4456=DIRECTION('ref_axis',(0.,1.,1.60622544071927E-16));
#4457=DIRECTION('',(1.,0.,-1.0842021724855E-16));
#4458=DIRECTION('center_axis',(-1.0842021724855E-16,1.60622544071927E-16,
-1.));
#4459=DIRECTION('ref_axis',(0.,1.,1.60622544071927E-16));
#4460=DIRECTION('',(1.,0.,-1.0842021724855E-16));
#4461=DIRECTION('center_axis',(2.16840434497101E-16,-1.60622544071927E-16,
1.));
#4462=DIRECTION('ref_axis',(1.,0.,-2.16840434497101E-16));
#4463=DIRECTION('',(0.,-1.,-1.60622544071927E-16));
#4464=DIRECTION('',(-1.,0.,2.16840434497101E-16));
#4465=DIRECTION('center_axis',(1.,0.,0.));
#4466=DIRECTION('ref_axis',(0.,0.,-1.));
#4467=DIRECTION('',(0.,-1.,-1.60622544071927E-16));
#4468=DIRECTION('',(0.,-1.,-1.60622544071927E-16));
#4469=DIRECTION('',(0.,0.,1.));
#4470=DIRECTION('center_axis',(-1.,0.,0.));
#4471=DIRECTION('ref_axis',(0.,0.,1.));
#4472=DIRECTION('',(0.,-1.,-1.60622544071927E-16));
#4473=DIRECTION('',(0.,-1.,-1.60622544071927E-16));
#4474=DIRECTION('',(0.,0.,-1.));
#4475=DIRECTION('center_axis',(1.,0.,0.));
#4476=DIRECTION('ref_axis',(0.,0.,-1.));
#4477=DIRECTION('',(0.,-1.,-1.60622544071927E-16));
#4478=DIRECTION('',(0.,-1.,-1.60622544071927E-16));
#4479=DIRECTION('',(0.,0.,1.));
#4480=DIRECTION('center_axis',(2.16840434497101E-16,-1.60622544071927E-16,
1.));
#4481=DIRECTION('ref_axis',(1.,0.,-2.16840434497101E-16));
#4482=DIRECTION('',(0.,-1.,-1.60622544071927E-16));
#4483=DIRECTION('',(-1.,0.,2.16840434497101E-16));
#4484=DIRECTION('center_axis',(-1.0842021724855E-16,1.60622544071927E-16,
-1.));
#4485=DIRECTION('ref_axis',(0.,1.,1.60622544071927E-16));
#4486=DIRECTION('',(1.,0.,-1.0842021724855E-16));
#4487=DIRECTION('center_axis',(-1.0842021724855E-16,1.60622544071927E-16,
-1.));
#4488=DIRECTION('ref_axis',(0.,1.,1.60622544071927E-16));
#4489=DIRECTION('',(1.,0.,-1.0842021724855E-16));
#4490=DIRECTION('center_axis',(-1.,0.,0.));
#4491=DIRECTION('ref_axis',(0.,0.,1.));
#4492=DIRECTION('',(0.,-1.,-1.60622544071927E-16));
#4493=DIRECTION('',(0.,-1.,-1.60622544071927E-16));
#4494=DIRECTION('',(0.,0.,-1.));
#4495=DIRECTION('center_axis',(2.16840434497101E-16,-1.60622544071927E-16,
1.));
#4496=DIRECTION('ref_axis',(1.,0.,-2.16840434497101E-16));
#4497=DIRECTION('',(-1.,0.,2.16840434497101E-16));
#4498=DIRECTION('center_axis',(1.,0.,0.));
#4499=DIRECTION('ref_axis',(0.,0.,-1.));
#4500=DIRECTION('',(0.,-1.,-1.60622544071927E-16));
#4501=DIRECTION('',(0.,0.,1.));
#4502=DIRECTION('center_axis',(1.,0.,0.));
#4503=DIRECTION('ref_axis',(0.,0.,-1.));
#4504=DIRECTION('',(0.,0.,1.));
#4505=DIRECTION('center_axis',(2.16840434497101E-16,-1.60622544071927E-16,
1.));
#4506=DIRECTION('ref_axis',(1.,0.,-2.16840434497101E-16));
#4507=DIRECTION('',(-1.,0.,2.16840434497101E-16));
#4508=DIRECTION('center_axis',(-1.0842021724855E-16,1.60622544071927E-16,
-1.));
#4509=DIRECTION('ref_axis',(0.,1.,1.60622544071927E-16));
#4510=DIRECTION('',(1.,0.,-1.0842021724855E-16));
#4511=DIRECTION('center_axis',(2.16840434497101E-16,-1.60622544071927E-16,
1.));
#4512=DIRECTION('ref_axis',(1.,0.,-2.16840434497101E-16));
#4513=DIRECTION('',(0.,-1.,-1.60622544071927E-16));
#4514=DIRECTION('',(-1.,0.,2.16840434497101E-16));
#4515=DIRECTION('center_axis',(1.,0.,0.));
#4516=DIRECTION('ref_axis',(0.,0.,-1.));
#4517=DIRECTION('',(0.,0.,1.));
#4518=DIRECTION('center_axis',(-1.,0.,0.));
#4519=DIRECTION('ref_axis',(0.,0.,1.));
#4520=DIRECTION('',(0.,-1.,-1.60622544071927E-16));
#4521=DIRECTION('',(0.,-1.,-1.60622544071927E-16));
#4522=DIRECTION('',(0.,0.,-1.));
#4523=DIRECTION('center_axis',(-1.0842021724855E-16,1.60622544071927E-16,
-1.));
#4524=DIRECTION('ref_axis',(0.,1.,1.60622544071927E-16));
#4525=DIRECTION('',(1.,0.,-1.0842021724855E-16));
#4526=DIRECTION('center_axis',(1.,0.,0.));
#4527=DIRECTION('ref_axis',(0.,0.,-1.));
#4528=DIRECTION('',(0.,0.,1.));
#4529=DIRECTION('center_axis',(-1.,0.,0.));
#4530=DIRECTION('ref_axis',(0.,0.,1.));
#4531=DIRECTION('',(0.,-1.,-1.60622544071927E-16));
#4532=DIRECTION('',(0.,-1.,-1.60622544071927E-16));
#4533=DIRECTION('',(0.,0.,-1.));
#4534=DIRECTION('center_axis',(-1.,0.,0.));
#4535=DIRECTION('ref_axis',(0.,0.,1.));
#4536=DIRECTION('',(0.,-1.,-1.60622544071927E-16));
#4537=DIRECTION('',(0.,0.,-1.));
#4538=DIRECTION('center_axis',(2.16840434497101E-16,-1.60622544071927E-16,
1.));
#4539=DIRECTION('ref_axis',(1.,0.,-2.16840434497101E-16));
#4540=DIRECTION('',(-1.,0.,2.16840434497101E-16));
#4541=DIRECTION('center_axis',(2.16840434497101E-16,-1.60622544071927E-16,
1.));
#4542=DIRECTION('ref_axis',(1.,0.,-2.16840434497101E-16));
#4543=DIRECTION('',(-1.,0.,2.16840434497101E-16));
#4544=DIRECTION('center_axis',(1.,0.,0.));
#4545=DIRECTION('ref_axis',(0.,0.,-1.));
#4546=DIRECTION('',(0.,0.,1.));
#4547=DIRECTION('center_axis',(-1.0842021724855E-16,1.60622544071927E-16,
-1.));
#4548=DIRECTION('ref_axis',(0.,1.,1.60622544071927E-16));
#4549=DIRECTION('',(1.,0.,-1.0842021724855E-16));
#4550=DIRECTION('center_axis',(2.16840434497101E-16,-1.60622544071927E-16,
1.));
#4551=DIRECTION('ref_axis',(1.,0.,-2.16840434497101E-16));
#4552=DIRECTION('',(-1.,0.,2.16840434497101E-16));
#4553=DIRECTION('center_axis',(-1.0842021724855E-16,1.60622544071927E-16,
-1.));
#4554=DIRECTION('ref_axis',(0.,1.,1.60622544071927E-16));
#4555=DIRECTION('',(1.,0.,-1.0842021724855E-16));
#4556=DIRECTION('center_axis',(2.16840434497101E-16,-1.60622544071927E-16,
1.));
#4557=DIRECTION('ref_axis',(1.,0.,-2.16840434497101E-16));
#4558=DIRECTION('',(-1.,0.,2.16840434497101E-16));
#4559=DIRECTION('center_axis',(-1.,0.,0.));
#4560=DIRECTION('ref_axis',(0.,0.,1.));
#4561=DIRECTION('',(0.,0.,-1.));
#4562=DIRECTION('center_axis',(-1.0842021724855E-16,1.60622544071927E-16,
-1.));
#4563=DIRECTION('ref_axis',(0.,1.,1.60622544071927E-16));
#4564=DIRECTION('',(1.,0.,-1.0842021724855E-16));
#4565=DIRECTION('center_axis',(2.16840434497101E-16,-1.60622544071927E-16,
1.));
#4566=DIRECTION('ref_axis',(1.,0.,-2.16840434497101E-16));
#4567=DIRECTION('',(-1.,0.,2.16840434497101E-16));
#4568=DIRECTION('center_axis',(0.,-1.,0.));
#4569=DIRECTION('ref_axis',(0.,0.,-1.));
#4570=DIRECTION('center_axis',(0.,-1.,0.));
#4571=DIRECTION('ref_axis',(0.,0.,-1.));
#4572=DIRECTION('center_axis',(0.,-1.,0.));
#4573=DIRECTION('ref_axis',(0.,0.,-1.));
#4574=DIRECTION('center_axis',(0.,-1.,0.));
#4575=DIRECTION('ref_axis',(0.,0.,-1.));
#4576=DIRECTION('center_axis',(0.,-1.,0.));
#4577=DIRECTION('ref_axis',(0.,0.,-1.));
#4578=DIRECTION('center_axis',(0.,-1.,0.));
#4579=DIRECTION('ref_axis',(0.,0.,-1.));
#4580=DIRECTION('center_axis',(0.,-1.,0.));
#4581=DIRECTION('ref_axis',(0.,0.,-1.));
#4582=DIRECTION('center_axis',(0.,-1.,0.));
#4583=DIRECTION('ref_axis',(0.,0.,-1.));
#4584=DIRECTION('center_axis',(0.,-1.,0.));
#4585=DIRECTION('ref_axis',(0.,0.,-1.));
#4586=DIRECTION('center_axis',(0.,-1.,0.));
#4587=DIRECTION('ref_axis',(0.,0.,-1.));
#4588=DIRECTION('center_axis',(0.,-1.,0.));
#4589=DIRECTION('ref_axis',(0.,0.,-1.));
#4590=DIRECTION('center_axis',(0.,-1.,0.));
#4591=DIRECTION('ref_axis',(0.,0.,-1.));
#4592=DIRECTION('center_axis',(0.,-1.,0.));
#4593=DIRECTION('ref_axis',(0.,0.,-1.));
#4594=DIRECTION('center_axis',(0.,-1.,0.));
#4595=DIRECTION('ref_axis',(0.,0.,-1.));
#4596=CARTESIAN_POINT('',(0.,0.,0.));
#4597=CARTESIAN_POINT('Origin',(13.25,1.25,0.250000000000047));
#4598=CARTESIAN_POINT('',(13.25,-3.85,-0.249999999999954));
#4599=CARTESIAN_POINT('',(13.25,-6.85,-0.249999999999955));
#4600=CARTESIAN_POINT('',(13.25,1.25,-0.249999999999953));
#4601=CARTESIAN_POINT('',(13.25,-3.85,0.250000000000047));
#4602=CARTESIAN_POINT('',(13.25,-3.85,3.1));
#4603=CARTESIAN_POINT('',(13.25,-6.85,0.250000000000045));
#4604=CARTESIAN_POINT('',(13.25,1.25,0.250000000000047));
#4605=CARTESIAN_POINT('',(13.25,-6.85,0.250000000000045));
#4606=CARTESIAN_POINT('Origin',(-15.,-3.85,3.1));
#4607=CARTESIAN_POINT('',(15.,-3.85,2.));
#4608=CARTESIAN_POINT('',(15.,-3.85,-2.2));
#4609=CARTESIAN_POINT('',(15.,-3.85,3.1));
#4610=CARTESIAN_POINT('',(-15.,-3.85,2.));
#4611=CARTESIAN_POINT('',(15.,-3.85,2.));
#4612=CARTESIAN_POINT('',(-15.,-3.85,-2.2));
#4613=CARTESIAN_POINT('',(-15.,-3.85,3.1));
#4614=CARTESIAN_POINT('',(-15.,-3.85,-2.2));
#4615=CARTESIAN_POINT('',(14.5,-3.85,-2.1));
#4616=CARTESIAN_POINT('Origin',(14.5,-3.85,-1.7));
#4617=CARTESIAN_POINT('',(-11.25,-3.85,0.250000000000004));
#4618=CARTESIAN_POINT('',(-11.25,-3.85,-0.249999999999995));
#4619=CARTESIAN_POINT('',(-11.25,-3.85,3.1));
#4620=CARTESIAN_POINT('',(-10.75,-3.85,0.250000000000005));
#4621=CARTESIAN_POINT('',(-15.,-3.85,0.250000000000005));
#4622=CARTESIAN_POINT('',(-10.75,-3.85,-0.249999999999996));
#4623=CARTESIAN_POINT('',(-10.75,-3.85,3.1));
#4624=CARTESIAN_POINT('',(-15.,-3.85,-0.249999999999995));
#4625=CARTESIAN_POINT('',(-7.25,-3.85,0.250000000000011));
#4626=CARTESIAN_POINT('',(-7.25,-3.85,-0.249999999999988));
#4627=CARTESIAN_POINT('',(-7.25,-3.85,3.1));
#4628=CARTESIAN_POINT('',(-6.75,-3.85,0.250000000000012));
#4629=CARTESIAN_POINT('',(-15.,-3.85,0.250000000000012));
#4630=CARTESIAN_POINT('',(-6.75,-3.85,-0.249999999999989));
#4631=CARTESIAN_POINT('',(-6.75,-3.85,3.1));
#4632=CARTESIAN_POINT('',(-15.,-3.85,-0.249999999999987));
#4633=CARTESIAN_POINT('',(-3.25,-3.85,0.250000000000018));
#4634=CARTESIAN_POINT('',(-3.25,-3.85,-0.249999999999982));
#4635=CARTESIAN_POINT('',(-3.25,-3.85,3.1));
#4636=CARTESIAN_POINT('',(-2.75,-3.85,0.250000000000019));
#4637=CARTESIAN_POINT('',(-15.,-3.85,0.250000000000019));
#4638=CARTESIAN_POINT('',(-2.75,-3.85,-0.249999999999982));
#4639=CARTESIAN_POINT('',(-2.75,-3.85,3.1));
#4640=CARTESIAN_POINT('',(-15.,-3.85,-0.249999999999979));
#4641=CARTESIAN_POINT('',(0.750000000000001,-3.85,0.250000000000025));
#4642=CARTESIAN_POINT('',(0.750000000000001,-3.85,-0.249999999999975));
#4643=CARTESIAN_POINT('',(0.750000000000001,-3.85,3.1));
#4644=CARTESIAN_POINT('',(1.25,-3.85,0.250000000000026));
#4645=CARTESIAN_POINT('',(-15.,-3.85,0.250000000000027));
#4646=CARTESIAN_POINT('',(1.25,-3.85,-0.249999999999975));
#4647=CARTESIAN_POINT('',(1.25,-3.85,3.1));
#4648=CARTESIAN_POINT('',(-15.,-3.85,-0.249999999999971));
#4649=CARTESIAN_POINT('',(4.75,-3.85,0.250000000000032));
#4650=CARTESIAN_POINT('',(4.75,-3.85,-0.249999999999968));
#4651=CARTESIAN_POINT('',(4.75,-3.85,3.1));
#4652=CARTESIAN_POINT('',(5.25,-3.85,0.250000000000033));
#4653=CARTESIAN_POINT('',(-15.,-3.85,0.250000000000034));
#4654=CARTESIAN_POINT('',(5.25,-3.85,-0.249999999999968));
#4655=CARTESIAN_POINT('',(5.25,-3.85,3.1));
#4656=CARTESIAN_POINT('',(-15.,-3.85,-0.249999999999963));
#4657=CARTESIAN_POINT('',(8.75,-3.85,0.250000000000039));
#4658=CARTESIAN_POINT('',(8.75,-3.85,-0.249999999999961));
#4659=CARTESIAN_POINT('',(8.75,-3.85,3.1));
#4660=CARTESIAN_POINT('',(9.25,-3.85,0.25000000000004));
#4661=CARTESIAN_POINT('',(-15.,-3.85,0.250000000000041));
#4662=CARTESIAN_POINT('',(9.25,-3.85,-0.249999999999961));
#4663=CARTESIAN_POINT('',(9.25,-3.85,3.1));
#4664=CARTESIAN_POINT('',(-15.,-3.85,-0.249999999999956));
#4665=CARTESIAN_POINT('',(12.75,-3.85,0.250000000000046));
#4666=CARTESIAN_POINT('',(12.75,-3.85,-0.249999999999954));
#4667=CARTESIAN_POINT('',(12.75,-3.85,3.1));
#4668=CARTESIAN_POINT('',(-15.,-3.85,0.250000000000049));
#4669=CARTESIAN_POINT('',(-15.,-3.85,-0.249999999999948));
#4670=CARTESIAN_POINT('',(10.75,-3.85,0.250000000000043));
#4671=CARTESIAN_POINT('',(10.75,-3.85,-0.249999999999957));
#4672=CARTESIAN_POINT('',(10.75,-3.85,3.1));
#4673=CARTESIAN_POINT('',(11.25,-3.85,0.250000000000043));
#4674=CARTESIAN_POINT('',(-15.,-3.85,0.250000000000045));
#4675=CARTESIAN_POINT('',(11.25,-3.85,-0.249999999999958));
#4676=CARTESIAN_POINT('',(11.25,-3.85,3.1));
#4677=CARTESIAN_POINT('',(-15.,-3.85,-0.249999999999952));
#4678=CARTESIAN_POINT('',(6.75,-3.85,0.250000000000036));
#4679=CARTESIAN_POINT('',(6.75,-3.85,-0.249999999999964));
#4680=CARTESIAN_POINT('',(6.75,-3.85,3.1));
#4681=CARTESIAN_POINT('',(7.25,-3.85,0.250000000000036));
#4682=CARTESIAN_POINT('',(-15.,-3.85,0.250000000000038));
#4683=CARTESIAN_POINT('',(7.25,-3.85,-0.249999999999965));
#4684=CARTESIAN_POINT('',(7.25,-3.85,3.1));
#4685=CARTESIAN_POINT('',(-15.,-3.85,-0.249999999999959));
#4686=CARTESIAN_POINT('',(2.75,-3.85,0.250000000000029));
#4687=CARTESIAN_POINT('',(2.75,-3.85,-0.249999999999971));
#4688=CARTESIAN_POINT('',(2.75,-3.85,3.1));
#4689=CARTESIAN_POINT('',(3.25,-3.85,0.250000000000029));
#4690=CARTESIAN_POINT('',(-15.,-3.85,0.250000000000031));
#4691=CARTESIAN_POINT('',(3.25,-3.85,-0.249999999999971));
#4692=CARTESIAN_POINT('',(3.25,-3.85,3.1));
#4693=CARTESIAN_POINT('',(-15.,-3.85,-0.249999999999967));
#4694=CARTESIAN_POINT('',(-1.25,-3.85,0.250000000000022));
#4695=CARTESIAN_POINT('',(-1.25,-3.85,-0.249999999999978));
#4696=CARTESIAN_POINT('',(-1.25,-3.85,3.1));
#4697=CARTESIAN_POINT('',(-0.749999999999999,-3.85,0.250000000000022));
#4698=CARTESIAN_POINT('',(-15.,-3.85,0.250000000000023));
#4699=CARTESIAN_POINT('',(-0.749999999999999,-3.85,-0.249999999999978));
#4700=CARTESIAN_POINT('',(-0.749999999999999,-3.85,3.1));
#4701=CARTESIAN_POINT('',(-15.,-3.85,-0.249999999999975));
#4702=CARTESIAN_POINT('',(-5.25,-3.85,0.250000000000015));
#4703=CARTESIAN_POINT('',(-5.25,-3.85,-0.249999999999985));
#4704=CARTESIAN_POINT('',(-5.25,-3.85,3.1));
#4705=CARTESIAN_POINT('',(-4.75,-3.85,0.250000000000015));
#4706=CARTESIAN_POINT('',(-15.,-3.85,0.250000000000016));
#4707=CARTESIAN_POINT('',(-4.75,-3.85,-0.249999999999985));
#4708=CARTESIAN_POINT('',(-4.75,-3.85,3.1));
#4709=CARTESIAN_POINT('',(-15.,-3.85,-0.249999999999983));
#4710=CARTESIAN_POINT('',(-9.25,-3.85,0.250000000000008));
#4711=CARTESIAN_POINT('',(-9.25,-3.85,-0.249999999999992));
#4712=CARTESIAN_POINT('',(-9.25,-3.85,3.1));
#4713=CARTESIAN_POINT('',(-8.75,-3.85,0.250000000000008));
#4714=CARTESIAN_POINT('',(-15.,-3.85,0.250000000000008));
#4715=CARTESIAN_POINT('',(-8.75,-3.85,-0.249999999999992));
#4716=CARTESIAN_POINT('',(-8.75,-3.85,3.1));
#4717=CARTESIAN_POINT('',(-15.,-3.85,-0.249999999999991));
#4718=CARTESIAN_POINT('',(-13.25,-3.85,0.250000000000001));
#4719=CARTESIAN_POINT('',(-13.25,-3.85,-0.249999999999999));
#4720=CARTESIAN_POINT('',(-13.25,-3.85,3.1));
#4721=CARTESIAN_POINT('',(-12.75,-3.85,0.250000000000001));
#4722=CARTESIAN_POINT('',(-15.,-3.85,0.250000000000001));
#4723=CARTESIAN_POINT('',(-12.75,-3.85,-0.249999999999999));
#4724=CARTESIAN_POINT('',(-12.75,-3.85,3.1));
#4725=CARTESIAN_POINT('',(-15.,-3.85,-0.249999999999999));
#4726=CARTESIAN_POINT('Origin',(12.75,-6.85,0.250000000000046));
#4727=CARTESIAN_POINT('',(12.75,-6.85,-0.249999999999954));
#4728=CARTESIAN_POINT('',(12.75,-6.85,0.250000000000046));
#4729=CARTESIAN_POINT('',(12.75,-6.85,0.250000000000046));
#4730=CARTESIAN_POINT('',(12.75,-6.85,-0.249999999999954));
#4731=CARTESIAN_POINT('',(12.75,-6.85,0.250000000000046));
#4732=CARTESIAN_POINT('Origin',(12.75,1.25,-0.249999999999953));
#4733=CARTESIAN_POINT('',(12.75,1.25,-0.249999999999953));
#4734=CARTESIAN_POINT('Origin',(12.75,1.25,0.250000000000047));
#4735=CARTESIAN_POINT('',(12.75,1.25,0.250000000000047));
#4736=CARTESIAN_POINT('Origin',(-7.25,1.25,0.250000000000012));
#4737=CARTESIAN_POINT('',(-6.75,-6.85,0.250000000000011));
#4738=CARTESIAN_POINT('',(-6.75,1.25,0.250000000000012));
#4739=CARTESIAN_POINT('',(-7.25,-6.85,0.250000000000011));
#4740=CARTESIAN_POINT('',(-7.25,1.25,0.250000000000012));
#4741=CARTESIAN_POINT('',(-7.25,-6.85,0.250000000000011));
#4742=CARTESIAN_POINT('Origin',(15.,-2.25,2.));
#4743=CARTESIAN_POINT('',(-15.,-2.25,2.));
#4744=CARTESIAN_POINT('',(-15.,-2.25,2.));
#4745=CARTESIAN_POINT('',(15.,-2.25,2.));
#4746=CARTESIAN_POINT('',(15.,-2.25,2.));
#4747=CARTESIAN_POINT('',(5.7,-2.25,2.));
#4748=CARTESIAN_POINT('',(15.,-2.25,2.));
#4749=CARTESIAN_POINT('',(5.7,2.05,2.));
#4750=CARTESIAN_POINT('',(5.7,2.05,2.));
#4751=CARTESIAN_POINT('',(-5.7,2.05,2.));
#4752=CARTESIAN_POINT('',(-5.7,2.05,2.));
#4753=CARTESIAN_POINT('',(-5.7,-2.25,2.));
#4754=CARTESIAN_POINT('',(-5.7,2.05,2.));
#4755=CARTESIAN_POINT('',(15.,-2.25,2.));
#4756=CARTESIAN_POINT('',(-3.8,-0.75,2.));
#4757=CARTESIAN_POINT('',(-2.2,-0.75,2.));
#4758=CARTESIAN_POINT('',(-3.8,-0.75,2.));
#4759=CARTESIAN_POINT('',(-3.8,1.09,2.));
#4760=CARTESIAN_POINT('',(-3.8,-0.75,2.));
#4761=CARTESIAN_POINT('',(-2.2,1.09,2.));
#4762=CARTESIAN_POINT('',(-3.8,1.09,2.));
#4763=CARTESIAN_POINT('',(-2.2,-0.75,2.));
#4764=CARTESIAN_POINT('',(3.8,1.09,2.));
#4765=CARTESIAN_POINT('',(2.2,1.09,2.));
#4766=CARTESIAN_POINT('',(3.8,1.09,2.));
#4767=CARTESIAN_POINT('',(3.8,-0.75,2.));
#4768=CARTESIAN_POINT('',(3.8,-0.75,2.));
#4769=CARTESIAN_POINT('',(2.2,-0.75,2.));
#4770=CARTESIAN_POINT('',(3.8,-0.75,2.));
#4771=CARTESIAN_POINT('',(2.2,-0.75,2.));
#4772=CARTESIAN_POINT('Origin',(-8.75,1.25,0.250000000000009));
#4773=CARTESIAN_POINT('',(-8.75,-6.85,-0.249999999999993));
#4774=CARTESIAN_POINT('',(-8.75,1.25,-0.249999999999991));
#4775=CARTESIAN_POINT('',(-8.75,-6.85,0.250000000000007));
#4776=CARTESIAN_POINT('',(-8.75,1.25,0.250000000000009));
#4777=CARTESIAN_POINT('',(-8.75,-6.85,0.250000000000007));
#4778=CARTESIAN_POINT('Origin',(3.25,1.25,0.250000000000029));
#4779=CARTESIAN_POINT('',(3.25,-6.85,-0.249999999999972));
#4780=CARTESIAN_POINT('',(3.25,1.25,-0.249999999999971));
#4781=CARTESIAN_POINT('',(3.25,-6.85,0.250000000000028));
#4782=CARTESIAN_POINT('',(3.25,1.25,0.250000000000029));
#4783=CARTESIAN_POINT('',(3.25,-6.85,0.250000000000028));
#4784=CARTESIAN_POINT('Origin',(-9.25,1.25,0.250000000000009));
#4785=CARTESIAN_POINT('',(-9.25,-6.85,0.250000000000007));
#4786=CARTESIAN_POINT('',(-9.25,1.25,0.250000000000009));
#4787=CARTESIAN_POINT('',(-9.25,-6.85,-0.249999999999993));
#4788=CARTESIAN_POINT('',(-9.25,1.25,-0.249999999999991));
#4789=CARTESIAN_POINT('',(-9.25,-6.85,0.250000000000007));
#4790=CARTESIAN_POINT('Origin',(-1.25,1.25,-0.249999999999977));
#4791=CARTESIAN_POINT('',(-1.25,-6.85,-0.249999999999979));
#4792=CARTESIAN_POINT('',(-1.25,1.25,-0.249999999999977));
#4793=CARTESIAN_POINT('',(-0.749999999999999,-6.85,-0.249999999999979));
#4794=CARTESIAN_POINT('',(-0.749999999999999,1.25,-0.249999999999978));
#4795=CARTESIAN_POINT('',(-1.25,-6.85,-0.249999999999979));
#4796=CARTESIAN_POINT('Origin',(-6.75,1.25,0.250000000000012));
#4797=CARTESIAN_POINT('',(-6.75,-6.85,-0.249999999999989));
#4798=CARTESIAN_POINT('',(-6.75,1.25,-0.249999999999988));
#4799=CARTESIAN_POINT('',(-6.75,-6.85,0.250000000000011));
#4800=CARTESIAN_POINT('Origin',(-13.25,1.25,0.250000000000002));
#4801=CARTESIAN_POINT('',(-12.75,-6.85,0.25));
#4802=CARTESIAN_POINT('',(-12.75,1.25,0.250000000000002));
#4803=CARTESIAN_POINT('',(-13.25,-6.85,0.25));
#4804=CARTESIAN_POINT('',(-13.25,1.25,0.250000000000002));
#4805=CARTESIAN_POINT('',(-13.25,-6.85,0.25));
#4806=CARTESIAN_POINT('Origin',(6.75,1.25,0.250000000000036));
#4807=CARTESIAN_POINT('',(6.75,-6.85,0.250000000000035));
#4808=CARTESIAN_POINT('',(6.75,1.25,0.250000000000036));
#4809=CARTESIAN_POINT('',(6.75,-6.85,-0.249999999999965));
#4810=CARTESIAN_POINT('',(6.75,1.25,-0.249999999999964));
#4811=CARTESIAN_POINT('',(6.75,-6.85,0.250000000000035));
#4812=CARTESIAN_POINT('Origin',(12.75,1.25,0.250000000000047));
#4813=CARTESIAN_POINT('Origin',(8.75,1.25,0.25000000000004));
#4814=CARTESIAN_POINT('',(9.25,-6.85,0.250000000000039));
#4815=CARTESIAN_POINT('',(9.25,1.25,0.25000000000004));
#4816=CARTESIAN_POINT('',(8.75,-6.85,0.250000000000039));
#4817=CARTESIAN_POINT('',(8.75,1.25,0.25000000000004));
#4818=CARTESIAN_POINT('',(8.75,-6.85,0.250000000000039));
#4819=CARTESIAN_POINT('Origin',(-11.25,1.25,-0.249999999999995));
#4820=CARTESIAN_POINT('',(-11.25,-6.85,-0.249999999999996));
#4821=CARTESIAN_POINT('',(-11.25,1.25,-0.249999999999995));
#4822=CARTESIAN_POINT('',(-10.75,-6.85,-0.249999999999996));
#4823=CARTESIAN_POINT('',(-10.75,1.25,-0.249999999999995));
#4824=CARTESIAN_POINT('',(-11.25,-6.85,-0.249999999999996));
#4825=CARTESIAN_POINT('Origin',(2.75,1.25,0.25000000000003));
#4826=CARTESIAN_POINT('',(2.75,-6.85,0.250000000000028));
#4827=CARTESIAN_POINT('',(2.75,1.25,0.25000000000003));
#4828=CARTESIAN_POINT('',(2.75,-6.85,-0.249999999999972));
#4829=CARTESIAN_POINT('',(2.75,1.25,-0.249999999999971));
#4830=CARTESIAN_POINT('',(2.75,-6.85,0.250000000000028));
#4831=CARTESIAN_POINT('Origin',(4.75,1.25,-0.249999999999967));
#4832=CARTESIAN_POINT('',(4.75,-6.85,-0.249999999999968));
#4833=CARTESIAN_POINT('',(4.75,1.25,-0.249999999999967));
#4834=CARTESIAN_POINT('',(5.25,-6.85,-0.249999999999968));
#4835=CARTESIAN_POINT('',(5.25,1.25,-0.249999999999967));
#4836=CARTESIAN_POINT('',(4.75,-6.85,-0.249999999999968));
#4837=CARTESIAN_POINT('Origin',(-3.25,1.25,0.250000000000019));
#4838=CARTESIAN_POINT('',(-3.25,-6.85,0.250000000000018));
#4839=CARTESIAN_POINT('',(-3.25,1.25,0.250000000000019));
#4840=CARTESIAN_POINT('',(-3.25,-6.85,-0.249999999999982));
#4841=CARTESIAN_POINT('',(-3.25,1.25,-0.249999999999981));
#4842=CARTESIAN_POINT('',(-3.25,-6.85,0.250000000000018));
#4843=CARTESIAN_POINT('Origin',(-7.25,1.25,0.250000000000012));
#4844=CARTESIAN_POINT('',(-7.25,-6.85,-0.249999999999989));
#4845=CARTESIAN_POINT('',(-7.25,1.25,-0.249999999999988));
#4846=CARTESIAN_POINT('',(-7.25,-6.85,0.250000000000011));
#4847=CARTESIAN_POINT('Origin',(-1.25,1.25,0.250000000000023));
#4848=CARTESIAN_POINT('',(-0.749999999999999,-6.85,0.250000000000021));
#4849=CARTESIAN_POINT('',(-0.749999999999999,1.25,0.250000000000022));
#4850=CARTESIAN_POINT('',(-1.25,-6.85,0.250000000000021));
#4851=CARTESIAN_POINT('',(-1.25,1.25,0.250000000000023));
#4852=CARTESIAN_POINT('',(-1.25,-6.85,0.250000000000021));
#4853=CARTESIAN_POINT('Origin',(9.25,1.25,0.25000000000004));
#4854=CARTESIAN_POINT('',(9.25,-6.85,-0.249999999999962));
#4855=CARTESIAN_POINT('',(9.25,1.25,-0.24999999999996));
#4856=CARTESIAN_POINT('',(9.25,-6.85,0.250000000000039));
#4857=CARTESIAN_POINT('Origin',(-5.25,1.25,-0.249999999999984));
#4858=CARTESIAN_POINT('',(-5.25,-6.85,-0.249999999999986));
#4859=CARTESIAN_POINT('',(-5.25,1.25,-0.249999999999984));
#4860=CARTESIAN_POINT('',(-4.75,-6.85,-0.249999999999986));
#4861=CARTESIAN_POINT('',(-4.75,1.25,-0.249999999999985));
#4862=CARTESIAN_POINT('',(-5.25,-6.85,-0.249999999999986));
#4863=CARTESIAN_POINT('Origin',(6.75,1.25,-0.249999999999964));
#4864=CARTESIAN_POINT('',(7.25,-6.85,-0.249999999999965));
#4865=CARTESIAN_POINT('',(7.25,1.25,-0.249999999999964));
#4866=CARTESIAN_POINT('',(6.75,-6.85,-0.249999999999965));
#4867=CARTESIAN_POINT('Origin',(4.75,1.25,0.250000000000033));
#4868=CARTESIAN_POINT('',(5.25,-6.85,0.250000000000032));
#4869=CARTESIAN_POINT('',(5.25,1.25,0.250000000000033));
#4870=CARTESIAN_POINT('',(4.75,-6.85,0.250000000000032));
#4871=CARTESIAN_POINT('',(4.75,1.25,0.250000000000033));
#4872=CARTESIAN_POINT('',(4.75,-6.85,0.250000000000032));
#4873=CARTESIAN_POINT('Origin',(-11.25,1.25,0.250000000000005));
#4874=CARTESIAN_POINT('',(-10.75,-6.85,0.250000000000004));
#4875=CARTESIAN_POINT('',(-10.75,1.25,0.250000000000005));
#4876=CARTESIAN_POINT('',(-11.25,-6.85,0.250000000000004));
#4877=CARTESIAN_POINT('',(-11.25,1.25,0.250000000000005));
#4878=CARTESIAN_POINT('',(-11.25,-6.85,0.250000000000004));
#4879=CARTESIAN_POINT('Origin',(14.5,-5.05,-1.7));
#4880=CARTESIAN_POINT('',(14.5,-5.05,-2.1));
#4881=CARTESIAN_POINT('',(14.5,-5.05,-2.1));
#4882=CARTESIAN_POINT('Origin',(14.5,-5.05,-1.7));
#4883=CARTESIAN_POINT('Origin',(-13.25,1.25,0.250000000000002));
#4884=CARTESIAN_POINT('',(-13.25,-6.85,-0.25));
#4885=CARTESIAN_POINT('',(-13.25,1.25,-0.249999999999998));
#4886=CARTESIAN_POINT('',(-13.25,-6.85,0.25));
#4887=CARTESIAN_POINT('Origin',(10.75,1.25,-0.249999999999957));
#4888=CARTESIAN_POINT('',(10.75,-6.85,-0.249999999999958));
#4889=CARTESIAN_POINT('',(10.75,1.25,-0.249999999999957));
#4890=CARTESIAN_POINT('',(11.25,-6.85,-0.249999999999958));
#4891=CARTESIAN_POINT('',(11.25,1.25,-0.249999999999957));
#4892=CARTESIAN_POINT('',(10.75,-6.85,-0.249999999999958));
#4893=CARTESIAN_POINT('Origin',(8.75,1.25,0.25000000000004));
#4894=CARTESIAN_POINT('',(8.75,-6.85,-0.249999999999961));
#4895=CARTESIAN_POINT('',(8.75,1.25,-0.24999999999996));
#4896=CARTESIAN_POINT('',(8.75,-6.85,0.250000000000039));
#4897=CARTESIAN_POINT('Origin',(-3.25,1.25,-0.249999999999981));
#4898=CARTESIAN_POINT('',(-2.75,-6.85,-0.249999999999982));
#4899=CARTESIAN_POINT('',(-2.75,1.25,-0.249999999999981));
#4900=CARTESIAN_POINT('',(-3.25,-6.85,-0.249999999999982));
#4901=CARTESIAN_POINT('Origin',(-0.749999999999999,1.25,0.250000000000022));
#4902=CARTESIAN_POINT('',(-0.749999999999999,-6.85,0.250000000000021));
#4903=CARTESIAN_POINT('Origin',(2.75,1.25,-0.249999999999971));
#4904=CARTESIAN_POINT('',(2.75,-6.85,-0.249999999999972));
#4905=CARTESIAN_POINT('Origin',(0.750000000000001,1.25,-0.249999999999974));
#4906=CARTESIAN_POINT('',(0.750000000000001,-6.85,-0.249999999999975));
#4907=CARTESIAN_POINT('',(0.750000000000001,1.25,-0.249999999999974));
#4908=CARTESIAN_POINT('',(1.25,-6.85,-0.249999999999975));
#4909=CARTESIAN_POINT('',(1.25,1.25,-0.249999999999974));
#4910=CARTESIAN_POINT('',(0.750000000000001,-6.85,-0.249999999999975));
#4911=CARTESIAN_POINT('Origin',(-5.25,1.25,0.250000000000016));
#4912=CARTESIAN_POINT('',(-4.75,-6.85,0.250000000000014));
#4913=CARTESIAN_POINT('',(-4.75,1.25,0.250000000000016));
#4914=CARTESIAN_POINT('',(-5.25,-6.85,0.250000000000014));
#4915=CARTESIAN_POINT('',(-5.25,1.25,0.250000000000016));
#4916=CARTESIAN_POINT('',(-5.25,-6.85,0.250000000000014));
#4917=CARTESIAN_POINT('Origin',(5.25,1.25,0.250000000000033));
#4918=CARTESIAN_POINT('',(5.25,-6.85,0.250000000000032));
#4919=CARTESIAN_POINT('Origin',(-7.25,1.25,-0.249999999999988));
#4920=CARTESIAN_POINT('',(-7.25,-6.85,-0.249999999999989));
#4921=CARTESIAN_POINT('Origin',(-10.75,1.25,0.250000000000005));
#4922=CARTESIAN_POINT('',(-10.75,-6.85,0.250000000000004));
#4923=CARTESIAN_POINT('Origin',(-13.25,1.25,-0.249999999999998));
#4924=CARTESIAN_POINT('',(-12.75,-6.85,-0.25));
#4925=CARTESIAN_POINT('',(-12.75,1.25,-0.249999999999998));
#4926=CARTESIAN_POINT('',(-13.25,-6.85,-0.25));
#4927=CARTESIAN_POINT('Origin',(-1.25,1.25,0.250000000000023));
#4928=CARTESIAN_POINT('',(-1.25,-6.85,0.250000000000021));
#4929=CARTESIAN_POINT('Origin',(10.75,1.25,0.250000000000043));
#4930=CARTESIAN_POINT('',(11.25,-6.85,0.250000000000042));
#4931=CARTESIAN_POINT('',(11.25,1.25,0.250000000000043));
#4932=CARTESIAN_POINT('',(10.75,-6.85,0.250000000000042));
#4933=CARTESIAN_POINT('',(10.75,1.25,0.250000000000043));
#4934=CARTESIAN_POINT('',(10.75,-6.85,0.250000000000042));
#4935=CARTESIAN_POINT('Origin',(15.,-3.85,3.1));
#4936=CARTESIAN_POINT('',(15.,-2.25,3.1));
#4937=CARTESIAN_POINT('',(15.,-2.25,3.1));
#4938=CARTESIAN_POINT('',(15.,3.85,-2.2));
#4939=CARTESIAN_POINT('',(15.,-3.85,-2.2));
#4940=CARTESIAN_POINT('',(15.,3.85,-0.35));
#4941=CARTESIAN_POINT('',(15.,3.85,3.1));
#4942=CARTESIAN_POINT('',(15.,2.05,-0.35));
#4943=CARTESIAN_POINT('',(15.,2.05,-0.35));
#4944=CARTESIAN_POINT('',(15.,2.05,3.1));
#4945=CARTESIAN_POINT('',(15.,2.05,3.1));
#4946=CARTESIAN_POINT('',(15.,-3.85,3.1));
#4947=CARTESIAN_POINT('Origin',(-9.25,1.25,-0.249999999999991));
#4948=CARTESIAN_POINT('',(-9.25,-6.85,-0.249999999999993));
#4949=CARTESIAN_POINT('Origin',(4.75,1.25,0.250000000000033));
#4950=CARTESIAN_POINT('',(4.75,-6.85,0.250000000000032));
#4951=CARTESIAN_POINT('Origin',(0.750000000000001,1.25,0.250000000000026));
#4952=CARTESIAN_POINT('',(1.25,-6.85,0.250000000000025));
#4953=CARTESIAN_POINT('',(1.25,1.25,0.250000000000026));
#4954=CARTESIAN_POINT('',(0.750000000000001,-6.85,0.250000000000025));
#4955=CARTESIAN_POINT('',(0.750000000000001,1.25,0.250000000000026));
#4956=CARTESIAN_POINT('',(0.750000000000001,-6.85,0.250000000000025));
#4957=CARTESIAN_POINT('Origin',(-11.25,1.25,0.250000000000005));
#4958=CARTESIAN_POINT('',(-11.25,-6.85,0.250000000000004));
#4959=CARTESIAN_POINT('Origin',(-15.,3.85,-2.2));
#4960=CARTESIAN_POINT('',(-13.,2.55,-2.2));
#4961=CARTESIAN_POINT('',(-13.,3.85,-2.2));
#4962=CARTESIAN_POINT('',(-13.,2.55,-2.2));
#4963=CARTESIAN_POINT('',(13.,2.55,-2.2));
#4964=CARTESIAN_POINT('',(-13.,2.55,-2.2));
#4965=CARTESIAN_POINT('',(13.,3.85,-2.2));
#4966=CARTESIAN_POINT('',(13.,2.55,-2.2));
#4967=CARTESIAN_POINT('',(-15.,3.85,-2.2));
#4968=CARTESIAN_POINT('',(-15.,3.85,-2.2));
#4969=CARTESIAN_POINT('',(-15.,-3.85,-2.2));
#4970=CARTESIAN_POINT('',(-15.,3.85,-2.2));
#4971=CARTESIAN_POINT('Origin',(-4.75,1.25,0.250000000000016));
#4972=CARTESIAN_POINT('',(-4.75,-6.85,0.250000000000014));
#4973=CARTESIAN_POINT('Origin',(7.25,1.25,0.250000000000036));
#4974=CARTESIAN_POINT('',(7.25,-6.85,0.250000000000035));
#4975=CARTESIAN_POINT('',(7.25,1.25,0.250000000000036));
#4976=CARTESIAN_POINT('',(7.25,-6.85,0.250000000000035));
#4977=CARTESIAN_POINT('Origin',(-15.,-3.85,3.1));
#4978=CARTESIAN_POINT('',(-15.,-2.25,3.1));
#4979=CARTESIAN_POINT('',(-15.,-2.25,3.1));
#4980=CARTESIAN_POINT('',(-15.,2.05,3.1));
#4981=CARTESIAN_POINT('',(-15.,-3.85,3.1));
#4982=CARTESIAN_POINT('',(-15.,2.05,-0.35));
#4983=CARTESIAN_POINT('',(-15.,2.05,3.1));
#4984=CARTESIAN_POINT('',(-15.,3.85,-0.35));
#4985=CARTESIAN_POINT('',(-15.,2.05,-0.35));
#4986=CARTESIAN_POINT('',(-15.,3.85,3.1));
#4987=CARTESIAN_POINT('Origin',(6.75,1.25,0.250000000000036));
#4988=CARTESIAN_POINT('',(6.75,-6.85,0.250000000000035));
#4989=CARTESIAN_POINT('Origin',(11.25,1.25,0.250000000000043));
#4990=CARTESIAN_POINT('',(11.25,-6.85,0.250000000000042));
#4991=CARTESIAN_POINT('Origin',(-2.75,1.25,0.250000000000019));
#4992=CARTESIAN_POINT('',(-2.75,-6.85,0.250000000000018));
#4993=CARTESIAN_POINT('',(-2.75,1.25,0.250000000000019));
#4994=CARTESIAN_POINT('',(-2.75,-6.85,0.250000000000018));
#4995=CARTESIAN_POINT('Origin',(-9.25,1.25,0.250000000000009));
#4996=CARTESIAN_POINT('',(-9.25,-6.85,0.250000000000007));
#4997=CARTESIAN_POINT('Origin',(-5.25,1.25,0.250000000000016));
#4998=CARTESIAN_POINT('',(-5.25,-6.85,0.250000000000014));
#4999=CARTESIAN_POINT('Origin',(10.75,1.25,0.250000000000043));
#5000=CARTESIAN_POINT('',(10.75,-6.85,0.250000000000042));
#5001=CARTESIAN_POINT('Origin',(1.25,1.25,0.250000000000026));
#5002=CARTESIAN_POINT('',(1.25,-6.85,0.250000000000025));
#5003=CARTESIAN_POINT('Origin',(-3.25,1.25,0.250000000000019));
#5004=CARTESIAN_POINT('',(-3.25,-6.85,0.250000000000018));
#5005=CARTESIAN_POINT('Origin',(2.75,1.25,0.25000000000003));
#5006=CARTESIAN_POINT('',(2.75,-6.85,0.250000000000028));
#5007=CARTESIAN_POINT('Origin',(8.75,1.25,-0.24999999999996));
#5008=CARTESIAN_POINT('',(8.75,-6.85,-0.249999999999961));
#5009=CARTESIAN_POINT('Origin',(0.750000000000001,1.25,0.250000000000026));
#5010=CARTESIAN_POINT('',(0.750000000000001,-6.85,0.250000000000025));
#5011=CARTESIAN_POINT('Origin',(-12.75,1.25,0.250000000000002));
#5012=CARTESIAN_POINT('',(-12.75,-6.85,0.25));
#5013=CARTESIAN_POINT('Origin',(-7.25,-6.85,0.250000000000011));
#5014=CARTESIAN_POINT('Origin',(3.8,1.09,2.));
#5015=CARTESIAN_POINT('',(2.2,1.09,2.6));
#5016=CARTESIAN_POINT('',(2.2,1.09,2.));
#5017=CARTESIAN_POINT('',(3.8,1.09,2.6));
#5018=CARTESIAN_POINT('',(3.8,1.09,2.6));
#5019=CARTESIAN_POINT('',(3.8,1.09,2.));
#5020=CARTESIAN_POINT('Origin',(15.,2.05,3.1));
#5021=CARTESIAN_POINT('',(-12.85,2.05,3.1));
#5022=CARTESIAN_POINT('',(15.,2.05,3.1));
#5023=CARTESIAN_POINT('',(-12.85,2.05,2.3));
#5024=CARTESIAN_POINT('',(-12.85,2.05,3.1));
#5025=CARTESIAN_POINT('',(-7.9,2.05,2.3));
#5026=CARTESIAN_POINT('',(-7.9,2.05,2.3));
#5027=CARTESIAN_POINT('',(-7.9,2.05,3.1));
#5028=CARTESIAN_POINT('',(-7.9,2.05,3.1));
#5029=CARTESIAN_POINT('',(-5.7,2.05,3.1));
#5030=CARTESIAN_POINT('',(15.,2.05,3.1));
#5031=CARTESIAN_POINT('',(-5.7,2.05,-10.1840059093879));
#5032=CARTESIAN_POINT('',(5.7,2.05,3.1));
#5033=CARTESIAN_POINT('',(5.7,2.05,-10.1840059093879));
#5034=CARTESIAN_POINT('',(7.9,2.05,3.1));
#5035=CARTESIAN_POINT('',(15.,2.05,3.1));
#5036=CARTESIAN_POINT('',(7.9,2.05,2.3));
#5037=CARTESIAN_POINT('',(7.9,2.05,3.1));
#5038=CARTESIAN_POINT('',(12.85,2.05,2.3));
#5039=CARTESIAN_POINT('',(7.9,2.05,2.3));
#5040=CARTESIAN_POINT('',(12.85,2.05,3.1));
#5041=CARTESIAN_POINT('',(12.85,2.05,3.1));
#5042=CARTESIAN_POINT('',(15.,2.05,3.1));
#5043=CARTESIAN_POINT('',(14.2,2.05,-0.35));
#5044=CARTESIAN_POINT('',(15.,2.05,-0.35));
#5045=CARTESIAN_POINT('',(14.2,2.05,1.3));
#5046=CARTESIAN_POINT('',(14.2,2.05,3.1));
#5047=CARTESIAN_POINT('',(-14.2,2.05,1.3));
#5048=CARTESIAN_POINT('',(14.2,2.05,1.3));
#5049=CARTESIAN_POINT('',(-14.2,2.05,-0.35));
#5050=CARTESIAN_POINT('',(-14.2,2.05,3.1));
#5051=CARTESIAN_POINT('',(15.,2.05,-0.35));
#5052=CARTESIAN_POINT('Origin',(-3.8,-0.75,2.));
#5053=CARTESIAN_POINT('',(-2.2,-0.749999999999999,2.6));
#5054=CARTESIAN_POINT('',(-2.2,-0.75,2.));
#5055=CARTESIAN_POINT('',(-3.8,-0.749999999999999,2.6));
#5056=CARTESIAN_POINT('',(-3.8,-0.749999999999999,2.6));
#5057=CARTESIAN_POINT('',(-3.8,-0.75,2.));
#5058=CARTESIAN_POINT('Origin',(2.2,1.09,2.));
#5059=CARTESIAN_POINT('',(2.2,-0.749999999999999,2.6));
#5060=CARTESIAN_POINT('',(2.2,-0.75,2.));
#5061=CARTESIAN_POINT('',(2.2,1.09,2.6));
#5062=CARTESIAN_POINT('Origin',(5.7,2.05,-10.1840059093879));
#5063=CARTESIAN_POINT('',(5.7,-2.25,3.1));
#5064=CARTESIAN_POINT('',(5.7,-2.25,-10.1840059093879));
#5065=CARTESIAN_POINT('',(5.7,2.05,3.1));
#5066=CARTESIAN_POINT('Origin',(15.,-2.25,3.1));
#5067=CARTESIAN_POINT('',(12.85,-2.25,2.3));
#5068=CARTESIAN_POINT('',(7.9,-2.25,2.3));
#5069=CARTESIAN_POINT('',(15.,-2.25,2.3));
#5070=CARTESIAN_POINT('',(7.9,-2.25,3.1));
#5071=CARTESIAN_POINT('',(7.9,-2.25,3.1));
#5072=CARTESIAN_POINT('',(15.,-2.25,3.1));
#5073=CARTESIAN_POINT('',(12.85,-2.25,3.1));
#5074=CARTESIAN_POINT('',(15.,-2.25,3.1));
#5075=CARTESIAN_POINT('',(12.85,-2.25,3.1));
#5076=CARTESIAN_POINT('Origin',(3.8,1.09,2.));
#5077=CARTESIAN_POINT('',(3.8,-0.749999999999999,2.6));
#5078=CARTESIAN_POINT('',(3.8,1.09,2.6));
#5079=CARTESIAN_POINT('',(3.8,-0.75,2.));
#5080=CARTESIAN_POINT('Origin',(15.,-2.25,3.1));
#5081=CARTESIAN_POINT('',(-7.9,-2.25,2.3));
#5082=CARTESIAN_POINT('',(-12.85,-2.25,2.3));
#5083=CARTESIAN_POINT('',(15.,-2.25,2.30000000000001));
#5084=CARTESIAN_POINT('',(-12.85,-2.25,3.1));
#5085=CARTESIAN_POINT('',(-12.85,-2.25,3.1));
#5086=CARTESIAN_POINT('',(15.,-2.25,3.1));
#5087=CARTESIAN_POINT('',(-5.7,-2.25,3.1));
#5088=CARTESIAN_POINT('',(-5.7,-2.25,-10.1840059093879));
#5089=CARTESIAN_POINT('',(-7.9,-2.25,3.1));
#5090=CARTESIAN_POINT('',(15.,-2.25,3.1));
#5091=CARTESIAN_POINT('',(-7.9,-2.25,3.1));
#5092=CARTESIAN_POINT('Origin',(-5.7,2.05,-10.1840059093879));
#5093=CARTESIAN_POINT('',(-5.7,2.05,3.1));
#5094=CARTESIAN_POINT('Origin',(-3.8,1.09,2.));
#5095=CARTESIAN_POINT('',(-3.8,1.09,2.6));
#5096=CARTESIAN_POINT('',(-3.8,1.09,2.6));
#5097=CARTESIAN_POINT('',(-3.8,1.09,2.));
#5098=CARTESIAN_POINT('Origin',(-2.2,1.09,2.));
#5099=CARTESIAN_POINT('',(-2.2,1.09,2.6));
#5100=CARTESIAN_POINT('',(-2.2,1.09,2.));
#5101=CARTESIAN_POINT('',(-2.2,1.09,2.6));
#5102=CARTESIAN_POINT('Origin',(-3.8,1.09,2.));
#5103=CARTESIAN_POINT('',(-3.8,1.09,2.6));
#5104=CARTESIAN_POINT('Origin',(3.8,-0.75,2.));
#5105=CARTESIAN_POINT('',(3.8,-0.749999999999999,2.6));
#5106=CARTESIAN_POINT('Origin',(-9.25,-6.85,0.250000000000007));
#5107=CARTESIAN_POINT('Origin',(2.75,-6.85,0.250000000000028));
#5108=CARTESIAN_POINT('Origin',(-1.25,-6.85,0.250000000000021));
#5109=CARTESIAN_POINT('Origin',(-13.25,-6.85,0.25));
#5110=CARTESIAN_POINT('Origin',(6.75,-6.85,0.250000000000035));
#5111=CARTESIAN_POINT('Origin',(8.75,-6.85,0.250000000000039));
#5112=CARTESIAN_POINT('Origin',(-11.25,-6.85,0.250000000000004));
#5113=CARTESIAN_POINT('Origin',(4.75,-6.85,0.250000000000032));
#5114=CARTESIAN_POINT('Origin',(-3.25,-6.85,0.250000000000018));
#5115=CARTESIAN_POINT('Origin',(-5.25,-6.85,0.250000000000014));
#5116=CARTESIAN_POINT('Origin',(14.5,-5.05,-1.7));
#5117=CARTESIAN_POINT('Origin',(10.75,-6.85,0.250000000000042));
#5118=CARTESIAN_POINT('Origin',(0.750000000000001,-6.85,0.250000000000025));
#5119=CARTESIAN_POINT('Origin',(-15.,3.85,3.1));
#5120=CARTESIAN_POINT('',(12.85,-3.85,3.1));
#5121=CARTESIAN_POINT('Origin',(15.,2.05,-0.35));
#5122=CARTESIAN_POINT('',(14.2,3.85,-0.35));
#5123=CARTESIAN_POINT('',(15.,3.85,-0.35));
#5124=CARTESIAN_POINT('',(14.2,2.05,-0.35));
#5125=CARTESIAN_POINT('Origin',(-15.,3.85,3.1));
#5126=CARTESIAN_POINT('',(13.,3.85,-1.4));
#5127=CARTESIAN_POINT('',(13.,3.85,-2.2));
#5128=CARTESIAN_POINT('',(14.2,3.85,-1.4));
#5129=CARTESIAN_POINT('',(-14.2,3.85,-1.4));
#5130=CARTESIAN_POINT('',(14.2,3.85,-1.4));
#5131=CARTESIAN_POINT('Origin',(13.,2.55,-2.2));
#5132=CARTESIAN_POINT('',(13.,2.55,-1.4));
#5133=CARTESIAN_POINT('',(13.,2.55,-2.2));
#5134=CARTESIAN_POINT('',(13.,2.55,-1.4));
#5135=CARTESIAN_POINT('Origin',(-15.,3.85,3.1));
#5136=CARTESIAN_POINT('',(-14.2,3.85,-1.4));
#5137=CARTESIAN_POINT('',(-13.,3.85,-1.4));
#5138=CARTESIAN_POINT('',(-14.2,3.85,-1.4));
#5139=CARTESIAN_POINT('',(-13.,3.85,-2.2));
#5140=CARTESIAN_POINT('',(-14.2,3.85,-0.35));
#5141=CARTESIAN_POINT('',(15.,3.85,-0.35));
#5142=CARTESIAN_POINT('',(-14.2,3.85,-1.4));
#5143=CARTESIAN_POINT('Origin',(-13.,2.55,-1.4));
#5144=CARTESIAN_POINT('',(-13.,2.55,-1.4));
#5145=CARTESIAN_POINT('',(-13.,2.55,-2.2));
#5146=CARTESIAN_POINT('',(-13.,2.55,-1.4));
#5147=CARTESIAN_POINT('Origin',(-13.,2.55,-2.2));
#5148=CARTESIAN_POINT('',(-13.,2.55,-1.4));
#5149=CARTESIAN_POINT('Origin',(15.,2.05,-0.35));
#5150=CARTESIAN_POINT('',(-14.2,2.05,-0.35));
#5151=CARTESIAN_POINT('Origin',(-15.,3.85,3.1));
#5152=CARTESIAN_POINT('',(-12.85,-3.85,3.1));
#5153=CARTESIAN_POINT('Origin',(3.8,1.09,2.6));
#5154=CARTESIAN_POINT('Origin',(7.9,-3.85,3.1));
#5155=CARTESIAN_POINT('',(7.9,-3.85,2.3));
#5156=CARTESIAN_POINT('',(7.9,-3.85,3.1));
#5157=CARTESIAN_POINT('Origin',(-7.9,-3.85,2.3));
#5158=CARTESIAN_POINT('',(-7.9,-3.85,2.3));
#5159=CARTESIAN_POINT('',(-12.85,-3.85,2.3));
#5160=CARTESIAN_POINT('Origin',(-12.85,-3.85,3.1));
#5161=CARTESIAN_POINT('Origin',(7.9,-3.85,2.3));
#5162=CARTESIAN_POINT('',(12.85,-3.85,2.3));
#5163=CARTESIAN_POINT('Origin',(12.85,-3.85,3.1));
#5164=CARTESIAN_POINT('Origin',(-15.,3.85,3.1));
#5165=CARTESIAN_POINT('',(-7.9,-3.85,3.1));
#5166=CARTESIAN_POINT('Origin',(14.2,30.4507042166211,1.3));
#5167=CARTESIAN_POINT('',(-14.2,-1.95,1.3));
#5168=CARTESIAN_POINT('',(-14.2,30.4507042166211,1.30000000000001));
#5169=CARTESIAN_POINT('',(14.2,-1.95,1.3));
#5170=CARTESIAN_POINT('',(14.2,30.4507042166211,1.3));
#5171=CARTESIAN_POINT('',(14.2,-1.95,1.3));
#5172=CARTESIAN_POINT('Origin',(-15.,3.85,3.1));
#5173=CARTESIAN_POINT('Origin',(14.2,3.85,-1.4));
#5174=CARTESIAN_POINT('',(14.2,-1.95,-1.4));
#5175=CARTESIAN_POINT('',(14.2,3.85,-1.4));
#5176=CARTESIAN_POINT('',(14.2,-1.95,-1.4));
#5177=CARTESIAN_POINT('Origin',(-7.9,-3.85,3.1));
#5178=CARTESIAN_POINT('Origin',(-14.2,3.85,-1.4));
#5179=CARTESIAN_POINT('',(-14.2,-1.95,-1.4));
#5180=CARTESIAN_POINT('',(-14.2,-1.95,-1.4));
#5181=CARTESIAN_POINT('',(-14.2,3.85,-1.4));
#5182=CARTESIAN_POINT('Origin',(-3.8,1.09,2.6));
#5183=CARTESIAN_POINT('Origin',(-14.2,3.85,-1.4));
#5184=CARTESIAN_POINT('',(-14.2,-1.95,-1.4));
#5185=CARTESIAN_POINT('Origin',(-14.2,-1.95,-1.4));
#5186=CARTESIAN_POINT('',(-11.25,-1.95,-0.249999999999995));
#5187=CARTESIAN_POINT('',(-11.25,-1.95,0.250000000000005));
#5188=CARTESIAN_POINT('',(-11.25,-1.95,-1.4));
#5189=CARTESIAN_POINT('',(-10.75,-1.95,-0.249999999999995));
#5190=CARTESIAN_POINT('',(-14.2,-1.95,-0.249999999999995));
#5191=CARTESIAN_POINT('',(-10.75,-1.95,0.250000000000005));
#5192=CARTESIAN_POINT('',(-10.75,-1.95,-1.4));
#5193=CARTESIAN_POINT('',(-14.2,-1.95,0.250000000000005));
#5194=CARTESIAN_POINT('',(-7.25,-1.95,-0.249999999999988));
#5195=CARTESIAN_POINT('',(-7.25,-1.95,0.250000000000012));
#5196=CARTESIAN_POINT('',(-7.25,-1.95,-1.4));
#5197=CARTESIAN_POINT('',(-6.75,-1.95,-0.249999999999988));
#5198=CARTESIAN_POINT('',(-14.2,-1.95,-0.249999999999987));
#5199=CARTESIAN_POINT('',(-6.75,-1.95,0.250000000000012));
#5200=CARTESIAN_POINT('',(-6.75,-1.95,-1.4));
#5201=CARTESIAN_POINT('',(-14.2,-1.95,0.250000000000012));
#5202=CARTESIAN_POINT('',(-3.25,-1.95,-0.249999999999981));
#5203=CARTESIAN_POINT('',(-3.25,-1.95,0.250000000000019));
#5204=CARTESIAN_POINT('',(-3.25,-1.95,-1.4));
#5205=CARTESIAN_POINT('',(-2.75,-1.95,-0.249999999999981));
#5206=CARTESIAN_POINT('',(-14.2,-1.95,-0.249999999999979));
#5207=CARTESIAN_POINT('',(-2.75,-1.95,0.250000000000019));
#5208=CARTESIAN_POINT('',(-2.75,-1.95,-1.4));
#5209=CARTESIAN_POINT('',(-14.2,-1.95,0.25000000000002));
#5210=CARTESIAN_POINT('',(0.750000000000001,-1.95,-0.249999999999974));
#5211=CARTESIAN_POINT('',(0.750000000000001,-1.95,0.250000000000025));
#5212=CARTESIAN_POINT('',(0.750000000000001,-1.95,-1.4));
#5213=CARTESIAN_POINT('',(1.25,-1.95,-0.249999999999975));
#5214=CARTESIAN_POINT('',(-14.2,-1.95,-0.249999999999971));
#5215=CARTESIAN_POINT('',(1.25,-1.95,0.250000000000026));
#5216=CARTESIAN_POINT('',(1.25,-1.95,-1.4));
#5217=CARTESIAN_POINT('',(-14.2,-1.95,0.250000000000027));
#5218=CARTESIAN_POINT('',(4.75,-1.95,-0.249999999999968));
#5219=CARTESIAN_POINT('',(4.75,-1.95,0.250000000000032));
#5220=CARTESIAN_POINT('',(4.75,-1.95,-1.4));
#5221=CARTESIAN_POINT('',(5.25,-1.95,-0.249999999999968));
#5222=CARTESIAN_POINT('',(-14.2,-1.95,-0.249999999999963));
#5223=CARTESIAN_POINT('',(5.25,-1.95,0.250000000000033));
#5224=CARTESIAN_POINT('',(5.25,-1.95,-1.4));
#5225=CARTESIAN_POINT('',(-14.2,-1.95,0.250000000000035));
#5226=CARTESIAN_POINT('',(8.75,-1.95,-0.249999999999961));
#5227=CARTESIAN_POINT('',(8.75,-1.95,0.250000000000039));
#5228=CARTESIAN_POINT('',(8.75,-1.95,-1.4));
#5229=CARTESIAN_POINT('',(9.25,-1.95,-0.249999999999961));
#5230=CARTESIAN_POINT('',(-14.2,-1.95,-0.249999999999956));
#5231=CARTESIAN_POINT('',(9.25,-1.95,0.25000000000004));
#5232=CARTESIAN_POINT('',(9.25,-1.95,-1.4));
#5233=CARTESIAN_POINT('',(-14.2,-1.95,0.250000000000042));
#5234=CARTESIAN_POINT('',(12.75,-1.95,-0.249999999999954));
#5235=CARTESIAN_POINT('',(12.75,-1.95,0.250000000000046));
#5236=CARTESIAN_POINT('',(12.75,-1.95,-1.4));
#5237=CARTESIAN_POINT('',(13.25,-1.95,-0.249999999999954));
#5238=CARTESIAN_POINT('',(-14.2,-1.95,-0.249999999999948));
#5239=CARTESIAN_POINT('',(13.25,-1.95,0.250000000000047));
#5240=CARTESIAN_POINT('',(13.25,-1.95,-1.4));
#5241=CARTESIAN_POINT('',(-14.2,-1.95,0.250000000000049));
#5242=CARTESIAN_POINT('',(10.75,-1.95,-0.249999999999957));
#5243=CARTESIAN_POINT('',(10.75,-1.95,0.250000000000043));
#5244=CARTESIAN_POINT('',(10.75,-1.95,-1.4));
#5245=CARTESIAN_POINT('',(11.25,-1.95,-0.249999999999957));
#5246=CARTESIAN_POINT('',(-14.2,-1.95,-0.249999999999952));
#5247=CARTESIAN_POINT('',(11.25,-1.95,0.250000000000043));
#5248=CARTESIAN_POINT('',(11.25,-1.95,-1.4));
#5249=CARTESIAN_POINT('',(-14.2,-1.95,0.250000000000046));
#5250=CARTESIAN_POINT('',(6.75,-1.95,-0.249999999999964));
#5251=CARTESIAN_POINT('',(6.75000000000001,-1.95,0.250000000000036));
#5252=CARTESIAN_POINT('',(6.75,-1.95,-1.4));
#5253=CARTESIAN_POINT('',(7.25,-1.95,-0.249999999999964));
#5254=CARTESIAN_POINT('',(-14.2,-1.95,-0.249999999999959));
#5255=CARTESIAN_POINT('',(7.25,-1.95,0.250000000000036));
#5256=CARTESIAN_POINT('',(7.25,-1.95,-1.4));
#5257=CARTESIAN_POINT('',(-14.2,-1.95,0.250000000000038));
#5258=CARTESIAN_POINT('',(2.75,-1.95,-0.249999999999971));
#5259=CARTESIAN_POINT('',(2.75,-1.95,0.250000000000029));
#5260=CARTESIAN_POINT('',(2.75,-1.95,-1.4));
#5261=CARTESIAN_POINT('',(3.25,-1.95,-0.249999999999971));
#5262=CARTESIAN_POINT('',(-14.2,-1.95,-0.249999999999967));
#5263=CARTESIAN_POINT('',(3.25,-1.95,0.25000000000003));
#5264=CARTESIAN_POINT('',(3.25,-1.95,-1.4));
#5265=CARTESIAN_POINT('',(-14.2,-1.95,0.250000000000031));
#5266=CARTESIAN_POINT('',(-1.25,-1.95,-0.249999999999978));
#5267=CARTESIAN_POINT('',(-1.25,-1.95,0.250000000000022));
#5268=CARTESIAN_POINT('',(-1.25,-1.95,-1.4));
#5269=CARTESIAN_POINT('',(-0.749999999999999,-1.95,-0.249999999999978));
#5270=CARTESIAN_POINT('',(-14.2,-1.95,-0.249999999999975));
#5271=CARTESIAN_POINT('',(-0.749999999999999,-1.95,0.250000000000023));
#5272=CARTESIAN_POINT('',(-0.749999999999999,-1.95,-1.4));
#5273=CARTESIAN_POINT('',(-14.2,-1.95,0.250000000000023));
#5274=CARTESIAN_POINT('',(-5.25,-1.95,-0.249999999999985));
#5275=CARTESIAN_POINT('',(-5.25,-1.95,0.250000000000015));
#5276=CARTESIAN_POINT('',(-5.25,-1.95,-1.4));
#5277=CARTESIAN_POINT('',(-4.75,-1.95,-0.249999999999985));
#5278=CARTESIAN_POINT('',(-14.2,-1.95,-0.249999999999983));
#5279=CARTESIAN_POINT('',(-4.75,-1.95,0.250000000000016));
#5280=CARTESIAN_POINT('',(-4.75,-1.95,-1.4));
#5281=CARTESIAN_POINT('',(-14.2,-1.95,0.250000000000016));
#5282=CARTESIAN_POINT('',(-9.25,-1.95,-0.249999999999992));
#5283=CARTESIAN_POINT('',(-9.25,-1.95,0.250000000000008));
#5284=CARTESIAN_POINT('',(-9.25,-1.95,-1.4));
#5285=CARTESIAN_POINT('',(-8.75,-1.95,-0.249999999999992));
#5286=CARTESIAN_POINT('',(-14.2,-1.95,-0.249999999999991));
#5287=CARTESIAN_POINT('',(-8.75,-1.95,0.250000000000009));
#5288=CARTESIAN_POINT('',(-8.75,-1.95,-1.4));
#5289=CARTESIAN_POINT('',(-14.2,-1.95,0.250000000000009));
#5290=CARTESIAN_POINT('',(-13.25,-1.95,-0.249999999999999));
#5291=CARTESIAN_POINT('',(-13.25,-1.95,0.250000000000001));
#5292=CARTESIAN_POINT('',(-13.25,-1.95,-1.4));
#5293=CARTESIAN_POINT('',(-12.75,-1.95,-0.249999999999999));
#5294=CARTESIAN_POINT('',(-14.2,-1.95,-0.249999999999999));
#5295=CARTESIAN_POINT('',(-12.75,-1.95,0.250000000000002));
#5296=CARTESIAN_POINT('',(-12.75,-1.95,-1.4));
#5297=CARTESIAN_POINT('',(-14.2,-1.95,0.250000000000001));
#5298=CARTESIAN_POINT('Origin',(-5.25,1.25,0.250000000000016));
#5299=CARTESIAN_POINT('',(-5.25,1.25,0.250000000000016));
#5300=CARTESIAN_POINT('',(-5.25,1.25,0.250000000000016));
#5301=CARTESIAN_POINT('',(-4.75,1.25,0.250000000000016));
#5302=CARTESIAN_POINT('',(-4.75,1.25,0.250000000000016));
#5303=CARTESIAN_POINT('',(-5.25,1.25,0.250000000000016));
#5304=CARTESIAN_POINT('Origin',(-5.25,1.25,-0.249999999999984));
#5305=CARTESIAN_POINT('',(-4.75,1.25,-0.249999999999985));
#5306=CARTESIAN_POINT('',(-4.75,1.25,-0.249999999999985));
#5307=CARTESIAN_POINT('',(-5.25,1.25,-0.249999999999984));
#5308=CARTESIAN_POINT('',(-5.25,1.25,-0.249999999999984));
#5309=CARTESIAN_POINT('',(-5.25,1.25,-0.249999999999984));
#5310=CARTESIAN_POINT('Origin',(2.75,1.25,-0.249999999999971));
#5311=CARTESIAN_POINT('',(3.25,1.25,-0.249999999999971));
#5312=CARTESIAN_POINT('',(3.25,1.25,-0.249999999999971));
#5313=CARTESIAN_POINT('',(2.75,1.25,-0.249999999999971));
#5314=CARTESIAN_POINT('',(2.75,1.25,-0.249999999999971));
#5315=CARTESIAN_POINT('',(2.75,1.25,-0.249999999999971));
#5316=CARTESIAN_POINT('Origin',(-11.25,1.25,-0.249999999999995));
#5317=CARTESIAN_POINT('',(-10.75,1.25,-0.249999999999995));
#5318=CARTESIAN_POINT('',(-10.75,1.25,-0.249999999999995));
#5319=CARTESIAN_POINT('',(-11.25,1.25,-0.249999999999995));
#5320=CARTESIAN_POINT('',(-11.25,1.25,-0.249999999999995));
#5321=CARTESIAN_POINT('',(-11.25,1.25,-0.249999999999995));
#5322=CARTESIAN_POINT('Origin',(6.75,1.25,0.250000000000036));
#5323=CARTESIAN_POINT('',(6.75,1.25,-0.249999999999964));
#5324=CARTESIAN_POINT('',(6.75,1.25,-0.249999999999964));
#5325=CARTESIAN_POINT('',(6.75,1.25,0.250000000000036));
#5326=CARTESIAN_POINT('',(6.75,1.25,0.250000000000036));
#5327=CARTESIAN_POINT('',(6.75,1.25,0.250000000000036));
#5328=CARTESIAN_POINT('Origin',(12.75,1.25,0.250000000000047));
#5329=CARTESIAN_POINT('',(12.75,1.25,-0.249999999999953));
#5330=CARTESIAN_POINT('',(12.75,1.25,-0.249999999999953));
#5331=CARTESIAN_POINT('',(12.75,1.25,0.250000000000047));
#5332=CARTESIAN_POINT('',(12.75,1.25,0.250000000000047));
#5333=CARTESIAN_POINT('',(12.75,1.25,0.250000000000047));
#5334=CARTESIAN_POINT('Origin',(-7.25,1.25,-0.249999999999988));
#5335=CARTESIAN_POINT('',(-6.75,1.25,-0.249999999999988));
#5336=CARTESIAN_POINT('',(-6.75,1.25,-0.249999999999988));
#5337=CARTESIAN_POINT('',(-7.25,1.25,-0.249999999999988));
#5338=CARTESIAN_POINT('',(-7.25,1.25,-0.249999999999988));
#5339=CARTESIAN_POINT('',(-7.25,1.25,-0.249999999999988));
#5340=CARTESIAN_POINT('Origin',(2.75,1.25,0.25000000000003));
#5341=CARTESIAN_POINT('',(2.75,1.25,0.25000000000003));
#5342=CARTESIAN_POINT('',(2.75,1.25,0.25000000000003));
#5343=CARTESIAN_POINT('',(2.75,1.25,0.25000000000003));
#5344=CARTESIAN_POINT('Origin',(11.25,1.25,0.250000000000043));
#5345=CARTESIAN_POINT('',(11.25,1.25,0.250000000000043));
#5346=CARTESIAN_POINT('',(11.25,1.25,0.250000000000043));
#5347=CARTESIAN_POINT('',(11.25,1.25,-0.249999999999957));
#5348=CARTESIAN_POINT('',(11.25,1.25,-0.249999999999957));
#5349=CARTESIAN_POINT('',(11.25,1.25,0.250000000000043));
#5350=CARTESIAN_POINT('Origin',(-3.25,1.25,0.250000000000019));
#5351=CARTESIAN_POINT('',(-3.25,1.25,-0.249999999999981));
#5352=CARTESIAN_POINT('',(-3.25,1.25,-0.249999999999981));
#5353=CARTESIAN_POINT('',(-3.25,1.25,0.250000000000019));
#5354=CARTESIAN_POINT('',(-3.25,1.25,0.250000000000019));
#5355=CARTESIAN_POINT('',(-3.25,1.25,0.250000000000019));
#5356=CARTESIAN_POINT('Origin',(10.75,1.25,0.250000000000043));
#5357=CARTESIAN_POINT('',(10.75,1.25,0.250000000000043));
#5358=CARTESIAN_POINT('',(10.75,1.25,0.250000000000043));
#5359=CARTESIAN_POINT('',(10.75,1.25,0.250000000000043));
#5360=CARTESIAN_POINT('Origin',(1.25,1.25,0.250000000000026));
#5361=CARTESIAN_POINT('',(1.25,1.25,0.250000000000026));
#5362=CARTESIAN_POINT('',(1.25,1.25,0.250000000000026));
#5363=CARTESIAN_POINT('',(1.25,1.25,-0.249999999999974));
#5364=CARTESIAN_POINT('',(1.25,1.25,-0.249999999999974));
#5365=CARTESIAN_POINT('',(1.25,1.25,0.250000000000026));
#5366=CARTESIAN_POINT('Origin',(-7.25,1.25,0.250000000000012));
#5367=CARTESIAN_POINT('',(-7.25,1.25,0.250000000000012));
#5368=CARTESIAN_POINT('',(-7.25,1.25,0.250000000000012));
#5369=CARTESIAN_POINT('',(-7.25,1.25,0.250000000000012));
#5370=CARTESIAN_POINT('Origin',(13.25,1.25,0.250000000000047));
#5371=CARTESIAN_POINT('',(13.25,1.25,0.250000000000047));
#5372=CARTESIAN_POINT('',(13.25,1.25,0.250000000000047));
#5373=CARTESIAN_POINT('',(13.25,1.25,-0.249999999999953));
#5374=CARTESIAN_POINT('',(13.25,1.25,-0.249999999999953));
#5375=CARTESIAN_POINT('',(13.25,1.25,0.250000000000047));
#5376=CARTESIAN_POINT('Origin',(0.750000000000001,1.25,0.250000000000026));
#5377=CARTESIAN_POINT('',(0.750000000000001,1.25,0.250000000000026));
#5378=CARTESIAN_POINT('',(0.750000000000001,1.25,0.250000000000026));
#5379=CARTESIAN_POINT('',(0.750000000000001,1.25,0.250000000000026));
#5380=CARTESIAN_POINT('Origin',(3.25,1.25,0.250000000000029));
#5381=CARTESIAN_POINT('',(3.25,1.25,0.250000000000029));
#5382=CARTESIAN_POINT('',(3.25,1.25,0.250000000000029));
#5383=CARTESIAN_POINT('',(3.25,1.25,0.250000000000029));
#5384=CARTESIAN_POINT('Origin',(7.25,1.25,0.250000000000036));
#5385=CARTESIAN_POINT('',(7.25,1.25,0.250000000000036));
#5386=CARTESIAN_POINT('',(7.25,1.25,0.250000000000036));
#5387=CARTESIAN_POINT('',(7.25,1.25,-0.249999999999964));
#5388=CARTESIAN_POINT('',(7.25,1.25,-0.249999999999964));
#5389=CARTESIAN_POINT('',(7.25,1.25,0.250000000000036));
#5390=CARTESIAN_POINT('Origin',(8.75,1.25,0.25000000000004));
#5391=CARTESIAN_POINT('',(8.75,1.25,-0.24999999999996));
#5392=CARTESIAN_POINT('',(8.75,1.25,-0.24999999999996));
#5393=CARTESIAN_POINT('',(8.75,1.25,0.25000000000004));
#5394=CARTESIAN_POINT('',(8.75,1.25,0.25000000000004));
#5395=CARTESIAN_POINT('',(8.75,1.25,0.25000000000004));
#5396=CARTESIAN_POINT('Origin',(-13.25,1.25,0.250000000000002));
#5397=CARTESIAN_POINT('',(-13.25,1.25,-0.249999999999998));
#5398=CARTESIAN_POINT('',(-13.25,1.25,-0.249999999999998));
#5399=CARTESIAN_POINT('',(-13.25,1.25,0.250000000000002));
#5400=CARTESIAN_POINT('',(-13.25,1.25,0.250000000000002));
#5401=CARTESIAN_POINT('',(-13.25,1.25,0.250000000000002));
#5402=CARTESIAN_POINT('Origin',(-8.75,1.25,0.250000000000009));
#5403=CARTESIAN_POINT('',(-8.75,1.25,0.250000000000009));
#5404=CARTESIAN_POINT('',(-8.75,1.25,0.250000000000009));
#5405=CARTESIAN_POINT('',(-8.75,1.25,-0.249999999999991));
#5406=CARTESIAN_POINT('',(-8.75,1.25,-0.249999999999991));
#5407=CARTESIAN_POINT('',(-8.75,1.25,0.250000000000009));
#5408=CARTESIAN_POINT('Origin',(12.75,1.25,0.250000000000047));
#5409=CARTESIAN_POINT('',(12.75,1.25,0.250000000000047));
#5410=CARTESIAN_POINT('Origin',(-2.75,1.25,0.250000000000019));
#5411=CARTESIAN_POINT('',(-2.75,1.25,0.250000000000019));
#5412=CARTESIAN_POINT('',(-2.75,1.25,0.250000000000019));
#5413=CARTESIAN_POINT('',(-2.75,1.25,-0.249999999999981));
#5414=CARTESIAN_POINT('',(-2.75,1.25,-0.249999999999981));
#5415=CARTESIAN_POINT('',(-2.75,1.25,0.250000000000019));
#5416=CARTESIAN_POINT('Origin',(-6.75,1.25,0.250000000000012));
#5417=CARTESIAN_POINT('',(-6.75,1.25,0.250000000000012));
#5418=CARTESIAN_POINT('',(-6.75,1.25,0.250000000000012));
#5419=CARTESIAN_POINT('',(-6.75,1.25,0.250000000000012));
#5420=CARTESIAN_POINT('Origin',(-9.25,1.25,0.250000000000009));
#5421=CARTESIAN_POINT('',(-9.25,1.25,0.250000000000009));
#5422=CARTESIAN_POINT('',(-9.25,1.25,0.250000000000009));
#5423=CARTESIAN_POINT('',(-9.25,1.25,0.250000000000009));
#5424=CARTESIAN_POINT('Origin',(2.75,1.25,0.25000000000003));
#5425=CARTESIAN_POINT('',(2.75,1.25,0.25000000000003));
#5426=CARTESIAN_POINT('Origin',(6.75,1.25,0.250000000000036));
#5427=CARTESIAN_POINT('',(6.75,1.25,0.250000000000036));
#5428=CARTESIAN_POINT('Origin',(10.75,1.25,-0.249999999999957));
#5429=CARTESIAN_POINT('',(10.75,1.25,-0.249999999999957));
#5430=CARTESIAN_POINT('',(10.75,1.25,-0.249999999999957));
#5431=CARTESIAN_POINT('',(10.75,1.25,-0.249999999999957));
#5432=CARTESIAN_POINT('Origin',(-1.25,1.25,0.250000000000023));
#5433=CARTESIAN_POINT('',(-1.25,1.25,-0.249999999999977));
#5434=CARTESIAN_POINT('',(-1.25,1.25,-0.249999999999977));
#5435=CARTESIAN_POINT('',(-1.25,1.25,0.250000000000023));
#5436=CARTESIAN_POINT('',(-1.25,1.25,0.250000000000023));
#5437=CARTESIAN_POINT('',(-1.25,1.25,0.250000000000023));
#5438=CARTESIAN_POINT('Origin',(9.25,1.25,0.25000000000004));
#5439=CARTESIAN_POINT('',(9.25,1.25,0.25000000000004));
#5440=CARTESIAN_POINT('',(9.25,1.25,0.25000000000004));
#5441=CARTESIAN_POINT('',(9.25,1.25,-0.24999999999996));
#5442=CARTESIAN_POINT('',(9.25,1.25,-0.24999999999996));
#5443=CARTESIAN_POINT('',(9.25,1.25,0.25000000000004));
#5444=CARTESIAN_POINT('Origin',(4.75,1.25,0.250000000000033));
#5445=CARTESIAN_POINT('',(4.75,1.25,-0.249999999999967));
#5446=CARTESIAN_POINT('',(4.75,1.25,-0.249999999999967));
#5447=CARTESIAN_POINT('',(4.75,1.25,0.250000000000033));
#5448=CARTESIAN_POINT('',(4.75,1.25,0.250000000000033));
#5449=CARTESIAN_POINT('',(4.75,1.25,0.250000000000033));
#5450=CARTESIAN_POINT('Origin',(0.750000000000001,1.25,-0.249999999999974));
#5451=CARTESIAN_POINT('',(0.750000000000001,1.25,-0.249999999999974));
#5452=CARTESIAN_POINT('',(0.750000000000001,1.25,-0.249999999999974));
#5453=CARTESIAN_POINT('',(0.750000000000001,1.25,-0.249999999999974));
#5454=CARTESIAN_POINT('Origin',(-3.25,1.25,0.250000000000019));
#5455=CARTESIAN_POINT('',(-3.25,1.25,0.250000000000019));
#5456=CARTESIAN_POINT('Origin',(-7.25,1.25,0.250000000000012));
#5457=CARTESIAN_POINT('',(-7.25,1.25,0.250000000000012));
#5458=CARTESIAN_POINT('Origin',(-12.75,1.25,0.250000000000002));
#5459=CARTESIAN_POINT('',(-12.75,1.25,0.250000000000002));
#5460=CARTESIAN_POINT('',(-12.75,1.25,0.250000000000002));
#5461=CARTESIAN_POINT('',(-12.75,1.25,-0.249999999999998));
#5462=CARTESIAN_POINT('',(-12.75,1.25,-0.249999999999998));
#5463=CARTESIAN_POINT('',(-12.75,1.25,0.250000000000002));
#5464=CARTESIAN_POINT('Origin',(6.75,1.25,-0.249999999999964));
#5465=CARTESIAN_POINT('',(6.75,1.25,-0.249999999999964));
#5466=CARTESIAN_POINT('Origin',(-11.25,1.25,0.250000000000005));
#5467=CARTESIAN_POINT('',(-11.25,1.25,0.250000000000005));
#5468=CARTESIAN_POINT('',(-11.25,1.25,0.250000000000005));
#5469=CARTESIAN_POINT('',(-11.25,1.25,0.250000000000005));
#5470=CARTESIAN_POINT('Origin',(10.75,1.25,0.250000000000043));
#5471=CARTESIAN_POINT('',(10.75,1.25,0.250000000000043));
#5472=CARTESIAN_POINT('Origin',(-3.25,1.25,-0.249999999999981));
#5473=CARTESIAN_POINT('',(-3.25,1.25,-0.249999999999981));
#5474=CARTESIAN_POINT('Origin',(-13.25,1.25,0.250000000000002));
#5475=CARTESIAN_POINT('',(-13.25,1.25,0.250000000000002));
#5476=CARTESIAN_POINT('Origin',(-9.25,1.25,-0.249999999999991));
#5477=CARTESIAN_POINT('',(-9.25,1.25,-0.249999999999991));
#5478=CARTESIAN_POINT('',(-9.25,1.25,-0.249999999999991));
#5479=CARTESIAN_POINT('',(-9.25,1.25,-0.249999999999991));
#5480=CARTESIAN_POINT('Origin',(-5.25,1.25,0.250000000000016));
#5481=CARTESIAN_POINT('',(-5.25,1.25,0.250000000000016));
#5482=CARTESIAN_POINT('Origin',(-0.749999999999999,1.25,0.250000000000022));
#5483=CARTESIAN_POINT('',(-0.749999999999999,1.25,0.250000000000022));
#5484=CARTESIAN_POINT('',(-0.749999999999999,1.25,0.250000000000022));
#5485=CARTESIAN_POINT('',(-0.749999999999999,1.25,-0.249999999999978));
#5486=CARTESIAN_POINT('',(-0.749999999999999,1.25,-0.249999999999978));
#5487=CARTESIAN_POINT('',(-0.749999999999999,1.25,0.250000000000022));
#5488=CARTESIAN_POINT('Origin',(8.75,1.25,0.25000000000004));
#5489=CARTESIAN_POINT('',(8.75,1.25,0.25000000000004));
#5490=CARTESIAN_POINT('Origin',(0.750000000000001,1.25,0.250000000000026));
#5491=CARTESIAN_POINT('',(0.750000000000001,1.25,0.250000000000026));
#5492=CARTESIAN_POINT('Origin',(5.25,1.25,0.250000000000033));
#5493=CARTESIAN_POINT('',(5.25,1.25,0.250000000000033));
#5494=CARTESIAN_POINT('',(5.25,1.25,0.250000000000033));
#5495=CARTESIAN_POINT('',(5.25,1.25,-0.249999999999967));
#5496=CARTESIAN_POINT('',(5.25,1.25,-0.249999999999967));
#5497=CARTESIAN_POINT('',(5.25,1.25,0.250000000000033));
#5498=CARTESIAN_POINT('Origin',(-10.75,1.25,0.250000000000005));
#5499=CARTESIAN_POINT('',(-10.75,1.25,0.250000000000005));
#5500=CARTESIAN_POINT('',(-10.75,1.25,0.250000000000005));
#5501=CARTESIAN_POINT('',(-10.75,1.25,0.250000000000005));
#5502=CARTESIAN_POINT('Origin',(-13.25,1.25,-0.249999999999998));
#5503=CARTESIAN_POINT('',(-13.25,1.25,-0.249999999999998));
#5504=CARTESIAN_POINT('Origin',(8.75,1.25,-0.24999999999996));
#5505=CARTESIAN_POINT('',(8.75,1.25,-0.24999999999996));
#5506=CARTESIAN_POINT('Origin',(-9.25,1.25,0.250000000000009));
#5507=CARTESIAN_POINT('',(-9.25,1.25,0.250000000000009));
#5508=CARTESIAN_POINT('Origin',(-1.25,1.25,0.250000000000023));
#5509=CARTESIAN_POINT('',(-1.25,1.25,0.250000000000023));
#5510=CARTESIAN_POINT('Origin',(12.75,1.25,-0.249999999999953));
#5511=CARTESIAN_POINT('',(12.75,1.25,-0.249999999999953));
#5512=CARTESIAN_POINT('Origin',(4.75,1.25,0.250000000000033));
#5513=CARTESIAN_POINT('',(4.75,1.25,0.250000000000033));
#5514=CARTESIAN_POINT('Origin',(4.75,1.25,-0.249999999999967));
#5515=CARTESIAN_POINT('',(4.75,1.25,-0.249999999999967));
#5516=CARTESIAN_POINT('Origin',(-4.75,1.25,0.250000000000016));
#5517=CARTESIAN_POINT('',(-4.75,1.25,0.250000000000016));
#5518=CARTESIAN_POINT('Origin',(-11.25,1.25,0.250000000000005));
#5519=CARTESIAN_POINT('',(-11.25,1.25,0.250000000000005));
#5520=CARTESIAN_POINT('Origin',(-1.25,1.25,-0.249999999999977));
#5521=CARTESIAN_POINT('',(-1.25,1.25,-0.249999999999977));
#5522=CARTESIAN_POINT('Origin',(-5.25,1.25,0.250000000000016));
#5523=CARTESIAN_POINT('Origin',(2.75,1.25,0.25000000000003));
#5524=CARTESIAN_POINT('Origin',(-11.25,1.25,0.250000000000005));
#5525=CARTESIAN_POINT('Origin',(6.75,1.25,0.250000000000036));
#5526=CARTESIAN_POINT('Origin',(12.75,1.25,0.250000000000047));
#5527=CARTESIAN_POINT('Origin',(-7.25,1.25,0.250000000000012));
#5528=CARTESIAN_POINT('Origin',(10.75,1.25,0.250000000000043));
#5529=CARTESIAN_POINT('Origin',(-3.25,1.25,0.250000000000019));
#5530=CARTESIAN_POINT('Origin',(0.750000000000001,1.25,0.250000000000026));
#5531=CARTESIAN_POINT('Origin',(8.75,1.25,0.25000000000004));
#5532=CARTESIAN_POINT('Origin',(-13.25,1.25,0.250000000000002));
#5533=CARTESIAN_POINT('Origin',(-9.25,1.25,0.250000000000009));
#5534=CARTESIAN_POINT('Origin',(-1.25,1.25,0.250000000000023));
#5535=CARTESIAN_POINT('Origin',(4.75,1.25,0.250000000000033));
#5536=UNCERTAINTY_MEASURE_WITH_UNIT(LENGTH_MEASURE(0.01),#5540,
'DISTANCE_ACCURACY_VALUE',
'Maximum model space distance between geometric entities at asserted c
onnectivities');
#5537=UNCERTAINTY_MEASURE_WITH_UNIT(LENGTH_MEASURE(0.01),#5540,
'DISTANCE_ACCURACY_VALUE',
'Maximum model space distance between geometric entities at asserted c
onnectivities');
#5538=(
GEOMETRIC_REPRESENTATION_CONTEXT(3)
GLOBAL_UNCERTAINTY_ASSIGNED_CONTEXT((#5536))
GLOBAL_UNIT_ASSIGNED_CONTEXT((#5540,#5542,#5543))
REPRESENTATION_CONTEXT('','3D')
);
#5539=(
GEOMETRIC_REPRESENTATION_CONTEXT(3)
GLOBAL_UNCERTAINTY_ASSIGNED_CONTEXT((#5537))
GLOBAL_UNIT_ASSIGNED_CONTEXT((#5540,#5542,#5543))
REPRESENTATION_CONTEXT('','3D')
);
#5540=(
LENGTH_UNIT()
NAMED_UNIT(*)
SI_UNIT(.MILLI.,.METRE.)
);
#5541=(
LENGTH_UNIT()
NAMED_UNIT(*)
SI_UNIT(.CENTI.,.METRE.)
);
#5542=(
NAMED_UNIT(*)
PLANE_ANGLE_UNIT()
SI_UNIT($,.RADIAN.)
);
#5543=(
NAMED_UNIT(*)
SI_UNIT($,.STERADIAN.)
SOLID_ANGLE_UNIT()
);
#5544=SHAPE_DEFINITION_REPRESENTATION(#5545,#5546);
#5545=PRODUCT_DEFINITION_SHAPE('',$,#5548);
#5546=SHAPE_REPRESENTATION('',(#3584),#5538);
#5547=PRODUCT_DEFINITION_CONTEXT('part definition',#5552,'design');
#5548=PRODUCT_DEFINITION('B14B-PASK-1','B14B-PASK-1',#5549,#5547);
#5549=PRODUCT_DEFINITION_FORMATION('ANY',$,#5554);
#5550=PRODUCT_RELATED_PRODUCT_CATEGORY('B14B-PASK-1','B14B-PASK-1',(#5554));
#5551=APPLICATION_PROTOCOL_DEFINITION('international standard',
'automotive_design',2009,#5552);
#5552=APPLICATION_CONTEXT(
'Core Data for Automotive Mechanical Design Process');
#5553=PRODUCT_CONTEXT('part definition',#5552,'mechanical');
#5554=PRODUCT('B14B-PASK-1','B14B-PASK-1','STEP AP214',(#5553));
#5555=PRESENTATION_STYLE_ASSIGNMENT((#5559));
#5556=PRESENTATION_STYLE_ASSIGNMENT((#5560));
#5557=PRESENTATION_STYLE_ASSIGNMENT((#5561));
#5558=PRESENTATION_STYLE_ASSIGNMENT((#5562));
#5559=SURFACE_STYLE_USAGE(.BOTH.,#5571);
#5560=SURFACE_STYLE_USAGE(.BOTH.,#5572);
#5561=SURFACE_STYLE_USAGE(.BOTH.,#5573);
#5562=SURFACE_STYLE_USAGE(.BOTH.,#5574);
#5563=SURFACE_STYLE_RENDERING_WITH_PROPERTIES($,#5587,(#5567));
#5564=SURFACE_STYLE_RENDERING_WITH_PROPERTIES($,#5588,(#5568));
#5565=SURFACE_STYLE_RENDERING_WITH_PROPERTIES($,#5589,(#5569));
#5566=SURFACE_STYLE_RENDERING_WITH_PROPERTIES($,#5590,(#5570));
#5567=SURFACE_STYLE_TRANSPARENT(0.);
#5568=SURFACE_STYLE_TRANSPARENT(0.);
#5569=SURFACE_STYLE_TRANSPARENT(0.);
#5570=SURFACE_STYLE_TRANSPARENT(0.);
#5571=SURFACE_SIDE_STYLE('',(#5575,#5563));
#5572=SURFACE_SIDE_STYLE('',(#5576,#5564));
#5573=SURFACE_SIDE_STYLE('',(#5577,#5565));
#5574=SURFACE_SIDE_STYLE('',(#5578,#5566));
#5575=SURFACE_STYLE_FILL_AREA(#5579);
#5576=SURFACE_STYLE_FILL_AREA(#5580);
#5577=SURFACE_STYLE_FILL_AREA(#5581);
#5578=SURFACE_STYLE_FILL_AREA(#5582);
#5579=FILL_AREA_STYLE('',(#5583));
#5580=FILL_AREA_STYLE('',(#5584));
#5581=FILL_AREA_STYLE('',(#5585));
#5582=FILL_AREA_STYLE('',(#5586));
#5583=FILL_AREA_STYLE_COLOUR('',#5587);
#5584=FILL_AREA_STYLE_COLOUR('',#5588);
#5585=FILL_AREA_STYLE_COLOUR('',#5589);
#5586=FILL_AREA_STYLE_COLOUR('',#5590);
#5587=COLOUR_RGB('',0.749019607843137,0.749019607843137,0.749019607843137);
#5588=COLOUR_RGB('',0.,0.,0.627450980392157);
#5589=COLOUR_RGB('',0.956862745098039,0.956862745098039,0.956862745098039);
#5590=COLOUR_RGB('',0.945098039215686,0.949019607843137,0.972549019607843);
ENDSEC;
END-ISO-10303-21;
