ISO-10303-21;
HEADER;
/* Generated by software containing ST-Developer
 * from STEP Tools, Inc. (www.steptools.com) 
 */
/* OPTION: strings as raw bytes, not using required /X/ escapes */

FILE_DESCRIPTION(
/* description */ ('Unknown'),
/* implementation_level */ '2;1');

FILE_NAME(
/* name */ 'FrqXTAL_IQXC-90',
/* time_stamp */ '2018-08-29T13:33:51+02:00',
/* author */ ('Unknown'),
/* organization */ ('Unknown'),
/* preprocessor_version */ 'ST-DEVELOPER v16.7',
/* originating_system */ 'DEX',
/* authorisation */ $);

FILE_SCHEMA (('AUTOMOTIVE_DESIGN {1 0 10303 214 3 1 1}'));
ENDSEC;

DATA;
#10=PROPERTY_DEFINITION_REPRESENTATION(#14,#12);
#11=PROPERTY_DEFINITION_REPRESENTATION(#15,#13);
#12=REPRESENTATION('',(#16),#5257);
#13=REPRESENTATION('',(#17),#5257);
#14=PROPERTY_DEFINITION('pmi validation property','',#5268);
#15=PROPERTY_DEFINITION('pmi validation property','',#5268);
#16=VALUE_REPRESENTATION_ITEM('number of annotations',COUNT_MEASURE(0.));
#17=VALUE_REPRESENTATION_ITEM('number of views',COUNT_MEASURE(0.));
#18=B_SPLINE_SURFACE_WITH_KNOTS('',3,1,((#4466,#4467),(#4468,#4469),(#4470,
#4471),(#4472,#4473),(#4474,#4475)),.SURF_OF_LINEAR_EXTRUSION.,.F.,.F.,
 .F.,(4,1,4),(2,2),(0.149069852529666,0.205269041541305,0.261468230552944),
(0.,1.),.UNSPECIFIED.);
#19=B_SPLINE_SURFACE_WITH_KNOTS('',3,1,((#4485,#4486),(#4487,#4488),(#4489,
#4490),(#4491,#4492),(#4493,#4494)),.SURF_OF_LINEAR_EXTRUSION.,.F.,.F.,
 .F.,(4,1,4),(2,2),(0.261468230552944,0.317854169875738,0.374240109198532),
(0.,1.),.UNSPECIFIED.);
#20=B_SPLINE_SURFACE_WITH_KNOTS('',3,1,((#4559,#4560),(#4561,#4562),(#4563,
#4564),(#4565,#4566)),.SURF_OF_LINEAR_EXTRUSION.,.F.,.F.,.F.,(4,4),(2,2),
(0.973259864798146,1.),(0.,1.),.PIECEWISE_BEZIER_KNOTS.);
#21=B_SPLINE_SURFACE_WITH_KNOTS('',3,1,((#4575,#4576),(#4577,#4578),(#4579,
#4580),(#4581,#4582),(#4583,#4584),(#4585,#4586),(#4587,#4588)),
 .SURF_OF_LINEAR_EXTRUSION.,.F.,.F.,.F.,(4,1,1,1,4),(2,2),(0.,0.0904685248897092,
0.180937049779418,0.271405574669128,0.361874099558837),(0.,1.),
 .UNSPECIFIED.);
#22=B_SPLINE_SURFACE_WITH_KNOTS('',3,1,((#4616,#4617),(#4618,#4619),(#4620,
#4621),(#4622,#4623),(#4624,#4625),(#4626,#4627),(#4628,#4629)),
 .SURF_OF_LINEAR_EXTRUSION.,.F.,.F.,.F.,(4,1,1,1,4),(2,2),(0.361874099558837,
0.3814214917024,0.400968883845964,0.440063668133091,0.518253236707345),
(0.,1.),.UNSPECIFIED.);
#23=B_SPLINE_SURFACE_WITH_KNOTS('',3,1,((#4654,#4655),(#4656,#4657),(#4658,
#4659),(#4660,#4661),(#4662,#4663)),.SURF_OF_LINEAR_EXTRUSION.,.F.,.F.,
 .F.,(4,1,4),(2,2),(0.55270373426795,0.745249506182209,0.937795278096468),
(0.,1.),.UNSPECIFIED.);
#24=B_SPLINE_SURFACE_WITH_KNOTS('',3,1,((#4695,#4696),(#4697,#4698),(#4699,
#4700),(#4701,#4702),(#4703,#4704)),.SURF_OF_LINEAR_EXTRUSION.,.F.,.F.,
 .F.,(4,1,4),(2,2),(0.499265096298639,0.74963254814932,1.),(0.,1.),
 .UNSPECIFIED.);
#25=B_SPLINE_SURFACE_WITH_KNOTS('',3,1,((#4743,#4744),(#4745,#4746),(#4747,
#4748),(#4749,#4750),(#4751,#4752)),.SURF_OF_LINEAR_EXTRUSION.,.F.,.F.,
 .F.,(4,1,4),(2,2),(0.,0.24963254814932,0.499265096298639),(0.,1.),
 .UNSPECIFIED.);
#26=B_SPLINE_SURFACE_WITH_KNOTS('',3,1,((#4820,#4821),(#4822,#4823),(#4824,
#4825),(#4826,#4827)),.SURF_OF_LINEAR_EXTRUSION.,.F.,.F.,.F.,(4,4),(2,2),
(0.409840806187226,0.558495160106586),(0.,1.),.PIECEWISE_BEZIER_KNOTS.);
#27=B_SPLINE_SURFACE_WITH_KNOTS('',3,1,((#4846,#4847),(#4848,#4849),(#4850,
#4851),(#4852,#4853),(#4854,#4855)),.SURF_OF_LINEAR_EXTRUSION.,.F.,.F.,
 .F.,(4,1,4),(2,2),(0.610615742799227,0.77891769985413,0.947219656909034),
(0.,1.),.UNSPECIFIED.);
#28=B_SPLINE_SURFACE_WITH_KNOTS('',3,1,((#5005,#5006),(#5007,#5008),(#5009,
#5010),(#5011,#5012),(#5013,#5014)),.SURF_OF_LINEAR_EXTRUSION.,.F.,.F.,
 .F.,(4,1,4),(2,2),(0.245640314251374,0.397954829553406,0.550269344855437),
(0.,1.),.UNSPECIFIED.);
#29=B_SPLINE_SURFACE_WITH_KNOTS('',3,1,((#5042,#5043),(#5044,#5045),(#5046,
#5047),(#5048,#5049),(#5050,#5051),(#5052,#5053),(#5054,#5055),(#5056,#5057)),
 .SURF_OF_LINEAR_EXTRUSION.,.F.,.F.,.F.,(4,1,1,1,1,4),(2,2),(0.582301816735135,
0.678718244581427,0.726926458504573,0.775134672427719,0.871551100274011,
0.967967528120303),(0.,1.),.UNSPECIFIED.);
#30=B_SPLINE_SURFACE_WITH_KNOTS('',3,1,((#5079,#5080),(#5081,#5082),(#5083,
#5084),(#5085,#5086),(#5087,#5088),(#5089,#5090),(#5091,#5092)),
 .SURF_OF_LINEAR_EXTRUSION.,.F.,.F.,.F.,(4,1,1,1,4),(2,2),(0.606665047240643,
0.704998785430482,0.803332523620322,0.901666261810161,1.),(0.,1.),
 .UNSPECIFIED.);
#31=B_SPLINE_SURFACE_WITH_KNOTS('',3,1,((#5121,#5122),(#5123,#5124),(#5125,
#5126),(#5127,#5128),(#5129,#5130)),.SURF_OF_LINEAR_EXTRUSION.,.F.,.F.,
 .F.,(4,1,4),(2,2),(0.0289427784437565,0.105890877618774,0.182838976793792),
(0.,1.),.UNSPECIFIED.);
#32=B_SPLINE_SURFACE_WITH_KNOTS('',3,1,((#5147,#5148),(#5149,#5150),(#5151,
#5152),(#5153,#5154),(#5155,#5156)),.SURF_OF_LINEAR_EXTRUSION.,.F.,.F.,
 .F.,(4,1,4),(2,2),(0.182838976793792,0.370844604086612,0.558850231379431),
(0.,1.),.UNSPECIFIED.);
#33=B_SPLINE_SURFACE_WITH_KNOTS('',3,1,((#5184,#5185),(#5186,#5187),(#5188,
#5189),(#5190,#5191),(#5192,#5193),(#5194,#5195),(#5196,#5197),(#5198,#5199),
(#5200,#5201)),.SURF_OF_LINEAR_EXTRUSION.,.T.,.F.,.F.,(1,1,1,1,1,1,1,1,
1,1,1,1,1),(2,2),(-0.368792117104186,-0.251582888458847,-0.144967905741347,
0.,0.171140698645811,0.342281397291622,0.631207882895814,0.748417111541153,
0.855032094258653,1.,1.17114069864581,1.34228139729162,1.63120788289581),
(0.,1.),.UNSPECIFIED.);
#34=B_SPLINE_CURVE_WITH_KNOTS('',3,(#3960,#3961,#3962,#3963),
 .UNSPECIFIED.,.F.,.F.,(4,4),(0.878124202881752,0.984247345950703),
 .UNSPECIFIED.);
#35=B_SPLINE_CURVE_WITH_KNOTS('',3,(#3966,#3967,#3968,#3969),
 .UNSPECIFIED.,.F.,.F.,(4,4),(0.984247345950703,1.),.UNSPECIFIED.);
#36=B_SPLINE_CURVE_WITH_KNOTS('',3,(#3971,#3972,#3973,#3974),
 .UNSPECIFIED.,.F.,.F.,(4,4),(0.,0.124528875694971),.UNSPECIFIED.);
#37=B_SPLINE_CURVE_WITH_KNOTS('',3,(#3976,#3977,#3978,#3979),
 .UNSPECIFIED.,.F.,.F.,(4,4),(0.124528875694971,0.149069852529666),
 .UNSPECIFIED.);
#38=B_SPLINE_CURVE_WITH_KNOTS('',3,(#3981,#3982,#3983,#3984,#3985,#3986,
#3987),.UNSPECIFIED.,.F.,.F.,(4,3,4),(0.149069852529666,0.242039240282829,
0.261468230552944),.UNSPECIFIED.);
#39=B_SPLINE_CURVE_WITH_KNOTS('',3,(#3989,#3990,#3991,#3992,#3993,#3994,
#3995),.UNSPECIFIED.,.F.,.F.,(4,3,4),(0.261468230552944,0.28252187520109,
0.374240109198532),.UNSPECIFIED.);
#40=B_SPLINE_CURVE_WITH_KNOTS('',3,(#3997,#3998,#3999,#4000),
 .UNSPECIFIED.,.F.,.F.,(4,4),(0.374240109198532,0.396128007456503),
 .UNSPECIFIED.);
#41=B_SPLINE_CURVE_WITH_KNOTS('',3,(#4002,#4003,#4004,#4005),
 .UNSPECIFIED.,.F.,.F.,(4,4),(0.396128007456503,0.520656883151474),
 .UNSPECIFIED.);
#42=B_SPLINE_CURVE_WITH_KNOTS('',3,(#4007,#4008,#4009,#4010),
 .UNSPECIFIED.,.F.,.F.,(4,4),(0.520656883151474,0.536492445906294),
 .UNSPECIFIED.);
#43=B_SPLINE_CURVE_WITH_KNOTS('',3,(#4012,#4013,#4014,#4015),
 .UNSPECIFIED.,.F.,.F.,(4,4),(0.536492445906294,0.64087450615927),
 .UNSPECIFIED.);
#44=B_SPLINE_CURVE_WITH_KNOTS('',3,(#4017,#4018,#4019,#4020),
 .UNSPECIFIED.,.F.,.F.,(4,4),(0.64087450615927,0.751474905777646),
 .UNSPECIFIED.);
#45=B_SPLINE_CURVE_WITH_KNOTS('',3,(#4022,#4023,#4024,#4025),
 .UNSPECIFIED.,.F.,.F.,(4,4),(0.751474905777646,0.766066837949627),
 .UNSPECIFIED.);
#46=B_SPLINE_CURVE_WITH_KNOTS('',3,(#4027,#4028,#4029,#4030),
 .UNSPECIFIED.,.F.,.F.,(4,4),(0.766066837949627,0.878124202881752),
 .UNSPECIFIED.);
#47=B_SPLINE_CURVE_WITH_KNOTS('',3,(#4031,#4032,#4033,#4034),
 .UNSPECIFIED.,.F.,.F.,(4,4),(0.937795278096468,0.973259864798146),
 .UNSPECIFIED.);
#48=B_SPLINE_CURVE_WITH_KNOTS('',3,(#4037,#4038,#4039,#4040),
 .UNSPECIFIED.,.F.,.F.,(4,4),(0.973259864798146,1.),.UNSPECIFIED.);
#49=B_SPLINE_CURVE_WITH_KNOTS('',3,(#4042,#4043,#4044,#4045,#4046,#4047,
#4048,#4049,#4050,#4051,#4052,#4053,#4054,#4055,#4056,#4057,#4058,#4059,
#4060,#4061,#4062,#4063,#4064,#4065,#4066),.UNSPECIFIED.,.F.,.F.,(4,3,2,
3,2,2,3,3,3,4),(0.,0.0435638216839924,0.0792759739261161,0.137980881721388,
0.185553075564697,0.212958795930951,0.240364516297205,0.267788989284262,
0.299022718295814,0.361874099558837),.UNSPECIFIED.);
#50=B_SPLINE_CURVE_WITH_KNOTS('',3,(#4068,#4069,#4070,#4071,#4072,#4073,
#4074,#4075,#4076,#4077,#4078,#4079,#4080,#4081,#4082),.UNSPECIFIED.,.F.,
 .F.,(4,2,3,3,3,4),(0.361874099558837,0.365413816403879,0.40333935402933,
0.445351932389541,0.482793293465244,0.518253236707345),.UNSPECIFIED.);
#51=B_SPLINE_CURVE_WITH_KNOTS('',3,(#4084,#4085,#4086,#4087),
 .UNSPECIFIED.,.F.,.F.,(4,4),(0.518253236707345,0.55270373426795),
 .UNSPECIFIED.);
#52=B_SPLINE_CURVE_WITH_KNOTS('',3,(#4089,#4090,#4091,#4092,#4093,#4094,
#4095,#4096,#4097,#4098,#4099,#4100,#4101,#4102,#4103,#4104,#4105,#4106,
#4107,#4108,#4109,#4110,#4111,#4112,#4113,#4114,#4115,#4116,#4117),
 .UNSPECIFIED.,.F.,.F.,(4,3,3,2,3,2,3,3,3,3,4),(0.55270373426795,0.591087798597977,
0.628264512461586,0.673559569258793,0.718372763749648,0.745662116123218,
0.772951468496788,0.804970043029894,0.851074147843539,0.911992415995526,
0.937795278096468),.UNSPECIFIED.);
#53=B_SPLINE_CURVE_WITH_KNOTS('',3,(#4118,#4119,#4120,#4121,#4122,#4123,
#4124,#4125,#4126,#4127,#4128,#4129,#4130,#4131,#4132),.UNSPECIFIED.,.F.,
 .F.,(4,2,3,3,3,4),(0.610615742799227,0.649515610191698,0.683995038107752,
0.719625121518288,0.782799083170768,0.947219656909034),.UNSPECIFIED.);
#54=B_SPLINE_CURVE_WITH_KNOTS('',3,(#4135,#4136,#4137,#4138),
 .UNSPECIFIED.,.F.,.F.,(4,4),(0.947219656909034,1.),.UNSPECIFIED.);
#55=B_SPLINE_CURVE_WITH_KNOTS('',3,(#4140,#4141,#4142,#4143),
 .UNSPECIFIED.,.F.,.F.,(4,4),(0.,0.314374721142911),.UNSPECIFIED.);
#56=B_SPLINE_CURVE_WITH_KNOTS('',3,(#4145,#4146,#4147,#4148),
 .UNSPECIFIED.,.F.,.F.,(4,4),(0.314374721142911,0.362251972252749),
 .UNSPECIFIED.);
#57=B_SPLINE_CURVE_WITH_KNOTS('',3,(#4150,#4151,#4152,#4153),
 .UNSPECIFIED.,.F.,.F.,(4,4),(0.362251972252749,0.409840806187226),
 .UNSPECIFIED.);
#58=B_SPLINE_CURVE_WITH_KNOTS('',3,(#4155,#4156,#4157,#4158,#4159,#4160,
#4161,#4162,#4163),.UNSPECIFIED.,.F.,.F.,(4,3,2,4),(0.409840806187226,0.465242072542818,
0.502901973289724,0.558495160106586),.UNSPECIFIED.);
#59=B_SPLINE_CURVE_WITH_KNOTS('',3,(#4165,#4166,#4167,#4168),
 .UNSPECIFIED.,.F.,.F.,(4,4),(0.558495160106586,0.610615742799227),
 .UNSPECIFIED.);
#60=B_SPLINE_CURVE_WITH_KNOTS('',1,(#4169,#4170),.UNSPECIFIED.,.F.,.F.,
(2,2),(0.905318389752371,0.971672493844612),.UNSPECIFIED.);
#61=B_SPLINE_CURVE_WITH_KNOTS('',1,(#4173,#4174),.UNSPECIFIED.,.F.,.F.,
(2,2),(0.971672493844612,1.),.UNSPECIFIED.);
#62=B_SPLINE_CURVE_WITH_KNOTS('',1,(#4176,#4177),.UNSPECIFIED.,.F.,.F.,
(2,2),(0.,0.231238664377136),.UNSPECIFIED.);
#63=B_SPLINE_CURVE_WITH_KNOTS('',1,(#4179,#4180),.UNSPECIFIED.,.F.,.F.,
(2,2),(0.231238664377136,0.259566170532524),.UNSPECIFIED.);
#64=B_SPLINE_CURVE_WITH_KNOTS('',1,(#4182,#4183),.UNSPECIFIED.,.F.,.F.,
(2,2),(0.259566170532524,0.391042748014597),.UNSPECIFIED.);
#65=B_SPLINE_CURVE_WITH_KNOTS('',1,(#4185,#4186),.UNSPECIFIED.,.F.,.F.,
(2,2),(0.391042748014597,0.486950552238425),.UNSPECIFIED.);
#66=B_SPLINE_CURVE_WITH_KNOTS('',1,(#4188,#4189),.UNSPECIFIED.,.F.,.F.,
(2,2),(0.486950552238425,0.523899473310671),.UNSPECIFIED.);
#67=B_SPLINE_CURVE_WITH_KNOTS('',1,(#4191,#4192),.UNSPECIFIED.,.F.,.F.,
(2,2),(0.523899473310671,0.613611110426539),.UNSPECIFIED.);
#68=B_SPLINE_CURVE_WITH_KNOTS('',1,(#4194,#4195),.UNSPECIFIED.,.F.,.F.,
(2,2),(0.613611110426539,0.740513905775974),.UNSPECIFIED.);
#69=B_SPLINE_CURVE_WITH_KNOTS('',1,(#4197,#4198),.UNSPECIFIED.,.F.,.F.,
(2,2),(0.740513905775974,0.775615380794607),.UNSPECIFIED.);
#70=B_SPLINE_CURVE_WITH_KNOTS('',1,(#4200,#4201),.UNSPECIFIED.,.F.,.F.,
(2,2),(0.775615380794607,0.877881759759685),.UNSPECIFIED.);
#71=B_SPLINE_CURVE_WITH_KNOTS('',1,(#4203,#4204),.UNSPECIFIED.,.F.,.F.,
(2,2),(0.877881759759685,0.905318389752371),.UNSPECIFIED.);
#72=B_SPLINE_CURVE_WITH_KNOTS('',1,(#4205,#4206),.UNSPECIFIED.,.F.,.F.,
(2,2),(0.5,0.767088607594937),.UNSPECIFIED.);
#73=B_SPLINE_CURVE_WITH_KNOTS('',1,(#4209,#4210),.UNSPECIFIED.,.F.,.F.,
(2,2),(0.767088607594937,1.),.UNSPECIFIED.);
#74=B_SPLINE_CURVE_WITH_KNOTS('',1,(#4212,#4213),.UNSPECIFIED.,.F.,.F.,
(2,2),(0.,0.267088607594937),.UNSPECIFIED.);
#75=B_SPLINE_CURVE_WITH_KNOTS('',1,(#4215,#4216),.UNSPECIFIED.,.F.,.F.,
(2,2),(0.267088607594937,0.5),.UNSPECIFIED.);
#76=B_SPLINE_CURVE_WITH_KNOTS('',1,(#4217,#4218),.UNSPECIFIED.,.F.,.F.,
(2,2),(0.5,0.927786499215071),.UNSPECIFIED.);
#77=B_SPLINE_CURVE_WITH_KNOTS('',1,(#4221,#4222),.UNSPECIFIED.,.F.,.F.,
(2,2),(0.927786499215071,1.),.UNSPECIFIED.);
#78=B_SPLINE_CURVE_WITH_KNOTS('',1,(#4224,#4225),.UNSPECIFIED.,.F.,.F.,
(2,2),(0.,0.427786499215071),.UNSPECIFIED.);
#79=B_SPLINE_CURVE_WITH_KNOTS('',1,(#4227,#4228),.UNSPECIFIED.,.F.,.F.,
(2,2),(0.427786499215071,0.5),.UNSPECIFIED.);
#80=B_SPLINE_CURVE_WITH_KNOTS('',3,(#4229,#4230,#4231,#4232,#4233,#4234,
#4235,#4236,#4237,#4238,#4239,#4240,#4241,#4242,#4243,#4244,#4245,#4246,
#4247,#4248),.UNSPECIFIED.,.F.,.F.,(4,3,3,2,3,2,3,4),(0.582301816735135,
0.697897258735781,0.727682193021292,0.749965873996903,0.772249554972515,
0.818209178399425,0.864168801826335,0.967967528120303),.UNSPECIFIED.);
#81=B_SPLINE_CURVE_WITH_KNOTS('',3,(#4251,#4252,#4253,#4254),
 .UNSPECIFIED.,.F.,.F.,(4,4),(0.967967528120303,1.),.UNSPECIFIED.);
#82=B_SPLINE_CURVE_WITH_KNOTS('',3,(#4256,#4257,#4258,#4259),
 .UNSPECIFIED.,.F.,.F.,(4,4),(0.,0.189757577982989),.UNSPECIFIED.);
#83=B_SPLINE_CURVE_WITH_KNOTS('',3,(#4261,#4262,#4263,#4264),
 .UNSPECIFIED.,.F.,.F.,(4,4),(0.189757577982989,0.218656438483151),
 .UNSPECIFIED.);
#84=B_SPLINE_CURVE_WITH_KNOTS('',3,(#4266,#4267,#4268,#4269),
 .UNSPECIFIED.,.F.,.F.,(4,4),(0.218656438483151,0.245640314251374),
 .UNSPECIFIED.);
#85=B_SPLINE_CURVE_WITH_KNOTS('',3,(#4271,#4272,#4273,#4274,#4275,#4276,
#4277,#4278,#4279,#4280,#4281,#4282,#4283,#4284,#4285,#4286,#4287,#4288),
 .UNSPECIFIED.,.F.,.F.,(4,2,3,3,3,3,4),(0.245640314251374,0.31756333719649,
0.348999890271838,0.376335385920031,0.402372375392432,0.433633459013527,
0.550269344855437),.UNSPECIFIED.);
#86=B_SPLINE_CURVE_WITH_KNOTS('',3,(#4290,#4291,#4292,#4293),
 .UNSPECIFIED.,.F.,.F.,(4,4),(0.550269344855437,0.582301816735135),
 .UNSPECIFIED.);
#87=B_SPLINE_CURVE_WITH_KNOTS('',3,(#4294,#4295,#4296,#4297),
 .UNSPECIFIED.,.F.,.F.,(4,4),(0.580207515797439,0.606665047240643),
 .UNSPECIFIED.);
#88=B_SPLINE_CURVE_WITH_KNOTS('',3,(#4300,#4301,#4302,#4303,#4304,#4305,
#4306,#4307,#4308,#4309,#4310,#4311,#4312,#4313,#4314,#4315,#4316),
 .UNSPECIFIED.,.F.,.F.,(4,3,3,2,2,3,4),(0.606665047240643,0.756803569044848,
0.815199863785841,0.85815534970657,0.9011108356273,0.951876409897253,1.),
 .UNSPECIFIED.);
#89=B_SPLINE_CURVE_WITH_KNOTS('',3,(#4318,#4319,#4320,#4321),
 .UNSPECIFIED.,.F.,.F.,(4,4),(0.,0.0289427784437565),.UNSPECIFIED.);
#90=B_SPLINE_CURVE_WITH_KNOTS('',3,(#4323,#4324,#4325,#4326,#4327,#4328,
#4329,#4330,#4331,#4332,#4333,#4334,#4335,#4336),.UNSPECIFIED.,.F.,.F.,
(4,3,2,2,3,4),(0.0289427784437565,0.0517557706347696,0.0811537898240827,
0.113124135692461,0.145094481560838,0.182838976793792),.UNSPECIFIED.);
#91=B_SPLINE_CURVE_WITH_KNOTS('',3,(#4338,#4339,#4340,#4341,#4342,#4343,
#4344,#4345,#4346,#4347,#4348,#4349,#4350,#4351,#4352,#4353,#4354,#4355),
 .UNSPECIFIED.,.F.,.F.,(4,2,3,2,3,2,2,4),(0.182838976793792,0.235524243111121,
0.30181986989376,0.369369061871496,0.415142527487989,0.458299330204614,
0.50145613292124,0.558850231379431),.UNSPECIFIED.);
#92=B_SPLINE_CURVE_WITH_KNOTS('',3,(#4357,#4358,#4359,#4360),
 .UNSPECIFIED.,.F.,.F.,(4,4),(0.558850231379431,0.580207515797439),
 .UNSPECIFIED.);
#93=B_SPLINE_CURVE_WITH_KNOTS('',3,(#4446,#4447,#4448,#4449),
 .UNSPECIFIED.,.F.,.F.,(4,4),(0.984247345950703,1.),.UNSPECIFIED.);
#94=B_SPLINE_CURVE_WITH_KNOTS('',3,(#4453,#4454,#4455,#4456),
 .UNSPECIFIED.,.F.,.F.,(4,4),(0.,0.124528875694971),.UNSPECIFIED.);
#95=B_SPLINE_CURVE_WITH_KNOTS('',3,(#4460,#4461,#4462,#4463),
 .UNSPECIFIED.,.F.,.F.,(4,4),(0.124528875694971,0.149069852529666),
 .UNSPECIFIED.);
#96=B_SPLINE_CURVE_WITH_KNOTS('',3,(#4476,#4477,#4478,#4479,#4480,#4481,
#4482),.UNSPECIFIED.,.F.,.F.,(4,3,4),(0.149069852529666,0.242039240282829,
0.261468230552944),.UNSPECIFIED.);
#97=B_SPLINE_CURVE_WITH_KNOTS('',3,(#4495,#4496,#4497,#4498,#4499,#4500,
#4501),.UNSPECIFIED.,.F.,.F.,(4,3,4),(0.261468230552944,0.28252187520109,
0.374240109198532),.UNSPECIFIED.);
#98=B_SPLINE_CURVE_WITH_KNOTS('',3,(#4505,#4506,#4507,#4508),
 .UNSPECIFIED.,.F.,.F.,(4,4),(0.374240109198532,0.396128007456503),
 .UNSPECIFIED.);
#99=B_SPLINE_CURVE_WITH_KNOTS('',3,(#4512,#4513,#4514,#4515),
 .UNSPECIFIED.,.F.,.F.,(4,4),(0.396128007456503,0.520656883151474),
 .UNSPECIFIED.);
#100=B_SPLINE_CURVE_WITH_KNOTS('',3,(#4519,#4520,#4521,#4522),
 .UNSPECIFIED.,.F.,.F.,(4,4),(0.520656883151474,0.536492445906294),
 .UNSPECIFIED.);
#101=B_SPLINE_CURVE_WITH_KNOTS('',3,(#4526,#4527,#4528,#4529),
 .UNSPECIFIED.,.F.,.F.,(4,4),(0.536492445906294,0.64087450615927),
 .UNSPECIFIED.);
#102=B_SPLINE_CURVE_WITH_KNOTS('',3,(#4533,#4534,#4535,#4536),
 .UNSPECIFIED.,.F.,.F.,(4,4),(0.64087450615927,0.751474905777646),
 .UNSPECIFIED.);
#103=B_SPLINE_CURVE_WITH_KNOTS('',3,(#4540,#4541,#4542,#4543),
 .UNSPECIFIED.,.F.,.F.,(4,4),(0.751474905777646,0.766066837949627),
 .UNSPECIFIED.);
#104=B_SPLINE_CURVE_WITH_KNOTS('',3,(#4547,#4548,#4549,#4550),
 .UNSPECIFIED.,.F.,.F.,(4,4),(0.766066837949627,0.878124202881752),
 .UNSPECIFIED.);
#105=B_SPLINE_CURVE_WITH_KNOTS('',3,(#4554,#4555,#4556,#4557),
 .UNSPECIFIED.,.F.,.F.,(4,4),(0.878124202881752,0.984247345950703),
 .UNSPECIFIED.);
#106=B_SPLINE_CURVE_WITH_KNOTS('',3,(#4569,#4570,#4571,#4572),
 .UNSPECIFIED.,.F.,.F.,(4,4),(0.973259864798146,1.),.UNSPECIFIED.);
#107=B_SPLINE_CURVE_WITH_KNOTS('',3,(#4589,#4590,#4591,#4592,#4593,#4594,
#4595,#4596,#4597,#4598,#4599,#4600,#4601,#4602,#4603,#4604,#4605,#4606,
#4607,#4608,#4609,#4610,#4611,#4612,#4613),.UNSPECIFIED.,.F.,.F.,(4,3,2,
3,2,2,3,3,3,4),(0.,0.0435638216839924,0.0792759739261161,0.137980881721388,
0.185553075564697,0.212958795930951,0.240364516297205,0.267788989284262,
0.299022718295814,0.361874099558837),.UNSPECIFIED.);
#108=B_SPLINE_CURVE_WITH_KNOTS('',3,(#4630,#4631,#4632,#4633,#4634,#4635,
#4636,#4637,#4638,#4639,#4640,#4641,#4642,#4643,#4644),.UNSPECIFIED.,.F.,
 .F.,(4,2,3,3,3,4),(0.361874099558837,0.365413816403879,0.40333935402933,
0.445351932389541,0.482793293465244,0.518253236707345),.UNSPECIFIED.);
#109=B_SPLINE_CURVE_WITH_KNOTS('',3,(#4648,#4649,#4650,#4651),
 .UNSPECIFIED.,.F.,.F.,(4,4),(0.518253236707345,0.55270373426795),
 .UNSPECIFIED.);
#110=B_SPLINE_CURVE_WITH_KNOTS('',3,(#4664,#4665,#4666,#4667,#4668,#4669,
#4670,#4671,#4672,#4673,#4674,#4675,#4676,#4677,#4678,#4679,#4680,#4681,
#4682,#4683,#4684,#4685,#4686,#4687,#4688,#4689,#4690,#4691,#4692),
 .UNSPECIFIED.,.F.,.F.,(4,3,3,2,3,2,3,3,3,3,4),(0.55270373426795,0.591087798597977,
0.628264512461586,0.673559569258793,0.718372763749648,0.745662116123218,
0.772951468496788,0.804970043029894,0.851074147843539,0.911992415995526,
0.937795278096468),.UNSPECIFIED.);
#111=B_SPLINE_CURVE_WITH_KNOTS('',3,(#4705,#4706,#4707,#4708,#4709,#4710,
#4711,#4712,#4713,#4714,#4715,#4716,#4717,#4718,#4719,#4720),
 .UNSPECIFIED.,.F.,.F.,(4,3,3,3,3,4),(0.499265096298639,0.607595818716467,
0.730441237094497,0.841672752430367,0.958533283835744,1.),
 .PIECEWISE_BEZIER_KNOTS.);
#112=B_SPLINE_CURVE_WITH_KNOTS('',3,(#4725,#4726,#4727,#4728,#4729,#4730,
#4731,#4732,#4733,#4734,#4735,#4736,#4737,#4738,#4739,#4740),
 .UNSPECIFIED.,.F.,.F.,(4,3,3,3,3,4),(0.499265096298639,0.607595818716467,
0.730441237094497,0.841672752430367,0.958533283835744,1.),
 .PIECEWISE_BEZIER_KNOTS.);
#113=B_SPLINE_CURVE_WITH_KNOTS('',3,(#4753,#4754,#4755,#4756,#4757,#4758,
#4759,#4760,#4761,#4762,#4763,#4764,#4765,#4766,#4767),.UNSPECIFIED.,.F.,
 .F.,(4,3,3,3,2,4),(0.,0.192720247722041,0.295769340488981,0.355183468830475,
0.411410445403417,0.499265096298639),.UNSPECIFIED.);
#114=B_SPLINE_CURVE_WITH_KNOTS('',3,(#4768,#4769,#4770,#4771,#4772,#4773,
#4774,#4775,#4776,#4777,#4778,#4779,#4780,#4781,#4782),.UNSPECIFIED.,.F.,
 .F.,(4,3,3,3,2,4),(0.,0.192720247722041,0.295769340488981,0.355183468830475,
0.411410445403417,0.499265096298639),.UNSPECIFIED.);
#115=B_SPLINE_CURVE_WITH_KNOTS('',3,(#4784,#4785,#4786,#4787),
 .UNSPECIFIED.,.F.,.F.,(4,4),(0.937795278096468,0.973259864798146),
 .UNSPECIFIED.);
#116=B_SPLINE_CURVE_WITH_KNOTS('',3,(#4793,#4794,#4795,#4796),
 .UNSPECIFIED.,.F.,.F.,(4,4),(0.947219656909034,1.),.UNSPECIFIED.);
#117=B_SPLINE_CURVE_WITH_KNOTS('',3,(#4800,#4801,#4802,#4803),
 .UNSPECIFIED.,.F.,.F.,(4,4),(0.,0.314374721142911),.UNSPECIFIED.);
#118=B_SPLINE_CURVE_WITH_KNOTS('',3,(#4807,#4808,#4809,#4810),
 .UNSPECIFIED.,.F.,.F.,(4,4),(0.314374721142911,0.362251972252749),
 .UNSPECIFIED.);
#119=B_SPLINE_CURVE_WITH_KNOTS('',3,(#4814,#4815,#4816,#4817),
 .UNSPECIFIED.,.F.,.F.,(4,4),(0.362251972252749,0.409840806187226),
 .UNSPECIFIED.);
#120=B_SPLINE_CURVE_WITH_KNOTS('',3,(#4828,#4829,#4830,#4831,#4832,#4833,
#4834,#4835,#4836),.UNSPECIFIED.,.F.,.F.,(4,3,2,4),(0.409840806187226,0.465242072542818,
0.502901973289724,0.558495160106586),.UNSPECIFIED.);
#121=B_SPLINE_CURVE_WITH_KNOTS('',3,(#4840,#4841,#4842,#4843),
 .UNSPECIFIED.,.F.,.F.,(4,4),(0.558495160106586,0.610615742799227),
 .UNSPECIFIED.);
#122=B_SPLINE_CURVE_WITH_KNOTS('',3,(#4856,#4857,#4858,#4859,#4860,#4861,
#4862,#4863,#4864,#4865,#4866,#4867,#4868,#4869,#4870),.UNSPECIFIED.,.F.,
 .F.,(4,2,3,3,3,4),(0.610615742799227,0.649515610191698,0.683995038107752,
0.719625121518288,0.782799083170768,0.947219656909034),.UNSPECIFIED.);
#123=B_SPLINE_CURVE_WITH_KNOTS('',1,(#4875,#4876),.UNSPECIFIED.,.F.,.F.,
(2,2),(0.971672493844612,1.),.UNSPECIFIED.);
#124=B_SPLINE_CURVE_WITH_KNOTS('',1,(#4880,#4881),.UNSPECIFIED.,.F.,.F.,
(2,2),(0.,0.231238664377136),.UNSPECIFIED.);
#125=B_SPLINE_CURVE_WITH_KNOTS('',1,(#4885,#4886),.UNSPECIFIED.,.F.,.F.,
(2,2),(0.231238664377136,0.259566170532524),.UNSPECIFIED.);
#126=B_SPLINE_CURVE_WITH_KNOTS('',1,(#4890,#4891),.UNSPECIFIED.,.F.,.F.,
(2,2),(0.259566170532524,0.391042748014597),.UNSPECIFIED.);
#127=B_SPLINE_CURVE_WITH_KNOTS('',1,(#4895,#4896),.UNSPECIFIED.,.F.,.F.,
(2,2),(0.391042748014597,0.486950552238425),.UNSPECIFIED.);
#128=B_SPLINE_CURVE_WITH_KNOTS('',1,(#4900,#4901),.UNSPECIFIED.,.F.,.F.,
(2,2),(0.486950552238425,0.523899473310671),.UNSPECIFIED.);
#129=B_SPLINE_CURVE_WITH_KNOTS('',1,(#4905,#4906),.UNSPECIFIED.,.F.,.F.,
(2,2),(0.523899473310671,0.613611110426539),.UNSPECIFIED.);
#130=B_SPLINE_CURVE_WITH_KNOTS('',1,(#4910,#4911),.UNSPECIFIED.,.F.,.F.,
(2,2),(0.613611110426539,0.740513905775974),.UNSPECIFIED.);
#131=B_SPLINE_CURVE_WITH_KNOTS('',1,(#4915,#4916),.UNSPECIFIED.,.F.,.F.,
(2,2),(0.740513905775974,0.775615380794607),.UNSPECIFIED.);
#132=B_SPLINE_CURVE_WITH_KNOTS('',1,(#4920,#4921),.UNSPECIFIED.,.F.,.F.,
(2,2),(0.775615380794607,0.877881759759685),.UNSPECIFIED.);
#133=B_SPLINE_CURVE_WITH_KNOTS('',1,(#4925,#4926),.UNSPECIFIED.,.F.,.F.,
(2,2),(0.877881759759685,0.905318389752371),.UNSPECIFIED.);
#134=B_SPLINE_CURVE_WITH_KNOTS('',1,(#4930,#4931),.UNSPECIFIED.,.F.,.F.,
(2,2),(0.905318389752371,0.971672493844612),.UNSPECIFIED.);
#135=B_SPLINE_CURVE_WITH_KNOTS('',1,(#4936,#4937),.UNSPECIFIED.,.F.,.F.,
(2,2),(0.767088607594937,1.),.UNSPECIFIED.);
#136=B_SPLINE_CURVE_WITH_KNOTS('',1,(#4941,#4942),.UNSPECIFIED.,.F.,.F.,
(2,2),(0.,0.267088607594937),.UNSPECIFIED.);
#137=B_SPLINE_CURVE_WITH_KNOTS('',1,(#4946,#4947),.UNSPECIFIED.,.F.,.F.,
(2,2),(0.267088607594937,0.5),.UNSPECIFIED.);
#138=B_SPLINE_CURVE_WITH_KNOTS('',1,(#4951,#4952),.UNSPECIFIED.,.F.,.F.,
(2,2),(0.5,0.767088607594937),.UNSPECIFIED.);
#139=B_SPLINE_CURVE_WITH_KNOTS('',1,(#4957,#4958),.UNSPECIFIED.,.F.,.F.,
(2,2),(0.927786499215071,1.),.UNSPECIFIED.);
#140=B_SPLINE_CURVE_WITH_KNOTS('',1,(#4962,#4963),.UNSPECIFIED.,.F.,.F.,
(2,2),(0.,0.427786499215071),.UNSPECIFIED.);
#141=B_SPLINE_CURVE_WITH_KNOTS('',1,(#4967,#4968),.UNSPECIFIED.,.F.,.F.,
(2,2),(0.427786499215071,0.5),.UNSPECIFIED.);
#142=B_SPLINE_CURVE_WITH_KNOTS('',1,(#4972,#4973),.UNSPECIFIED.,.F.,.F.,
(2,2),(0.5,0.927786499215071),.UNSPECIFIED.);
#143=B_SPLINE_CURVE_WITH_KNOTS('',3,(#4978,#4979,#4980,#4981),
 .UNSPECIFIED.,.F.,.F.,(4,4),(0.967967528120303,1.),.UNSPECIFIED.);
#144=B_SPLINE_CURVE_WITH_KNOTS('',3,(#4985,#4986,#4987,#4988),
 .UNSPECIFIED.,.F.,.F.,(4,4),(0.,0.189757577982989),.UNSPECIFIED.);
#145=B_SPLINE_CURVE_WITH_KNOTS('',3,(#4992,#4993,#4994,#4995),
 .UNSPECIFIED.,.F.,.F.,(4,4),(0.189757577982989,0.218656438483151),
 .UNSPECIFIED.);
#146=B_SPLINE_CURVE_WITH_KNOTS('',3,(#4999,#5000,#5001,#5002),
 .UNSPECIFIED.,.F.,.F.,(4,4),(0.218656438483151,0.245640314251374),
 .UNSPECIFIED.);
#147=B_SPLINE_CURVE_WITH_KNOTS('',3,(#5015,#5016,#5017,#5018,#5019,#5020,
#5021,#5022,#5023,#5024,#5025,#5026,#5027,#5028,#5029,#5030,#5031,#5032),
 .UNSPECIFIED.,.F.,.F.,(4,2,3,3,3,3,4),(0.245640314251374,0.31756333719649,
0.348999890271838,0.376335385920031,0.402372375392432,0.433633459013527,
0.550269344855437),.UNSPECIFIED.);
#148=B_SPLINE_CURVE_WITH_KNOTS('',3,(#5036,#5037,#5038,#5039),
 .UNSPECIFIED.,.F.,.F.,(4,4),(0.550269344855437,0.582301816735135),
 .UNSPECIFIED.);
#149=B_SPLINE_CURVE_WITH_KNOTS('',3,(#5058,#5059,#5060,#5061,#5062,#5063,
#5064,#5065,#5066,#5067,#5068,#5069,#5070,#5071,#5072,#5073,#5074,#5075,
#5076,#5077),.UNSPECIFIED.,.F.,.F.,(4,3,3,2,3,2,3,4),(0.582301816735135,
0.697897258735781,0.727682193021292,0.749965873996903,0.772249554972515,
0.818209178399425,0.864168801826335,0.967967528120303),.UNSPECIFIED.);
#150=B_SPLINE_CURVE_WITH_KNOTS('',3,(#5095,#5096,#5097,#5098,#5099,#5100,
#5101,#5102,#5103,#5104,#5105,#5106,#5107,#5108,#5109,#5110,#5111),
 .UNSPECIFIED.,.F.,.F.,(4,3,3,2,2,3,4),(0.606665047240643,0.756803569044848,
0.815199863785841,0.85815534970657,0.9011108356273,0.951876409897253,1.),
 .UNSPECIFIED.);
#151=B_SPLINE_CURVE_WITH_KNOTS('',3,(#5115,#5116,#5117,#5118),
 .UNSPECIFIED.,.F.,.F.,(4,4),(0.,0.0289427784437565),.UNSPECIFIED.);
#152=B_SPLINE_CURVE_WITH_KNOTS('',3,(#5131,#5132,#5133,#5134,#5135,#5136,
#5137,#5138,#5139,#5140,#5141,#5142,#5143,#5144),.UNSPECIFIED.,.F.,.F.,
(4,3,2,2,3,4),(0.0289427784437565,0.0517557706347696,0.0811537898240827,
0.113124135692461,0.145094481560838,0.182838976793792),.UNSPECIFIED.);
#153=B_SPLINE_CURVE_WITH_KNOTS('',3,(#5157,#5158,#5159,#5160,#5161,#5162,
#5163,#5164,#5165,#5166,#5167,#5168,#5169,#5170,#5171,#5172,#5173,#5174),
 .UNSPECIFIED.,.F.,.F.,(4,2,3,2,3,2,2,4),(0.182838976793792,0.235524243111121,
0.30181986989376,0.369369061871496,0.415142527487989,0.458299330204614,
0.50145613292124,0.558850231379431),.UNSPECIFIED.);
#154=B_SPLINE_CURVE_WITH_KNOTS('',3,(#5178,#5179,#5180,#5181),
 .UNSPECIFIED.,.F.,.F.,(4,4),(0.558850231379431,0.580207515797439),
 .UNSPECIFIED.);
#155=B_SPLINE_CURVE_WITH_KNOTS('',3,(#5202,#5203,#5204,#5205,#5206,#5207,
#5208,#5209,#5210,#5211,#5212,#5213,#5214,#5215,#5216,#5217,#5218,#5219,
#5220,#5221,#5222,#5223),.UNSPECIFIED.,.T.,.F.,(4,2,2,3,2,3,3,3,4),(0.,
0.119629600204719,0.239259200409437,0.360296207675391,0.506488056325201,
0.646414540032877,0.75458601831196,0.860643409138521,1.),.UNSPECIFIED.);
#156=B_SPLINE_CURVE_WITH_KNOTS('',3,(#5225,#5226,#5227,#5228,#5229,#5230,
#5231,#5232,#5233,#5234,#5235,#5236,#5237,#5238,#5239,#5240,#5241,#5242,
#5243,#5244,#5245,#5246),.UNSPECIFIED.,.T.,.F.,(4,2,2,3,2,3,3,3,4),(0.,
0.119629600204719,0.239259200409437,0.360296207675391,0.506488056325201,
0.646414540032877,0.75458601831196,0.860643409138521,1.),.UNSPECIFIED.);
#157=B_SPLINE_CURVE_WITH_KNOTS('',3,(#5249,#5250,#5251,#5252),
 .UNSPECIFIED.,.F.,.F.,(4,4),(0.580207515797439,0.606665047240643),
 .UNSPECIFIED.);
#158=CONTEXT_DEPENDENT_SHAPE_REPRESENTATION(#164,#5270);
#159=CONTEXT_DEPENDENT_SHAPE_REPRESENTATION(#165,#5272);
#160=CONTEXT_DEPENDENT_SHAPE_REPRESENTATION(#166,#5274);
#161=NEXT_ASSEMBLY_USAGE_OCCURRENCE('Body','Body','Body',#5275,#5276,'');
#162=NEXT_ASSEMBLY_USAGE_OCCURRENCE('Pins','Pins','Pins',#5275,#5277,'');
#163=NEXT_ASSEMBLY_USAGE_OCCURRENCE('Cover','Cover','Cover',#5275,#5278,
'');
#164=(
REPRESENTATION_RELATIONSHIP(' ',' ',#3046,#3047)
REPRESENTATION_RELATIONSHIP_WITH_TRANSFORMATION(#167)
SHAPE_REPRESENTATION_RELATIONSHIP()
);
#165=(
REPRESENTATION_RELATIONSHIP(' ',' ',#3048,#3047)
REPRESENTATION_RELATIONSHIP_WITH_TRANSFORMATION(#168)
SHAPE_REPRESENTATION_RELATIONSHIP()
);
#166=(
REPRESENTATION_RELATIONSHIP(' ',' ',#3049,#3047)
REPRESENTATION_RELATIONSHIP_WITH_TRANSFORMATION(#169)
SHAPE_REPRESENTATION_RELATIONSHIP()
);
#167=ITEM_DEFINED_TRANSFORMATION(' ',' ',#3050,#3093);
#168=ITEM_DEFINED_TRANSFORMATION(' ',' ',#3050,#3120);
#169=ITEM_DEFINED_TRANSFORMATION(' ',' ',#3050,#3212);
#170=SHAPE_REPRESENTATION_RELATIONSHIP('','',#3046,#173);
#171=SHAPE_REPRESENTATION_RELATIONSHIP('','',#3048,#174);
#172=SHAPE_REPRESENTATION_RELATIONSHIP('','',#3049,#175);
#173=ADVANCED_BREP_SHAPE_REPRESENTATION('',(#3038),#5258);
#174=ADVANCED_BREP_SHAPE_REPRESENTATION('',(#3039,#3040),#5259);
#175=ADVANCED_BREP_SHAPE_REPRESENTATION('',(#3041),#5260);
#176=CYLINDRICAL_SURFACE('',#3060,0.1);
#177=CYLINDRICAL_SURFACE('',#3063,0.1);
#178=CYLINDRICAL_SURFACE('',#3066,0.1);
#179=CYLINDRICAL_SURFACE('',#3069,0.1);
#180=CYLINDRICAL_SURFACE('',#3075,0.2);
#181=CYLINDRICAL_SURFACE('',#3078,0.2);
#182=CYLINDRICAL_SURFACE('',#3085,0.2);
#183=CYLINDRICAL_SURFACE('',#3088,0.2);
#184=CYLINDRICAL_SURFACE('',#3096,0.2);
#185=CYLINDRICAL_SURFACE('',#3100,0.2);
#186=CYLINDRICAL_SURFACE('',#3109,0.2);
#187=CYLINDRICAL_SURFACE('',#3113,0.2);
#188=CYLINDRICAL_SURFACE('',#3135,0.11);
#189=CYLINDRICAL_SURFACE('',#3138,0.11);
#190=CYLINDRICAL_SURFACE('',#3141,0.11);
#191=CYLINDRICAL_SURFACE('',#3144,0.11);
#192=CYLINDRICAL_SURFACE('',#3148,0.2);
#193=CYLINDRICAL_SURFACE('',#3150,0.2);
#194=CYLINDRICAL_SURFACE('',#3152,0.2);
#195=CYLINDRICAL_SURFACE('',#3154,0.2);
#196=LINE('',#3721,#373);
#197=LINE('',#3725,#374);
#198=LINE('',#3729,#375);
#199=LINE('',#3733,#376);
#200=LINE('',#3734,#377);
#201=LINE('',#3737,#378);
#202=LINE('',#3739,#379);
#203=LINE('',#3743,#380);
#204=LINE('',#3747,#381);
#205=LINE('',#3749,#382);
#206=LINE('',#3750,#383);
#207=LINE('',#3753,#384);
#208=LINE('',#3757,#385);
#209=LINE('',#3761,#386);
#210=LINE('',#3763,#387);
#211=LINE('',#3767,#388);
#212=LINE('',#3769,#389);
#213=LINE('',#3771,#390);
#214=LINE('',#3773,#391);
#215=LINE('',#3777,#392);
#216=LINE('',#3779,#393);
#217=LINE('',#3781,#394);
#218=LINE('',#3785,#395);
#219=LINE('',#3787,#396);
#220=LINE('',#3789,#397);
#221=LINE('',#3793,#398);
#222=LINE('',#3796,#399);
#223=LINE('',#3798,#400);
#224=LINE('',#3800,#401);
#225=LINE('',#3802,#402);
#226=LINE('',#3804,#403);
#227=LINE('',#3808,#404);
#228=LINE('',#3810,#405);
#229=LINE('',#3812,#406);
#230=LINE('',#3816,#407);
#231=LINE('',#3818,#408);
#232=LINE('',#3820,#409);
#233=LINE('',#3822,#410);
#234=LINE('',#3824,#411);
#235=LINE('',#3826,#412);
#236=LINE('',#3829,#413);
#237=LINE('',#3831,#414);
#238=LINE('',#3833,#415);
#239=LINE('',#3837,#416);
#240=LINE('',#3839,#417);
#241=LINE('',#3841,#418);
#242=LINE('',#3845,#419);
#243=LINE('',#3847,#420);
#244=LINE('',#3849,#421);
#245=LINE('',#3851,#422);
#246=LINE('',#3855,#423);
#247=LINE('',#3858,#424);
#248=LINE('',#3860,#425);
#249=LINE('',#3862,#426);
#250=LINE('',#3864,#427);
#251=LINE('',#3866,#428);
#252=LINE('',#3868,#429);
#253=LINE('',#3872,#430);
#254=LINE('',#3876,#431);
#255=LINE('',#3878,#432);
#256=LINE('',#3880,#433);
#257=LINE('',#3884,#434);
#258=LINE('',#3888,#435);
#259=LINE('',#3890,#436);
#260=LINE('',#3892,#437);
#261=LINE('',#3894,#438);
#262=LINE('',#3896,#439);
#263=LINE('',#3898,#440);
#264=LINE('',#3900,#441);
#265=LINE('',#3901,#442);
#266=LINE('',#3905,#443);
#267=LINE('',#3908,#444);
#268=LINE('',#3910,#445);
#269=LINE('',#3912,#446);
#270=LINE('',#3916,#447);
#271=LINE('',#3920,#448);
#272=LINE('',#3922,#449);
#273=LINE('',#3924,#450);
#274=LINE('',#3928,#451);
#275=LINE('',#3932,#452);
#276=LINE('',#3934,#453);
#277=LINE('',#3936,#454);
#278=LINE('',#3938,#455);
#279=LINE('',#3939,#456);
#280=LINE('',#3947,#457);
#281=LINE('',#3951,#458);
#282=LINE('',#3955,#459);
#283=LINE('',#3959,#460);
#284=LINE('',#4365,#461);
#285=LINE('',#4369,#462);
#286=LINE('',#4373,#463);
#287=LINE('',#4377,#464);
#288=LINE('',#4378,#465);
#289=LINE('',#4383,#466);
#290=LINE('',#4387,#467);
#291=LINE('',#4391,#468);
#292=LINE('',#4398,#469);
#293=LINE('',#4399,#470);
#294=LINE('',#4401,#471);
#295=LINE('',#4403,#472);
#296=LINE('',#4407,#473);
#297=LINE('',#4409,#474);
#298=LINE('',#4411,#475);
#299=LINE('',#4415,#476);
#300=LINE('',#4417,#477);
#301=LINE('',#4419,#478);
#302=LINE('',#4423,#479);
#303=LINE('',#4425,#480);
#304=LINE('',#4428,#481);
#305=LINE('',#4429,#482);
#306=LINE('',#4431,#483);
#307=LINE('',#4433,#484);
#308=LINE('',#4435,#485);
#309=LINE('',#4437,#486);
#310=LINE('',#4439,#487);
#311=LINE('',#4441,#488);
#312=LINE('',#4444,#489);
#313=LINE('',#4451,#490);
#314=LINE('',#4458,#491);
#315=LINE('',#4465,#492);
#316=LINE('',#4484,#493);
#317=LINE('',#4503,#494);
#318=LINE('',#4510,#495);
#319=LINE('',#4517,#496);
#320=LINE('',#4524,#497);
#321=LINE('',#4531,#498);
#322=LINE('',#4538,#499);
#323=LINE('',#4545,#500);
#324=LINE('',#4552,#501);
#325=LINE('',#4567,#502);
#326=LINE('',#4574,#503);
#327=LINE('',#4615,#504);
#328=LINE('',#4646,#505);
#329=LINE('',#4653,#506);
#330=LINE('',#4694,#507);
#331=LINE('',#4723,#508);
#332=LINE('',#4742,#509);
#333=LINE('',#4791,#510);
#334=LINE('',#4798,#511);
#335=LINE('',#4805,#512);
#336=LINE('',#4812,#513);
#337=LINE('',#4819,#514);
#338=LINE('',#4838,#515);
#339=LINE('',#4845,#516);
#340=LINE('',#4873,#517);
#341=LINE('',#4878,#518);
#342=LINE('',#4883,#519);
#343=LINE('',#4888,#520);
#344=LINE('',#4893,#521);
#345=LINE('',#4898,#522);
#346=LINE('',#4903,#523);
#347=LINE('',#4908,#524);
#348=LINE('',#4913,#525);
#349=LINE('',#4918,#526);
#350=LINE('',#4923,#527);
#351=LINE('',#4928,#528);
#352=LINE('',#4934,#529);
#353=LINE('',#4939,#530);
#354=LINE('',#4944,#531);
#355=LINE('',#4949,#532);
#356=LINE('',#4955,#533);
#357=LINE('',#4960,#534);
#358=LINE('',#4965,#535);
#359=LINE('',#4970,#536);
#360=LINE('',#4976,#537);
#361=LINE('',#4983,#538);
#362=LINE('',#4990,#539);
#363=LINE('',#4997,#540);
#364=LINE('',#5004,#541);
#365=LINE('',#5034,#542);
#366=LINE('',#5041,#543);
#367=LINE('',#5093,#544);
#368=LINE('',#5113,#545);
#369=LINE('',#5120,#546);
#370=LINE('',#5146,#547);
#371=LINE('',#5176,#548);
#372=LINE('',#5183,#549);
#373=VECTOR('',#3219,1000.);
#374=VECTOR('',#3222,1000.);
#375=VECTOR('',#3225,1000.);
#376=VECTOR('',#3228,1000.);
#377=VECTOR('',#3229,1000.);
#378=VECTOR('',#3230,1000.);
#379=VECTOR('',#3231,1000.);
#380=VECTOR('',#3234,1000.);
#381=VECTOR('',#3237,1000.);
#382=VECTOR('',#3238,1000.);
#383=VECTOR('',#3239,1000.);
#384=VECTOR('',#3240,1000.);
#385=VECTOR('',#3243,1000.);
#386=VECTOR('',#3246,1000.);
#387=VECTOR('',#3249,1000.);
#388=VECTOR('',#3252,1000.);
#389=VECTOR('',#3255,1000.);
#390=VECTOR('',#3256,1000.);
#391=VECTOR('',#3259,1000.);
#392=VECTOR('',#3264,1000.);
#393=VECTOR('',#3265,1000.);
#394=VECTOR('',#3268,1000.);
#395=VECTOR('',#3273,1000.);
#396=VECTOR('',#3274,1000.);
#397=VECTOR('',#3277,1000.);
#398=VECTOR('',#3282,1000.);
#399=VECTOR('',#3287,1000.);
#400=VECTOR('',#3288,1000.);
#401=VECTOR('',#3289,1000.);
#402=VECTOR('',#3292,1000.);
#403=VECTOR('',#3293,1000.);
#404=VECTOR('',#3298,1000.);
#405=VECTOR('',#3301,1000.);
#406=VECTOR('',#3302,1000.);
#407=VECTOR('',#3307,1000.);
#408=VECTOR('',#3310,1000.);
#409=VECTOR('',#3311,1000.);
#410=VECTOR('',#3314,1000.);
#411=VECTOR('',#3315,1000.);
#412=VECTOR('',#3318,1000.);
#413=VECTOR('',#3323,1000.);
#414=VECTOR('',#3324,1000.);
#415=VECTOR('',#3325,1000.);
#416=VECTOR('',#3330,1000.);
#417=VECTOR('',#3333,1000.);
#418=VECTOR('',#3334,1000.);
#419=VECTOR('',#3339,1000.);
#420=VECTOR('',#3342,1000.);
#421=VECTOR('',#3343,1000.);
#422=VECTOR('',#3346,1000.);
#423=VECTOR('',#3353,1000.);
#424=VECTOR('',#3354,1000.);
#425=VECTOR('',#3355,1000.);
#426=VECTOR('',#3356,1000.);
#427=VECTOR('',#3359,1000.);
#428=VECTOR('',#3360,1000.);
#429=VECTOR('',#3361,1000.);
#430=VECTOR('',#3366,1000.);
#431=VECTOR('',#3371,1000.);
#432=VECTOR('',#3372,1000.);
#433=VECTOR('',#3373,1000.);
#434=VECTOR('',#3378,1000.);
#435=VECTOR('',#3383,1000.);
#436=VECTOR('',#3384,1000.);
#437=VECTOR('',#3385,1000.);
#438=VECTOR('',#3388,1000.);
#439=VECTOR('',#3389,1000.);
#440=VECTOR('',#3390,1000.);
#441=VECTOR('',#3393,1000.);
#442=VECTOR('',#3394,1000.);
#443=VECTOR('',#3401,1000.);
#444=VECTOR('',#3402,1000.);
#445=VECTOR('',#3403,1000.);
#446=VECTOR('',#3404,1000.);
#447=VECTOR('',#3409,1000.);
#448=VECTOR('',#3414,1000.);
#449=VECTOR('',#3415,1000.);
#450=VECTOR('',#3416,1000.);
#451=VECTOR('',#3421,1000.);
#452=VECTOR('',#3426,1000.);
#453=VECTOR('',#3427,1000.);
#454=VECTOR('',#3428,1000.);
#455=VECTOR('',#3431,1000.);
#456=VECTOR('',#3432,1000.);
#457=VECTOR('',#3443,1000.);
#458=VECTOR('',#3446,1000.);
#459=VECTOR('',#3449,1000.);
#460=VECTOR('',#3452,1000.);
#461=VECTOR('',#3457,1000.);
#462=VECTOR('',#3460,1000.);
#463=VECTOR('',#3463,1000.);
#464=VECTOR('',#3466,1000.);
#465=VECTOR('',#3467,1000.);
#466=VECTOR('',#3470,1000.);
#467=VECTOR('',#3473,1000.);
#468=VECTOR('',#3476,1000.);
#469=VECTOR('',#3483,1000.);
#470=VECTOR('',#3484,1000.);
#471=VECTOR('',#3487,1000.);
#472=VECTOR('',#3488,1000.);
#473=VECTOR('',#3493,1000.);
#474=VECTOR('',#3496,1000.);
#475=VECTOR('',#3497,1000.);
#476=VECTOR('',#3502,1000.);
#477=VECTOR('',#3505,1000.);
#478=VECTOR('',#3506,1000.);
#479=VECTOR('',#3511,1000.);
#480=VECTOR('',#3514,1000.);
#481=VECTOR('',#3519,1000.);
#482=VECTOR('',#3520,1000.);
#483=VECTOR('',#3523,1000.);
#484=VECTOR('',#3526,1000.);
#485=VECTOR('',#3529,1000.);
#486=VECTOR('',#3532,1000.);
#487=VECTOR('',#3535,1000.);
#488=VECTOR('',#3538,1000.);
#489=VECTOR('',#3543,1000.);
#490=VECTOR('',#3544,1000.);
#491=VECTOR('',#3547,1000.);
#492=VECTOR('',#3550,1000.);
#493=VECTOR('',#3551,1000.);
#494=VECTOR('',#3552,1000.);
#495=VECTOR('',#3555,1000.);
#496=VECTOR('',#3558,1000.);
#497=VECTOR('',#3561,1000.);
#498=VECTOR('',#3564,1000.);
#499=VECTOR('',#3567,1000.);
#500=VECTOR('',#3570,1000.);
#501=VECTOR('',#3573,1000.);
#502=VECTOR('',#3578,1000.);
#503=VECTOR('',#3579,1000.);
#504=VECTOR('',#3580,1000.);
#505=VECTOR('',#3581,1000.);
#506=VECTOR('',#3584,1000.);
#507=VECTOR('',#3585,1000.);
#508=VECTOR('',#3586,1000.);
#509=VECTOR('',#3587,1000.);
#510=VECTOR('',#3596,1000.);
#511=VECTOR('',#3597,1000.);
#512=VECTOR('',#3600,1000.);
#513=VECTOR('',#3603,1000.);
#514=VECTOR('',#3606,1000.);
#515=VECTOR('',#3607,1000.);
#516=VECTOR('',#3610,1000.);
#517=VECTOR('',#3615,1000.);
#518=VECTOR('',#3616,1000.);
#519=VECTOR('',#3619,1000.);
#520=VECTOR('',#3622,1000.);
#521=VECTOR('',#3625,1000.);
#522=VECTOR('',#3628,1000.);
#523=VECTOR('',#3631,1000.);
#524=VECTOR('',#3634,1000.);
#525=VECTOR('',#3637,1000.);
#526=VECTOR('',#3640,1000.);
#527=VECTOR('',#3643,1000.);
#528=VECTOR('',#3646,1000.);
#529=VECTOR('',#3653,1000.);
#530=VECTOR('',#3654,1000.);
#531=VECTOR('',#3657,1000.);
#532=VECTOR('',#3660,1000.);
#533=VECTOR('',#3667,1000.);
#534=VECTOR('',#3668,1000.);
#535=VECTOR('',#3671,1000.);
#536=VECTOR('',#3674,1000.);
#537=VECTOR('',#3681,1000.);
#538=VECTOR('',#3682,1000.);
#539=VECTOR('',#3685,1000.);
#540=VECTOR('',#3688,1000.);
#541=VECTOR('',#3691,1000.);
#542=VECTOR('',#3692,1000.);
#543=VECTOR('',#3695,1000.);
#544=VECTOR('',#3698,1000.);
#545=VECTOR('',#3699,1000.);
#546=VECTOR('',#3702,1000.);
#547=VECTOR('',#3703,1000.);
#548=VECTOR('',#3704,1000.);
#549=VECTOR('',#3707,1000.);
#550=ORIENTED_EDGE('',*,*,#1232,.F.);
#551=ORIENTED_EDGE('',*,*,#1233,.F.);
#552=ORIENTED_EDGE('',*,*,#1234,.F.);
#553=ORIENTED_EDGE('',*,*,#1235,.F.);
#554=ORIENTED_EDGE('',*,*,#1236,.F.);
#555=ORIENTED_EDGE('',*,*,#1237,.F.);
#556=ORIENTED_EDGE('',*,*,#1238,.F.);
#557=ORIENTED_EDGE('',*,*,#1239,.F.);
#558=ORIENTED_EDGE('',*,*,#1240,.T.);
#559=ORIENTED_EDGE('',*,*,#1241,.T.);
#560=ORIENTED_EDGE('',*,*,#1242,.T.);
#561=ORIENTED_EDGE('',*,*,#1243,.T.);
#562=ORIENTED_EDGE('',*,*,#1244,.T.);
#563=ORIENTED_EDGE('',*,*,#1245,.T.);
#564=ORIENTED_EDGE('',*,*,#1246,.T.);
#565=ORIENTED_EDGE('',*,*,#1247,.T.);
#566=ORIENTED_EDGE('',*,*,#1248,.T.);
#567=ORIENTED_EDGE('',*,*,#1249,.T.);
#568=ORIENTED_EDGE('',*,*,#1250,.T.);
#569=ORIENTED_EDGE('',*,*,#1251,.T.);
#570=ORIENTED_EDGE('',*,*,#1252,.T.);
#571=ORIENTED_EDGE('',*,*,#1253,.T.);
#572=ORIENTED_EDGE('',*,*,#1232,.T.);
#573=ORIENTED_EDGE('',*,*,#1254,.F.);
#574=ORIENTED_EDGE('',*,*,#1255,.F.);
#575=ORIENTED_EDGE('',*,*,#1256,.T.);
#576=ORIENTED_EDGE('',*,*,#1239,.T.);
#577=ORIENTED_EDGE('',*,*,#1257,.F.);
#578=ORIENTED_EDGE('',*,*,#1258,.F.);
#579=ORIENTED_EDGE('',*,*,#1254,.T.);
#580=ORIENTED_EDGE('',*,*,#1238,.T.);
#581=ORIENTED_EDGE('',*,*,#1259,.F.);
#582=ORIENTED_EDGE('',*,*,#1260,.F.);
#583=ORIENTED_EDGE('',*,*,#1257,.T.);
#584=ORIENTED_EDGE('',*,*,#1237,.T.);
#585=ORIENTED_EDGE('',*,*,#1261,.F.);
#586=ORIENTED_EDGE('',*,*,#1262,.F.);
#587=ORIENTED_EDGE('',*,*,#1259,.T.);
#588=ORIENTED_EDGE('',*,*,#1236,.T.);
#589=ORIENTED_EDGE('',*,*,#1263,.F.);
#590=ORIENTED_EDGE('',*,*,#1264,.F.);
#591=ORIENTED_EDGE('',*,*,#1261,.T.);
#592=ORIENTED_EDGE('',*,*,#1235,.T.);
#593=ORIENTED_EDGE('',*,*,#1265,.F.);
#594=ORIENTED_EDGE('',*,*,#1266,.F.);
#595=ORIENTED_EDGE('',*,*,#1263,.T.);
#596=ORIENTED_EDGE('',*,*,#1234,.T.);
#597=ORIENTED_EDGE('',*,*,#1267,.F.);
#598=ORIENTED_EDGE('',*,*,#1268,.F.);
#599=ORIENTED_EDGE('',*,*,#1265,.T.);
#600=ORIENTED_EDGE('',*,*,#1233,.T.);
#601=ORIENTED_EDGE('',*,*,#1256,.F.);
#602=ORIENTED_EDGE('',*,*,#1269,.F.);
#603=ORIENTED_EDGE('',*,*,#1267,.T.);
#604=ORIENTED_EDGE('',*,*,#1255,.T.);
#605=ORIENTED_EDGE('',*,*,#1258,.T.);
#606=ORIENTED_EDGE('',*,*,#1260,.T.);
#607=ORIENTED_EDGE('',*,*,#1262,.T.);
#608=ORIENTED_EDGE('',*,*,#1264,.T.);
#609=ORIENTED_EDGE('',*,*,#1266,.T.);
#610=ORIENTED_EDGE('',*,*,#1268,.T.);
#611=ORIENTED_EDGE('',*,*,#1269,.T.);
#612=ORIENTED_EDGE('',*,*,#1241,.F.);
#613=ORIENTED_EDGE('',*,*,#1270,.F.);
#614=ORIENTED_EDGE('',*,*,#1271,.T.);
#615=ORIENTED_EDGE('',*,*,#1272,.T.);
#616=ORIENTED_EDGE('',*,*,#1242,.F.);
#617=ORIENTED_EDGE('',*,*,#1272,.F.);
#618=ORIENTED_EDGE('',*,*,#1273,.T.);
#619=ORIENTED_EDGE('',*,*,#1274,.T.);
#620=ORIENTED_EDGE('',*,*,#1243,.F.);
#621=ORIENTED_EDGE('',*,*,#1274,.F.);
#622=ORIENTED_EDGE('',*,*,#1275,.T.);
#623=ORIENTED_EDGE('',*,*,#1276,.T.);
#624=ORIENTED_EDGE('',*,*,#1244,.F.);
#625=ORIENTED_EDGE('',*,*,#1276,.F.);
#626=ORIENTED_EDGE('',*,*,#1277,.T.);
#627=ORIENTED_EDGE('',*,*,#1278,.T.);
#628=ORIENTED_EDGE('',*,*,#1245,.F.);
#629=ORIENTED_EDGE('',*,*,#1278,.F.);
#630=ORIENTED_EDGE('',*,*,#1279,.T.);
#631=ORIENTED_EDGE('',*,*,#1280,.T.);
#632=ORIENTED_EDGE('',*,*,#1246,.F.);
#633=ORIENTED_EDGE('',*,*,#1280,.F.);
#634=ORIENTED_EDGE('',*,*,#1281,.T.);
#635=ORIENTED_EDGE('',*,*,#1282,.T.);
#636=ORIENTED_EDGE('',*,*,#1247,.F.);
#637=ORIENTED_EDGE('',*,*,#1282,.F.);
#638=ORIENTED_EDGE('',*,*,#1283,.T.);
#639=ORIENTED_EDGE('',*,*,#1284,.T.);
#640=ORIENTED_EDGE('',*,*,#1240,.F.);
#641=ORIENTED_EDGE('',*,*,#1284,.F.);
#642=ORIENTED_EDGE('',*,*,#1285,.T.);
#643=ORIENTED_EDGE('',*,*,#1270,.T.);
#644=ORIENTED_EDGE('',*,*,#1271,.F.);
#645=ORIENTED_EDGE('',*,*,#1285,.F.);
#646=ORIENTED_EDGE('',*,*,#1283,.F.);
#647=ORIENTED_EDGE('',*,*,#1281,.F.);
#648=ORIENTED_EDGE('',*,*,#1279,.F.);
#649=ORIENTED_EDGE('',*,*,#1277,.F.);
#650=ORIENTED_EDGE('',*,*,#1275,.F.);
#651=ORIENTED_EDGE('',*,*,#1273,.F.);
#652=ORIENTED_EDGE('',*,*,#1249,.F.);
#653=ORIENTED_EDGE('',*,*,#1286,.F.);
#654=ORIENTED_EDGE('',*,*,#1287,.T.);
#655=ORIENTED_EDGE('',*,*,#1288,.T.);
#656=ORIENTED_EDGE('',*,*,#1250,.F.);
#657=ORIENTED_EDGE('',*,*,#1288,.F.);
#658=ORIENTED_EDGE('',*,*,#1289,.T.);
#659=ORIENTED_EDGE('',*,*,#1290,.T.);
#660=ORIENTED_EDGE('',*,*,#1251,.F.);
#661=ORIENTED_EDGE('',*,*,#1290,.F.);
#662=ORIENTED_EDGE('',*,*,#1291,.T.);
#663=ORIENTED_EDGE('',*,*,#1292,.T.);
#664=ORIENTED_EDGE('',*,*,#1252,.F.);
#665=ORIENTED_EDGE('',*,*,#1292,.F.);
#666=ORIENTED_EDGE('',*,*,#1293,.T.);
#667=ORIENTED_EDGE('',*,*,#1294,.T.);
#668=ORIENTED_EDGE('',*,*,#1253,.F.);
#669=ORIENTED_EDGE('',*,*,#1294,.F.);
#670=ORIENTED_EDGE('',*,*,#1295,.T.);
#671=ORIENTED_EDGE('',*,*,#1296,.T.);
#672=ORIENTED_EDGE('',*,*,#1248,.F.);
#673=ORIENTED_EDGE('',*,*,#1296,.F.);
#674=ORIENTED_EDGE('',*,*,#1297,.T.);
#675=ORIENTED_EDGE('',*,*,#1286,.T.);
#676=ORIENTED_EDGE('',*,*,#1287,.F.);
#677=ORIENTED_EDGE('',*,*,#1297,.F.);
#678=ORIENTED_EDGE('',*,*,#1295,.F.);
#679=ORIENTED_EDGE('',*,*,#1293,.F.);
#680=ORIENTED_EDGE('',*,*,#1291,.F.);
#681=ORIENTED_EDGE('',*,*,#1289,.F.);
#682=ORIENTED_EDGE('',*,*,#1298,.T.);
#683=ORIENTED_EDGE('',*,*,#1299,.F.);
#684=ORIENTED_EDGE('',*,*,#1300,.F.);
#685=ORIENTED_EDGE('',*,*,#1301,.T.);
#686=ORIENTED_EDGE('',*,*,#1302,.T.);
#687=ORIENTED_EDGE('',*,*,#1303,.F.);
#688=ORIENTED_EDGE('',*,*,#1304,.F.);
#689=ORIENTED_EDGE('',*,*,#1299,.T.);
#690=ORIENTED_EDGE('',*,*,#1305,.T.);
#691=ORIENTED_EDGE('',*,*,#1306,.F.);
#692=ORIENTED_EDGE('',*,*,#1307,.F.);
#693=ORIENTED_EDGE('',*,*,#1303,.T.);
#694=ORIENTED_EDGE('',*,*,#1308,.T.);
#695=ORIENTED_EDGE('',*,*,#1309,.F.);
#696=ORIENTED_EDGE('',*,*,#1310,.F.);
#697=ORIENTED_EDGE('',*,*,#1306,.T.);
#698=ORIENTED_EDGE('',*,*,#1311,.T.);
#699=ORIENTED_EDGE('',*,*,#1312,.F.);
#700=ORIENTED_EDGE('',*,*,#1313,.F.);
#701=ORIENTED_EDGE('',*,*,#1309,.T.);
#702=ORIENTED_EDGE('',*,*,#1314,.T.);
#703=ORIENTED_EDGE('',*,*,#1315,.F.);
#704=ORIENTED_EDGE('',*,*,#1316,.F.);
#705=ORIENTED_EDGE('',*,*,#1312,.T.);
#706=ORIENTED_EDGE('',*,*,#1317,.T.);
#707=ORIENTED_EDGE('',*,*,#1318,.F.);
#708=ORIENTED_EDGE('',*,*,#1319,.F.);
#709=ORIENTED_EDGE('',*,*,#1315,.T.);
#710=ORIENTED_EDGE('',*,*,#1320,.T.);
#711=ORIENTED_EDGE('',*,*,#1301,.F.);
#712=ORIENTED_EDGE('',*,*,#1321,.F.);
#713=ORIENTED_EDGE('',*,*,#1318,.T.);
#714=ORIENTED_EDGE('',*,*,#1300,.T.);
#715=ORIENTED_EDGE('',*,*,#1304,.T.);
#716=ORIENTED_EDGE('',*,*,#1307,.T.);
#717=ORIENTED_EDGE('',*,*,#1310,.T.);
#718=ORIENTED_EDGE('',*,*,#1313,.T.);
#719=ORIENTED_EDGE('',*,*,#1316,.T.);
#720=ORIENTED_EDGE('',*,*,#1319,.T.);
#721=ORIENTED_EDGE('',*,*,#1321,.T.);
#722=ORIENTED_EDGE('',*,*,#1298,.F.);
#723=ORIENTED_EDGE('',*,*,#1320,.F.);
#724=ORIENTED_EDGE('',*,*,#1317,.F.);
#725=ORIENTED_EDGE('',*,*,#1314,.F.);
#726=ORIENTED_EDGE('',*,*,#1311,.F.);
#727=ORIENTED_EDGE('',*,*,#1308,.F.);
#728=ORIENTED_EDGE('',*,*,#1305,.F.);
#729=ORIENTED_EDGE('',*,*,#1302,.F.);
#730=ORIENTED_EDGE('',*,*,#1322,.T.);
#731=ORIENTED_EDGE('',*,*,#1323,.F.);
#732=ORIENTED_EDGE('',*,*,#1324,.F.);
#733=ORIENTED_EDGE('',*,*,#1325,.T.);
#734=ORIENTED_EDGE('',*,*,#1326,.T.);
#735=ORIENTED_EDGE('',*,*,#1327,.F.);
#736=ORIENTED_EDGE('',*,*,#1328,.F.);
#737=ORIENTED_EDGE('',*,*,#1323,.T.);
#738=ORIENTED_EDGE('',*,*,#1329,.T.);
#739=ORIENTED_EDGE('',*,*,#1330,.F.);
#740=ORIENTED_EDGE('',*,*,#1331,.F.);
#741=ORIENTED_EDGE('',*,*,#1327,.T.);
#742=ORIENTED_EDGE('',*,*,#1332,.T.);
#743=ORIENTED_EDGE('',*,*,#1333,.F.);
#744=ORIENTED_EDGE('',*,*,#1334,.F.);
#745=ORIENTED_EDGE('',*,*,#1330,.T.);
#746=ORIENTED_EDGE('',*,*,#1335,.T.);
#747=ORIENTED_EDGE('',*,*,#1336,.F.);
#748=ORIENTED_EDGE('',*,*,#1337,.F.);
#749=ORIENTED_EDGE('',*,*,#1333,.T.);
#750=ORIENTED_EDGE('',*,*,#1338,.T.);
#751=ORIENTED_EDGE('',*,*,#1325,.F.);
#752=ORIENTED_EDGE('',*,*,#1339,.F.);
#753=ORIENTED_EDGE('',*,*,#1336,.T.);
#754=ORIENTED_EDGE('',*,*,#1324,.T.);
#755=ORIENTED_EDGE('',*,*,#1328,.T.);
#756=ORIENTED_EDGE('',*,*,#1331,.T.);
#757=ORIENTED_EDGE('',*,*,#1334,.T.);
#758=ORIENTED_EDGE('',*,*,#1337,.T.);
#759=ORIENTED_EDGE('',*,*,#1339,.T.);
#760=ORIENTED_EDGE('',*,*,#1322,.F.);
#761=ORIENTED_EDGE('',*,*,#1338,.F.);
#762=ORIENTED_EDGE('',*,*,#1335,.F.);
#763=ORIENTED_EDGE('',*,*,#1332,.F.);
#764=ORIENTED_EDGE('',*,*,#1329,.F.);
#765=ORIENTED_EDGE('',*,*,#1326,.F.);
#766=ORIENTED_EDGE('',*,*,#1340,.T.);
#767=ORIENTED_EDGE('',*,*,#1341,.T.);
#768=ORIENTED_EDGE('',*,*,#1342,.T.);
#769=ORIENTED_EDGE('',*,*,#1343,.T.);
#770=ORIENTED_EDGE('',*,*,#1344,.T.);
#771=ORIENTED_EDGE('',*,*,#1345,.T.);
#772=ORIENTED_EDGE('',*,*,#1346,.T.);
#773=ORIENTED_EDGE('',*,*,#1347,.T.);
#774=ORIENTED_EDGE('',*,*,#1348,.T.);
#775=ORIENTED_EDGE('',*,*,#1349,.T.);
#776=ORIENTED_EDGE('',*,*,#1350,.T.);
#777=ORIENTED_EDGE('',*,*,#1351,.T.);
#778=ORIENTED_EDGE('',*,*,#1352,.T.);
#779=ORIENTED_EDGE('',*,*,#1353,.T.);
#780=ORIENTED_EDGE('',*,*,#1354,.T.);
#781=ORIENTED_EDGE('',*,*,#1355,.T.);
#782=ORIENTED_EDGE('',*,*,#1356,.T.);
#783=ORIENTED_EDGE('',*,*,#1357,.T.);
#784=ORIENTED_EDGE('',*,*,#1358,.T.);
#785=ORIENTED_EDGE('',*,*,#1359,.T.);
#786=ORIENTED_EDGE('',*,*,#1360,.T.);
#787=ORIENTED_EDGE('',*,*,#1361,.T.);
#788=ORIENTED_EDGE('',*,*,#1362,.T.);
#789=ORIENTED_EDGE('',*,*,#1363,.T.);
#790=ORIENTED_EDGE('',*,*,#1364,.T.);
#791=ORIENTED_EDGE('',*,*,#1365,.T.);
#792=ORIENTED_EDGE('',*,*,#1366,.T.);
#793=ORIENTED_EDGE('',*,*,#1367,.T.);
#794=ORIENTED_EDGE('',*,*,#1368,.T.);
#795=ORIENTED_EDGE('',*,*,#1369,.T.);
#796=ORIENTED_EDGE('',*,*,#1370,.T.);
#797=ORIENTED_EDGE('',*,*,#1371,.T.);
#798=ORIENTED_EDGE('',*,*,#1372,.T.);
#799=ORIENTED_EDGE('',*,*,#1373,.T.);
#800=ORIENTED_EDGE('',*,*,#1374,.T.);
#801=ORIENTED_EDGE('',*,*,#1375,.T.);
#802=ORIENTED_EDGE('',*,*,#1376,.T.);
#803=ORIENTED_EDGE('',*,*,#1377,.T.);
#804=ORIENTED_EDGE('',*,*,#1378,.T.);
#805=ORIENTED_EDGE('',*,*,#1379,.T.);
#806=ORIENTED_EDGE('',*,*,#1380,.T.);
#807=ORIENTED_EDGE('',*,*,#1381,.T.);
#808=ORIENTED_EDGE('',*,*,#1382,.T.);
#809=ORIENTED_EDGE('',*,*,#1383,.T.);
#810=ORIENTED_EDGE('',*,*,#1384,.T.);
#811=ORIENTED_EDGE('',*,*,#1385,.T.);
#812=ORIENTED_EDGE('',*,*,#1386,.T.);
#813=ORIENTED_EDGE('',*,*,#1387,.T.);
#814=ORIENTED_EDGE('',*,*,#1388,.T.);
#815=ORIENTED_EDGE('',*,*,#1389,.T.);
#816=ORIENTED_EDGE('',*,*,#1390,.T.);
#817=ORIENTED_EDGE('',*,*,#1391,.T.);
#818=ORIENTED_EDGE('',*,*,#1392,.T.);
#819=ORIENTED_EDGE('',*,*,#1393,.T.);
#820=ORIENTED_EDGE('',*,*,#1394,.T.);
#821=ORIENTED_EDGE('',*,*,#1395,.T.);
#822=ORIENTED_EDGE('',*,*,#1396,.T.);
#823=ORIENTED_EDGE('',*,*,#1397,.T.);
#824=ORIENTED_EDGE('',*,*,#1398,.T.);
#825=ORIENTED_EDGE('',*,*,#1399,.T.);
#826=ORIENTED_EDGE('',*,*,#1400,.T.);
#827=ORIENTED_EDGE('',*,*,#1401,.T.);
#828=ORIENTED_EDGE('',*,*,#1402,.T.);
#829=ORIENTED_EDGE('',*,*,#1403,.T.);
#830=ORIENTED_EDGE('',*,*,#1404,.T.);
#831=ORIENTED_EDGE('',*,*,#1405,.T.);
#832=ORIENTED_EDGE('',*,*,#1406,.T.);
#833=ORIENTED_EDGE('',*,*,#1407,.F.);
#834=ORIENTED_EDGE('',*,*,#1408,.F.);
#835=ORIENTED_EDGE('',*,*,#1409,.F.);
#836=ORIENTED_EDGE('',*,*,#1410,.F.);
#837=ORIENTED_EDGE('',*,*,#1411,.F.);
#838=ORIENTED_EDGE('',*,*,#1412,.F.);
#839=ORIENTED_EDGE('',*,*,#1413,.F.);
#840=ORIENTED_EDGE('',*,*,#1414,.F.);
#841=ORIENTED_EDGE('',*,*,#1415,.F.);
#842=ORIENTED_EDGE('',*,*,#1416,.F.);
#843=ORIENTED_EDGE('',*,*,#1417,.F.);
#844=ORIENTED_EDGE('',*,*,#1418,.F.);
#845=ORIENTED_EDGE('',*,*,#1419,.F.);
#846=ORIENTED_EDGE('',*,*,#1420,.F.);
#847=ORIENTED_EDGE('',*,*,#1421,.F.);
#848=ORIENTED_EDGE('',*,*,#1422,.F.);
#849=ORIENTED_EDGE('',*,*,#1423,.F.);
#850=ORIENTED_EDGE('',*,*,#1424,.F.);
#851=ORIENTED_EDGE('',*,*,#1407,.T.);
#852=ORIENTED_EDGE('',*,*,#1425,.T.);
#853=ORIENTED_EDGE('',*,*,#1426,.F.);
#854=ORIENTED_EDGE('',*,*,#1425,.F.);
#855=ORIENTED_EDGE('',*,*,#1414,.T.);
#856=ORIENTED_EDGE('',*,*,#1427,.T.);
#857=ORIENTED_EDGE('',*,*,#1428,.F.);
#858=ORIENTED_EDGE('',*,*,#1427,.F.);
#859=ORIENTED_EDGE('',*,*,#1413,.T.);
#860=ORIENTED_EDGE('',*,*,#1429,.T.);
#861=ORIENTED_EDGE('',*,*,#1430,.F.);
#862=ORIENTED_EDGE('',*,*,#1429,.F.);
#863=ORIENTED_EDGE('',*,*,#1412,.T.);
#864=ORIENTED_EDGE('',*,*,#1431,.T.);
#865=ORIENTED_EDGE('',*,*,#1432,.F.);
#866=ORIENTED_EDGE('',*,*,#1431,.F.);
#867=ORIENTED_EDGE('',*,*,#1411,.T.);
#868=ORIENTED_EDGE('',*,*,#1433,.T.);
#869=ORIENTED_EDGE('',*,*,#1434,.F.);
#870=ORIENTED_EDGE('',*,*,#1433,.F.);
#871=ORIENTED_EDGE('',*,*,#1410,.T.);
#872=ORIENTED_EDGE('',*,*,#1435,.T.);
#873=ORIENTED_EDGE('',*,*,#1436,.F.);
#874=ORIENTED_EDGE('',*,*,#1435,.F.);
#875=ORIENTED_EDGE('',*,*,#1409,.T.);
#876=ORIENTED_EDGE('',*,*,#1437,.T.);
#877=ORIENTED_EDGE('',*,*,#1438,.F.);
#878=ORIENTED_EDGE('',*,*,#1437,.F.);
#879=ORIENTED_EDGE('',*,*,#1408,.T.);
#880=ORIENTED_EDGE('',*,*,#1424,.T.);
#881=ORIENTED_EDGE('',*,*,#1423,.T.);
#882=ORIENTED_EDGE('',*,*,#1426,.T.);
#883=ORIENTED_EDGE('',*,*,#1428,.T.);
#884=ORIENTED_EDGE('',*,*,#1430,.T.);
#885=ORIENTED_EDGE('',*,*,#1432,.T.);
#886=ORIENTED_EDGE('',*,*,#1434,.T.);
#887=ORIENTED_EDGE('',*,*,#1436,.T.);
#888=ORIENTED_EDGE('',*,*,#1438,.T.);
#889=ORIENTED_EDGE('',*,*,#1416,.T.);
#890=ORIENTED_EDGE('',*,*,#1439,.F.);
#891=ORIENTED_EDGE('',*,*,#1340,.F.);
#892=ORIENTED_EDGE('',*,*,#1440,.T.);
#893=ORIENTED_EDGE('',*,*,#1415,.T.);
#894=ORIENTED_EDGE('',*,*,#1441,.F.);
#895=ORIENTED_EDGE('',*,*,#1341,.F.);
#896=ORIENTED_EDGE('',*,*,#1439,.T.);
#897=ORIENTED_EDGE('',*,*,#1422,.T.);
#898=ORIENTED_EDGE('',*,*,#1442,.F.);
#899=ORIENTED_EDGE('',*,*,#1342,.F.);
#900=ORIENTED_EDGE('',*,*,#1441,.T.);
#901=ORIENTED_EDGE('',*,*,#1421,.T.);
#902=ORIENTED_EDGE('',*,*,#1443,.F.);
#903=ORIENTED_EDGE('',*,*,#1343,.F.);
#904=ORIENTED_EDGE('',*,*,#1442,.T.);
#905=ORIENTED_EDGE('',*,*,#1420,.T.);
#906=ORIENTED_EDGE('',*,*,#1444,.F.);
#907=ORIENTED_EDGE('',*,*,#1344,.F.);
#908=ORIENTED_EDGE('',*,*,#1443,.T.);
#909=ORIENTED_EDGE('',*,*,#1419,.T.);
#910=ORIENTED_EDGE('',*,*,#1445,.F.);
#911=ORIENTED_EDGE('',*,*,#1345,.F.);
#912=ORIENTED_EDGE('',*,*,#1444,.T.);
#913=ORIENTED_EDGE('',*,*,#1418,.T.);
#914=ORIENTED_EDGE('',*,*,#1446,.F.);
#915=ORIENTED_EDGE('',*,*,#1346,.F.);
#916=ORIENTED_EDGE('',*,*,#1445,.T.);
#917=ORIENTED_EDGE('',*,*,#1417,.T.);
#918=ORIENTED_EDGE('',*,*,#1440,.F.);
#919=ORIENTED_EDGE('',*,*,#1347,.F.);
#920=ORIENTED_EDGE('',*,*,#1446,.T.);
#921=ORIENTED_EDGE('',*,*,#1349,.F.);
#922=ORIENTED_EDGE('',*,*,#1447,.F.);
#923=ORIENTED_EDGE('',*,*,#1448,.T.);
#924=ORIENTED_EDGE('',*,*,#1449,.T.);
#925=ORIENTED_EDGE('',*,*,#1350,.F.);
#926=ORIENTED_EDGE('',*,*,#1449,.F.);
#927=ORIENTED_EDGE('',*,*,#1450,.T.);
#928=ORIENTED_EDGE('',*,*,#1451,.T.);
#929=ORIENTED_EDGE('',*,*,#1351,.F.);
#930=ORIENTED_EDGE('',*,*,#1451,.F.);
#931=ORIENTED_EDGE('',*,*,#1452,.T.);
#932=ORIENTED_EDGE('',*,*,#1453,.T.);
#933=ORIENTED_EDGE('',*,*,#1352,.F.);
#934=ORIENTED_EDGE('',*,*,#1453,.F.);
#935=ORIENTED_EDGE('',*,*,#1454,.T.);
#936=ORIENTED_EDGE('',*,*,#1455,.T.);
#937=ORIENTED_EDGE('',*,*,#1353,.F.);
#938=ORIENTED_EDGE('',*,*,#1455,.F.);
#939=ORIENTED_EDGE('',*,*,#1456,.T.);
#940=ORIENTED_EDGE('',*,*,#1457,.T.);
#941=ORIENTED_EDGE('',*,*,#1354,.F.);
#942=ORIENTED_EDGE('',*,*,#1457,.F.);
#943=ORIENTED_EDGE('',*,*,#1458,.T.);
#944=ORIENTED_EDGE('',*,*,#1459,.T.);
#945=ORIENTED_EDGE('',*,*,#1355,.F.);
#946=ORIENTED_EDGE('',*,*,#1459,.F.);
#947=ORIENTED_EDGE('',*,*,#1460,.T.);
#948=ORIENTED_EDGE('',*,*,#1461,.T.);
#949=ORIENTED_EDGE('',*,*,#1356,.F.);
#950=ORIENTED_EDGE('',*,*,#1461,.F.);
#951=ORIENTED_EDGE('',*,*,#1462,.T.);
#952=ORIENTED_EDGE('',*,*,#1463,.T.);
#953=ORIENTED_EDGE('',*,*,#1357,.F.);
#954=ORIENTED_EDGE('',*,*,#1463,.F.);
#955=ORIENTED_EDGE('',*,*,#1464,.T.);
#956=ORIENTED_EDGE('',*,*,#1465,.T.);
#957=ORIENTED_EDGE('',*,*,#1358,.F.);
#958=ORIENTED_EDGE('',*,*,#1465,.F.);
#959=ORIENTED_EDGE('',*,*,#1466,.T.);
#960=ORIENTED_EDGE('',*,*,#1467,.T.);
#961=ORIENTED_EDGE('',*,*,#1359,.F.);
#962=ORIENTED_EDGE('',*,*,#1467,.F.);
#963=ORIENTED_EDGE('',*,*,#1468,.T.);
#964=ORIENTED_EDGE('',*,*,#1469,.T.);
#965=ORIENTED_EDGE('',*,*,#1360,.F.);
#966=ORIENTED_EDGE('',*,*,#1469,.F.);
#967=ORIENTED_EDGE('',*,*,#1470,.T.);
#968=ORIENTED_EDGE('',*,*,#1471,.T.);
#969=ORIENTED_EDGE('',*,*,#1348,.F.);
#970=ORIENTED_EDGE('',*,*,#1471,.F.);
#971=ORIENTED_EDGE('',*,*,#1472,.T.);
#972=ORIENTED_EDGE('',*,*,#1447,.T.);
#973=ORIENTED_EDGE('',*,*,#1448,.F.);
#974=ORIENTED_EDGE('',*,*,#1472,.F.);
#975=ORIENTED_EDGE('',*,*,#1470,.F.);
#976=ORIENTED_EDGE('',*,*,#1468,.F.);
#977=ORIENTED_EDGE('',*,*,#1466,.F.);
#978=ORIENTED_EDGE('',*,*,#1464,.F.);
#979=ORIENTED_EDGE('',*,*,#1462,.F.);
#980=ORIENTED_EDGE('',*,*,#1460,.F.);
#981=ORIENTED_EDGE('',*,*,#1458,.F.);
#982=ORIENTED_EDGE('',*,*,#1456,.F.);
#983=ORIENTED_EDGE('',*,*,#1454,.F.);
#984=ORIENTED_EDGE('',*,*,#1452,.F.);
#985=ORIENTED_EDGE('',*,*,#1450,.F.);
#986=ORIENTED_EDGE('',*,*,#1362,.F.);
#987=ORIENTED_EDGE('',*,*,#1473,.F.);
#988=ORIENTED_EDGE('',*,*,#1474,.T.);
#989=ORIENTED_EDGE('',*,*,#1475,.T.);
#990=ORIENTED_EDGE('',*,*,#1363,.F.);
#991=ORIENTED_EDGE('',*,*,#1475,.F.);
#992=ORIENTED_EDGE('',*,*,#1476,.T.);
#993=ORIENTED_EDGE('',*,*,#1477,.T.);
#994=ORIENTED_EDGE('',*,*,#1364,.F.);
#995=ORIENTED_EDGE('',*,*,#1477,.F.);
#996=ORIENTED_EDGE('',*,*,#1478,.T.);
#997=ORIENTED_EDGE('',*,*,#1479,.T.);
#998=ORIENTED_EDGE('',*,*,#1365,.F.);
#999=ORIENTED_EDGE('',*,*,#1479,.F.);
#1000=ORIENTED_EDGE('',*,*,#1480,.T.);
#1001=ORIENTED_EDGE('',*,*,#1481,.T.);
#1002=ORIENTED_EDGE('',*,*,#1366,.F.);
#1003=ORIENTED_EDGE('',*,*,#1481,.F.);
#1004=ORIENTED_EDGE('',*,*,#1482,.T.);
#1005=ORIENTED_EDGE('',*,*,#1483,.T.);
#1006=ORIENTED_EDGE('',*,*,#1484,.F.);
#1007=ORIENTED_EDGE('',*,*,#1485,.F.);
#1008=ORIENTED_EDGE('',*,*,#1486,.T.);
#1009=ORIENTED_EDGE('',*,*,#1487,.T.);
#1010=ORIENTED_EDGE('',*,*,#1488,.F.);
#1011=ORIENTED_EDGE('',*,*,#1487,.F.);
#1012=ORIENTED_EDGE('',*,*,#1489,.T.);
#1013=ORIENTED_EDGE('',*,*,#1485,.T.);
#1014=ORIENTED_EDGE('',*,*,#1361,.F.);
#1015=ORIENTED_EDGE('',*,*,#1483,.F.);
#1016=ORIENTED_EDGE('',*,*,#1490,.T.);
#1017=ORIENTED_EDGE('',*,*,#1473,.T.);
#1018=ORIENTED_EDGE('',*,*,#1486,.F.);
#1019=ORIENTED_EDGE('',*,*,#1489,.F.);
#1020=ORIENTED_EDGE('',*,*,#1474,.F.);
#1021=ORIENTED_EDGE('',*,*,#1490,.F.);
#1022=ORIENTED_EDGE('',*,*,#1482,.F.);
#1023=ORIENTED_EDGE('',*,*,#1480,.F.);
#1024=ORIENTED_EDGE('',*,*,#1478,.F.);
#1025=ORIENTED_EDGE('',*,*,#1476,.F.);
#1026=ORIENTED_EDGE('',*,*,#1488,.T.);
#1027=ORIENTED_EDGE('',*,*,#1484,.T.);
#1028=ORIENTED_EDGE('',*,*,#1368,.F.);
#1029=ORIENTED_EDGE('',*,*,#1491,.F.);
#1030=ORIENTED_EDGE('',*,*,#1492,.T.);
#1031=ORIENTED_EDGE('',*,*,#1493,.T.);
#1032=ORIENTED_EDGE('',*,*,#1369,.F.);
#1033=ORIENTED_EDGE('',*,*,#1493,.F.);
#1034=ORIENTED_EDGE('',*,*,#1494,.T.);
#1035=ORIENTED_EDGE('',*,*,#1495,.T.);
#1036=ORIENTED_EDGE('',*,*,#1370,.F.);
#1037=ORIENTED_EDGE('',*,*,#1495,.F.);
#1038=ORIENTED_EDGE('',*,*,#1496,.T.);
#1039=ORIENTED_EDGE('',*,*,#1497,.T.);
#1040=ORIENTED_EDGE('',*,*,#1371,.F.);
#1041=ORIENTED_EDGE('',*,*,#1497,.F.);
#1042=ORIENTED_EDGE('',*,*,#1498,.T.);
#1043=ORIENTED_EDGE('',*,*,#1499,.T.);
#1044=ORIENTED_EDGE('',*,*,#1372,.F.);
#1045=ORIENTED_EDGE('',*,*,#1499,.F.);
#1046=ORIENTED_EDGE('',*,*,#1500,.T.);
#1047=ORIENTED_EDGE('',*,*,#1501,.T.);
#1048=ORIENTED_EDGE('',*,*,#1373,.F.);
#1049=ORIENTED_EDGE('',*,*,#1501,.F.);
#1050=ORIENTED_EDGE('',*,*,#1502,.T.);
#1051=ORIENTED_EDGE('',*,*,#1503,.T.);
#1052=ORIENTED_EDGE('',*,*,#1367,.F.);
#1053=ORIENTED_EDGE('',*,*,#1503,.F.);
#1054=ORIENTED_EDGE('',*,*,#1504,.T.);
#1055=ORIENTED_EDGE('',*,*,#1491,.T.);
#1056=ORIENTED_EDGE('',*,*,#1492,.F.);
#1057=ORIENTED_EDGE('',*,*,#1504,.F.);
#1058=ORIENTED_EDGE('',*,*,#1502,.F.);
#1059=ORIENTED_EDGE('',*,*,#1500,.F.);
#1060=ORIENTED_EDGE('',*,*,#1498,.F.);
#1061=ORIENTED_EDGE('',*,*,#1496,.F.);
#1062=ORIENTED_EDGE('',*,*,#1494,.F.);
#1063=ORIENTED_EDGE('',*,*,#1375,.F.);
#1064=ORIENTED_EDGE('',*,*,#1505,.F.);
#1065=ORIENTED_EDGE('',*,*,#1506,.T.);
#1066=ORIENTED_EDGE('',*,*,#1507,.T.);
#1067=ORIENTED_EDGE('',*,*,#1376,.F.);
#1068=ORIENTED_EDGE('',*,*,#1507,.F.);
#1069=ORIENTED_EDGE('',*,*,#1508,.T.);
#1070=ORIENTED_EDGE('',*,*,#1509,.T.);
#1071=ORIENTED_EDGE('',*,*,#1377,.F.);
#1072=ORIENTED_EDGE('',*,*,#1509,.F.);
#1073=ORIENTED_EDGE('',*,*,#1510,.T.);
#1074=ORIENTED_EDGE('',*,*,#1511,.T.);
#1075=ORIENTED_EDGE('',*,*,#1378,.F.);
#1076=ORIENTED_EDGE('',*,*,#1511,.F.);
#1077=ORIENTED_EDGE('',*,*,#1512,.T.);
#1078=ORIENTED_EDGE('',*,*,#1513,.T.);
#1079=ORIENTED_EDGE('',*,*,#1379,.F.);
#1080=ORIENTED_EDGE('',*,*,#1513,.F.);
#1081=ORIENTED_EDGE('',*,*,#1514,.T.);
#1082=ORIENTED_EDGE('',*,*,#1515,.T.);
#1083=ORIENTED_EDGE('',*,*,#1380,.F.);
#1084=ORIENTED_EDGE('',*,*,#1515,.F.);
#1085=ORIENTED_EDGE('',*,*,#1516,.T.);
#1086=ORIENTED_EDGE('',*,*,#1517,.T.);
#1087=ORIENTED_EDGE('',*,*,#1381,.F.);
#1088=ORIENTED_EDGE('',*,*,#1517,.F.);
#1089=ORIENTED_EDGE('',*,*,#1518,.T.);
#1090=ORIENTED_EDGE('',*,*,#1519,.T.);
#1091=ORIENTED_EDGE('',*,*,#1382,.F.);
#1092=ORIENTED_EDGE('',*,*,#1519,.F.);
#1093=ORIENTED_EDGE('',*,*,#1520,.T.);
#1094=ORIENTED_EDGE('',*,*,#1521,.T.);
#1095=ORIENTED_EDGE('',*,*,#1383,.F.);
#1096=ORIENTED_EDGE('',*,*,#1521,.F.);
#1097=ORIENTED_EDGE('',*,*,#1522,.T.);
#1098=ORIENTED_EDGE('',*,*,#1523,.T.);
#1099=ORIENTED_EDGE('',*,*,#1384,.F.);
#1100=ORIENTED_EDGE('',*,*,#1523,.F.);
#1101=ORIENTED_EDGE('',*,*,#1524,.T.);
#1102=ORIENTED_EDGE('',*,*,#1525,.T.);
#1103=ORIENTED_EDGE('',*,*,#1385,.F.);
#1104=ORIENTED_EDGE('',*,*,#1525,.F.);
#1105=ORIENTED_EDGE('',*,*,#1526,.T.);
#1106=ORIENTED_EDGE('',*,*,#1527,.T.);
#1107=ORIENTED_EDGE('',*,*,#1374,.F.);
#1108=ORIENTED_EDGE('',*,*,#1527,.F.);
#1109=ORIENTED_EDGE('',*,*,#1528,.T.);
#1110=ORIENTED_EDGE('',*,*,#1505,.T.);
#1111=ORIENTED_EDGE('',*,*,#1506,.F.);
#1112=ORIENTED_EDGE('',*,*,#1528,.F.);
#1113=ORIENTED_EDGE('',*,*,#1526,.F.);
#1114=ORIENTED_EDGE('',*,*,#1524,.F.);
#1115=ORIENTED_EDGE('',*,*,#1522,.F.);
#1116=ORIENTED_EDGE('',*,*,#1520,.F.);
#1117=ORIENTED_EDGE('',*,*,#1518,.F.);
#1118=ORIENTED_EDGE('',*,*,#1516,.F.);
#1119=ORIENTED_EDGE('',*,*,#1514,.F.);
#1120=ORIENTED_EDGE('',*,*,#1512,.F.);
#1121=ORIENTED_EDGE('',*,*,#1510,.F.);
#1122=ORIENTED_EDGE('',*,*,#1508,.F.);
#1123=ORIENTED_EDGE('',*,*,#1387,.F.);
#1124=ORIENTED_EDGE('',*,*,#1529,.F.);
#1125=ORIENTED_EDGE('',*,*,#1530,.T.);
#1126=ORIENTED_EDGE('',*,*,#1531,.T.);
#1127=ORIENTED_EDGE('',*,*,#1388,.F.);
#1128=ORIENTED_EDGE('',*,*,#1531,.F.);
#1129=ORIENTED_EDGE('',*,*,#1532,.T.);
#1130=ORIENTED_EDGE('',*,*,#1533,.T.);
#1131=ORIENTED_EDGE('',*,*,#1389,.F.);
#1132=ORIENTED_EDGE('',*,*,#1533,.F.);
#1133=ORIENTED_EDGE('',*,*,#1534,.T.);
#1134=ORIENTED_EDGE('',*,*,#1535,.T.);
#1135=ORIENTED_EDGE('',*,*,#1386,.F.);
#1136=ORIENTED_EDGE('',*,*,#1535,.F.);
#1137=ORIENTED_EDGE('',*,*,#1536,.T.);
#1138=ORIENTED_EDGE('',*,*,#1529,.T.);
#1139=ORIENTED_EDGE('',*,*,#1530,.F.);
#1140=ORIENTED_EDGE('',*,*,#1536,.F.);
#1141=ORIENTED_EDGE('',*,*,#1534,.F.);
#1142=ORIENTED_EDGE('',*,*,#1532,.F.);
#1143=ORIENTED_EDGE('',*,*,#1391,.F.);
#1144=ORIENTED_EDGE('',*,*,#1537,.F.);
#1145=ORIENTED_EDGE('',*,*,#1538,.T.);
#1146=ORIENTED_EDGE('',*,*,#1539,.T.);
#1147=ORIENTED_EDGE('',*,*,#1392,.F.);
#1148=ORIENTED_EDGE('',*,*,#1539,.F.);
#1149=ORIENTED_EDGE('',*,*,#1540,.T.);
#1150=ORIENTED_EDGE('',*,*,#1541,.T.);
#1151=ORIENTED_EDGE('',*,*,#1393,.F.);
#1152=ORIENTED_EDGE('',*,*,#1541,.F.);
#1153=ORIENTED_EDGE('',*,*,#1542,.T.);
#1154=ORIENTED_EDGE('',*,*,#1543,.T.);
#1155=ORIENTED_EDGE('',*,*,#1390,.F.);
#1156=ORIENTED_EDGE('',*,*,#1543,.F.);
#1157=ORIENTED_EDGE('',*,*,#1544,.T.);
#1158=ORIENTED_EDGE('',*,*,#1537,.T.);
#1159=ORIENTED_EDGE('',*,*,#1538,.F.);
#1160=ORIENTED_EDGE('',*,*,#1544,.F.);
#1161=ORIENTED_EDGE('',*,*,#1542,.F.);
#1162=ORIENTED_EDGE('',*,*,#1540,.F.);
#1163=ORIENTED_EDGE('',*,*,#1395,.F.);
#1164=ORIENTED_EDGE('',*,*,#1545,.F.);
#1165=ORIENTED_EDGE('',*,*,#1546,.T.);
#1166=ORIENTED_EDGE('',*,*,#1547,.T.);
#1167=ORIENTED_EDGE('',*,*,#1396,.F.);
#1168=ORIENTED_EDGE('',*,*,#1547,.F.);
#1169=ORIENTED_EDGE('',*,*,#1548,.T.);
#1170=ORIENTED_EDGE('',*,*,#1549,.T.);
#1171=ORIENTED_EDGE('',*,*,#1397,.F.);
#1172=ORIENTED_EDGE('',*,*,#1549,.F.);
#1173=ORIENTED_EDGE('',*,*,#1550,.T.);
#1174=ORIENTED_EDGE('',*,*,#1551,.T.);
#1175=ORIENTED_EDGE('',*,*,#1398,.F.);
#1176=ORIENTED_EDGE('',*,*,#1551,.F.);
#1177=ORIENTED_EDGE('',*,*,#1552,.T.);
#1178=ORIENTED_EDGE('',*,*,#1553,.T.);
#1179=ORIENTED_EDGE('',*,*,#1399,.F.);
#1180=ORIENTED_EDGE('',*,*,#1553,.F.);
#1181=ORIENTED_EDGE('',*,*,#1554,.T.);
#1182=ORIENTED_EDGE('',*,*,#1555,.T.);
#1183=ORIENTED_EDGE('',*,*,#1400,.F.);
#1184=ORIENTED_EDGE('',*,*,#1555,.F.);
#1185=ORIENTED_EDGE('',*,*,#1556,.T.);
#1186=ORIENTED_EDGE('',*,*,#1557,.T.);
#1187=ORIENTED_EDGE('',*,*,#1394,.F.);
#1188=ORIENTED_EDGE('',*,*,#1557,.F.);
#1189=ORIENTED_EDGE('',*,*,#1558,.T.);
#1190=ORIENTED_EDGE('',*,*,#1545,.T.);
#1191=ORIENTED_EDGE('',*,*,#1546,.F.);
#1192=ORIENTED_EDGE('',*,*,#1558,.F.);
#1193=ORIENTED_EDGE('',*,*,#1556,.F.);
#1194=ORIENTED_EDGE('',*,*,#1554,.F.);
#1195=ORIENTED_EDGE('',*,*,#1552,.F.);
#1196=ORIENTED_EDGE('',*,*,#1550,.F.);
#1197=ORIENTED_EDGE('',*,*,#1548,.F.);
#1198=ORIENTED_EDGE('',*,*,#1402,.F.);
#1199=ORIENTED_EDGE('',*,*,#1559,.F.);
#1200=ORIENTED_EDGE('',*,*,#1560,.T.);
#1201=ORIENTED_EDGE('',*,*,#1561,.T.);
#1202=ORIENTED_EDGE('',*,*,#1403,.F.);
#1203=ORIENTED_EDGE('',*,*,#1561,.F.);
#1204=ORIENTED_EDGE('',*,*,#1562,.T.);
#1205=ORIENTED_EDGE('',*,*,#1563,.T.);
#1206=ORIENTED_EDGE('',*,*,#1404,.F.);
#1207=ORIENTED_EDGE('',*,*,#1563,.F.);
#1208=ORIENTED_EDGE('',*,*,#1564,.T.);
#1209=ORIENTED_EDGE('',*,*,#1565,.T.);
#1210=ORIENTED_EDGE('',*,*,#1405,.F.);
#1211=ORIENTED_EDGE('',*,*,#1565,.F.);
#1212=ORIENTED_EDGE('',*,*,#1566,.T.);
#1213=ORIENTED_EDGE('',*,*,#1567,.T.);
#1214=ORIENTED_EDGE('',*,*,#1406,.F.);
#1215=ORIENTED_EDGE('',*,*,#1567,.F.);
#1216=ORIENTED_EDGE('',*,*,#1568,.T.);
#1217=ORIENTED_EDGE('',*,*,#1569,.T.);
#1218=ORIENTED_EDGE('',*,*,#1570,.T.);
#1219=ORIENTED_EDGE('',*,*,#1571,.F.);
#1220=ORIENTED_EDGE('',*,*,#1401,.F.);
#1221=ORIENTED_EDGE('',*,*,#1569,.F.);
#1222=ORIENTED_EDGE('',*,*,#1572,.T.);
#1223=ORIENTED_EDGE('',*,*,#1559,.T.);
#1224=ORIENTED_EDGE('',*,*,#1570,.F.);
#1225=ORIENTED_EDGE('',*,*,#1560,.F.);
#1226=ORIENTED_EDGE('',*,*,#1572,.F.);
#1227=ORIENTED_EDGE('',*,*,#1568,.F.);
#1228=ORIENTED_EDGE('',*,*,#1566,.F.);
#1229=ORIENTED_EDGE('',*,*,#1564,.F.);
#1230=ORIENTED_EDGE('',*,*,#1562,.F.);
#1231=ORIENTED_EDGE('',*,*,#1571,.T.);
#1232=EDGE_CURVE('',#1573,#1574,#1801,.T.);
#1233=EDGE_CURVE('',#1575,#1573,#196,.T.);
#1234=EDGE_CURVE('',#1576,#1575,#1802,.T.);
#1235=EDGE_CURVE('',#1577,#1576,#197,.T.);
#1236=EDGE_CURVE('',#1578,#1577,#1803,.T.);
#1237=EDGE_CURVE('',#1579,#1578,#198,.T.);
#1238=EDGE_CURVE('',#1580,#1579,#1804,.T.);
#1239=EDGE_CURVE('',#1574,#1580,#199,.T.);
#1240=EDGE_CURVE('',#1581,#1582,#200,.T.);
#1241=EDGE_CURVE('',#1582,#1583,#201,.T.);
#1242=EDGE_CURVE('',#1583,#1584,#202,.T.);
#1243=EDGE_CURVE('',#1584,#1585,#1805,.T.);
#1244=EDGE_CURVE('',#1585,#1586,#203,.T.);
#1245=EDGE_CURVE('',#1586,#1587,#1806,.T.);
#1246=EDGE_CURVE('',#1587,#1588,#204,.T.);
#1247=EDGE_CURVE('',#1588,#1581,#205,.T.);
#1248=EDGE_CURVE('',#1589,#1590,#206,.T.);
#1249=EDGE_CURVE('',#1590,#1591,#207,.T.);
#1250=EDGE_CURVE('',#1591,#1592,#1807,.T.);
#1251=EDGE_CURVE('',#1592,#1593,#208,.T.);
#1252=EDGE_CURVE('',#1593,#1594,#1808,.T.);
#1253=EDGE_CURVE('',#1594,#1589,#209,.T.);
#1254=EDGE_CURVE('',#1595,#1574,#210,.T.);
#1255=EDGE_CURVE('',#1596,#1595,#1809,.T.);
#1256=EDGE_CURVE('',#1596,#1573,#211,.T.);
#1257=EDGE_CURVE('',#1597,#1580,#212,.T.);
#1258=EDGE_CURVE('',#1595,#1597,#213,.T.);
#1259=EDGE_CURVE('',#1598,#1579,#214,.T.);
#1260=EDGE_CURVE('',#1597,#1598,#1810,.T.);
#1261=EDGE_CURVE('',#1599,#1578,#215,.T.);
#1262=EDGE_CURVE('',#1598,#1599,#216,.T.);
#1263=EDGE_CURVE('',#1600,#1577,#217,.T.);
#1264=EDGE_CURVE('',#1599,#1600,#1811,.T.);
#1265=EDGE_CURVE('',#1601,#1576,#218,.T.);
#1266=EDGE_CURVE('',#1600,#1601,#219,.T.);
#1267=EDGE_CURVE('',#1602,#1575,#220,.T.);
#1268=EDGE_CURVE('',#1601,#1602,#1812,.T.);
#1269=EDGE_CURVE('',#1602,#1596,#221,.T.);
#1270=EDGE_CURVE('',#1603,#1582,#222,.T.);
#1271=EDGE_CURVE('',#1603,#1604,#223,.T.);
#1272=EDGE_CURVE('',#1604,#1583,#224,.T.);
#1273=EDGE_CURVE('',#1604,#1605,#225,.T.);
#1274=EDGE_CURVE('',#1605,#1584,#226,.T.);
#1275=EDGE_CURVE('',#1605,#1606,#1813,.T.);
#1276=EDGE_CURVE('',#1606,#1585,#227,.T.);
#1277=EDGE_CURVE('',#1606,#1607,#228,.T.);
#1278=EDGE_CURVE('',#1607,#1586,#229,.T.);
#1279=EDGE_CURVE('',#1607,#1608,#1814,.T.);
#1280=EDGE_CURVE('',#1608,#1587,#230,.T.);
#1281=EDGE_CURVE('',#1608,#1609,#231,.T.);
#1282=EDGE_CURVE('',#1609,#1588,#232,.T.);
#1283=EDGE_CURVE('',#1609,#1610,#233,.T.);
#1284=EDGE_CURVE('',#1610,#1581,#234,.T.);
#1285=EDGE_CURVE('',#1610,#1603,#235,.T.);
#1286=EDGE_CURVE('',#1611,#1590,#236,.T.);
#1287=EDGE_CURVE('',#1611,#1612,#237,.T.);
#1288=EDGE_CURVE('',#1612,#1591,#238,.T.);
#1289=EDGE_CURVE('',#1612,#1613,#1815,.T.);
#1290=EDGE_CURVE('',#1613,#1592,#239,.T.);
#1291=EDGE_CURVE('',#1613,#1614,#240,.T.);
#1292=EDGE_CURVE('',#1614,#1593,#241,.T.);
#1293=EDGE_CURVE('',#1614,#1615,#1816,.T.);
#1294=EDGE_CURVE('',#1615,#1594,#242,.T.);
#1295=EDGE_CURVE('',#1615,#1616,#243,.T.);
#1296=EDGE_CURVE('',#1616,#1589,#244,.T.);
#1297=EDGE_CURVE('',#1616,#1611,#245,.T.);
#1298=EDGE_CURVE('',#1617,#1618,#246,.T.);
#1299=EDGE_CURVE('',#1619,#1618,#247,.T.);
#1300=EDGE_CURVE('',#1620,#1619,#248,.T.);
#1301=EDGE_CURVE('',#1620,#1617,#249,.T.);
#1302=EDGE_CURVE('',#1618,#1621,#250,.T.);
#1303=EDGE_CURVE('',#1622,#1621,#251,.T.);
#1304=EDGE_CURVE('',#1619,#1622,#252,.T.);
#1305=EDGE_CURVE('',#1621,#1623,#1817,.T.);
#1306=EDGE_CURVE('',#1624,#1623,#253,.T.);
#1307=EDGE_CURVE('',#1622,#1624,#1818,.T.);
#1308=EDGE_CURVE('',#1623,#1625,#254,.T.);
#1309=EDGE_CURVE('',#1626,#1625,#255,.T.);
#1310=EDGE_CURVE('',#1624,#1626,#256,.T.);
#1311=EDGE_CURVE('',#1625,#1627,#1819,.T.);
#1312=EDGE_CURVE('',#1628,#1627,#257,.T.);
#1313=EDGE_CURVE('',#1626,#1628,#1820,.T.);
#1314=EDGE_CURVE('',#1627,#1629,#258,.T.);
#1315=EDGE_CURVE('',#1630,#1629,#259,.T.);
#1316=EDGE_CURVE('',#1628,#1630,#260,.T.);
#1317=EDGE_CURVE('',#1629,#1631,#261,.T.);
#1318=EDGE_CURVE('',#1632,#1631,#262,.T.);
#1319=EDGE_CURVE('',#1630,#1632,#263,.T.);
#1320=EDGE_CURVE('',#1631,#1617,#264,.T.);
#1321=EDGE_CURVE('',#1632,#1620,#265,.T.);
#1322=EDGE_CURVE('',#1633,#1634,#266,.T.);
#1323=EDGE_CURVE('',#1635,#1634,#267,.T.);
#1324=EDGE_CURVE('',#1636,#1635,#268,.T.);
#1325=EDGE_CURVE('',#1636,#1633,#269,.T.);
#1326=EDGE_CURVE('',#1634,#1637,#1821,.T.);
#1327=EDGE_CURVE('',#1638,#1637,#270,.T.);
#1328=EDGE_CURVE('',#1635,#1638,#1822,.T.);
#1329=EDGE_CURVE('',#1637,#1639,#271,.T.);
#1330=EDGE_CURVE('',#1640,#1639,#272,.T.);
#1331=EDGE_CURVE('',#1638,#1640,#273,.T.);
#1332=EDGE_CURVE('',#1639,#1641,#1823,.T.);
#1333=EDGE_CURVE('',#1642,#1641,#274,.T.);
#1334=EDGE_CURVE('',#1640,#1642,#1824,.T.);
#1335=EDGE_CURVE('',#1641,#1643,#275,.T.);
#1336=EDGE_CURVE('',#1644,#1643,#276,.T.);
#1337=EDGE_CURVE('',#1642,#1644,#277,.T.);
#1338=EDGE_CURVE('',#1643,#1633,#278,.T.);
#1339=EDGE_CURVE('',#1644,#1636,#279,.T.);
#1340=EDGE_CURVE('',#1645,#1646,#1825,.T.);
#1341=EDGE_CURVE('',#1646,#1647,#280,.T.);
#1342=EDGE_CURVE('',#1647,#1648,#1826,.T.);
#1343=EDGE_CURVE('',#1648,#1649,#281,.T.);
#1344=EDGE_CURVE('',#1649,#1650,#1827,.T.);
#1345=EDGE_CURVE('',#1650,#1651,#282,.T.);
#1346=EDGE_CURVE('',#1651,#1652,#1828,.T.);
#1347=EDGE_CURVE('',#1652,#1645,#283,.T.);
#1348=EDGE_CURVE('',#1653,#1654,#34,.T.);
#1349=EDGE_CURVE('',#1654,#1655,#35,.T.);
#1350=EDGE_CURVE('',#1655,#1656,#36,.T.);
#1351=EDGE_CURVE('',#1656,#1657,#37,.T.);
#1352=EDGE_CURVE('',#1657,#1658,#38,.T.);
#1353=EDGE_CURVE('',#1658,#1659,#39,.T.);
#1354=EDGE_CURVE('',#1659,#1660,#40,.T.);
#1355=EDGE_CURVE('',#1660,#1661,#41,.T.);
#1356=EDGE_CURVE('',#1661,#1662,#42,.T.);
#1357=EDGE_CURVE('',#1662,#1663,#43,.T.);
#1358=EDGE_CURVE('',#1663,#1664,#44,.T.);
#1359=EDGE_CURVE('',#1664,#1665,#45,.T.);
#1360=EDGE_CURVE('',#1665,#1653,#46,.T.);
#1361=EDGE_CURVE('',#1666,#1667,#47,.T.);
#1362=EDGE_CURVE('',#1667,#1668,#48,.T.);
#1363=EDGE_CURVE('',#1668,#1669,#49,.T.);
#1364=EDGE_CURVE('',#1669,#1670,#50,.T.);
#1365=EDGE_CURVE('',#1670,#1671,#51,.T.);
#1366=EDGE_CURVE('',#1671,#1666,#52,.T.);
#1367=EDGE_CURVE('',#1672,#1673,#53,.T.);
#1368=EDGE_CURVE('',#1673,#1674,#54,.T.);
#1369=EDGE_CURVE('',#1674,#1675,#55,.T.);
#1370=EDGE_CURVE('',#1675,#1676,#56,.T.);
#1371=EDGE_CURVE('',#1676,#1677,#57,.T.);
#1372=EDGE_CURVE('',#1677,#1678,#58,.T.);
#1373=EDGE_CURVE('',#1678,#1672,#59,.T.);
#1374=EDGE_CURVE('',#1679,#1680,#60,.T.);
#1375=EDGE_CURVE('',#1680,#1681,#61,.T.);
#1376=EDGE_CURVE('',#1681,#1682,#62,.T.);
#1377=EDGE_CURVE('',#1682,#1683,#63,.T.);
#1378=EDGE_CURVE('',#1683,#1684,#64,.T.);
#1379=EDGE_CURVE('',#1684,#1685,#65,.T.);
#1380=EDGE_CURVE('',#1685,#1686,#66,.T.);
#1381=EDGE_CURVE('',#1686,#1687,#67,.T.);
#1382=EDGE_CURVE('',#1687,#1688,#68,.T.);
#1383=EDGE_CURVE('',#1688,#1689,#69,.T.);
#1384=EDGE_CURVE('',#1689,#1690,#70,.T.);
#1385=EDGE_CURVE('',#1690,#1679,#71,.T.);
#1386=EDGE_CURVE('',#1691,#1692,#72,.T.);
#1387=EDGE_CURVE('',#1692,#1693,#73,.T.);
#1388=EDGE_CURVE('',#1693,#1694,#74,.T.);
#1389=EDGE_CURVE('',#1694,#1691,#75,.T.);
#1390=EDGE_CURVE('',#1695,#1696,#76,.T.);
#1391=EDGE_CURVE('',#1696,#1697,#77,.T.);
#1392=EDGE_CURVE('',#1697,#1698,#78,.T.);
#1393=EDGE_CURVE('',#1698,#1695,#79,.T.);
#1394=EDGE_CURVE('',#1699,#1700,#80,.T.);
#1395=EDGE_CURVE('',#1700,#1701,#81,.T.);
#1396=EDGE_CURVE('',#1701,#1702,#82,.T.);
#1397=EDGE_CURVE('',#1702,#1703,#83,.T.);
#1398=EDGE_CURVE('',#1703,#1704,#84,.T.);
#1399=EDGE_CURVE('',#1704,#1705,#85,.T.);
#1400=EDGE_CURVE('',#1705,#1699,#86,.T.);
#1401=EDGE_CURVE('',#1706,#1707,#87,.T.);
#1402=EDGE_CURVE('',#1707,#1708,#88,.T.);
#1403=EDGE_CURVE('',#1708,#1709,#89,.T.);
#1404=EDGE_CURVE('',#1709,#1710,#90,.T.);
#1405=EDGE_CURVE('',#1710,#1711,#91,.T.);
#1406=EDGE_CURVE('',#1711,#1706,#92,.T.);
#1407=EDGE_CURVE('',#1712,#1713,#1829,.T.);
#1408=EDGE_CURVE('',#1714,#1712,#284,.T.);
#1409=EDGE_CURVE('',#1715,#1714,#1830,.T.);
#1410=EDGE_CURVE('',#1716,#1715,#285,.T.);
#1411=EDGE_CURVE('',#1717,#1716,#1831,.T.);
#1412=EDGE_CURVE('',#1718,#1717,#286,.T.);
#1413=EDGE_CURVE('',#1719,#1718,#1832,.T.);
#1414=EDGE_CURVE('',#1713,#1719,#287,.T.);
#1415=EDGE_CURVE('',#1720,#1721,#288,.T.);
#1416=EDGE_CURVE('',#1722,#1720,#1833,.T.);
#1417=EDGE_CURVE('',#1723,#1722,#289,.T.);
#1418=EDGE_CURVE('',#1724,#1723,#1834,.T.);
#1419=EDGE_CURVE('',#1725,#1724,#290,.T.);
#1420=EDGE_CURVE('',#1726,#1725,#1835,.T.);
#1421=EDGE_CURVE('',#1727,#1726,#291,.T.);
#1422=EDGE_CURVE('',#1721,#1727,#1836,.T.);
#1423=EDGE_CURVE('',#1728,#1729,#1837,.T.);
#1424=EDGE_CURVE('',#1712,#1728,#292,.T.);
#1425=EDGE_CURVE('',#1713,#1729,#293,.T.);
#1426=EDGE_CURVE('',#1729,#1730,#294,.T.);
#1427=EDGE_CURVE('',#1719,#1730,#295,.T.);
#1428=EDGE_CURVE('',#1730,#1731,#1838,.T.);
#1429=EDGE_CURVE('',#1718,#1731,#296,.T.);
#1430=EDGE_CURVE('',#1731,#1732,#297,.T.);
#1431=EDGE_CURVE('',#1717,#1732,#298,.T.);
#1432=EDGE_CURVE('',#1732,#1733,#1839,.T.);
#1433=EDGE_CURVE('',#1716,#1733,#299,.T.);
#1434=EDGE_CURVE('',#1733,#1734,#300,.T.);
#1435=EDGE_CURVE('',#1715,#1734,#301,.T.);
#1436=EDGE_CURVE('',#1734,#1735,#1840,.T.);
#1437=EDGE_CURVE('',#1714,#1735,#302,.T.);
#1438=EDGE_CURVE('',#1735,#1728,#303,.T.);
#1439=EDGE_CURVE('',#1646,#1720,#304,.T.);
#1440=EDGE_CURVE('',#1645,#1722,#305,.T.);
#1441=EDGE_CURVE('',#1647,#1721,#306,.T.);
#1442=EDGE_CURVE('',#1648,#1727,#307,.T.);
#1443=EDGE_CURVE('',#1649,#1726,#308,.T.);
#1444=EDGE_CURVE('',#1650,#1725,#309,.T.);
#1445=EDGE_CURVE('',#1651,#1724,#310,.T.);
#1446=EDGE_CURVE('',#1652,#1723,#311,.T.);
#1447=EDGE_CURVE('',#1736,#1654,#312,.T.);
#1448=EDGE_CURVE('',#1736,#1737,#93,.T.);
#1449=EDGE_CURVE('',#1737,#1655,#313,.T.);
#1450=EDGE_CURVE('',#1737,#1738,#94,.T.);
#1451=EDGE_CURVE('',#1738,#1656,#314,.T.);
#1452=EDGE_CURVE('',#1738,#1739,#95,.T.);
#1453=EDGE_CURVE('',#1739,#1657,#315,.T.);
#1454=EDGE_CURVE('',#1739,#1740,#96,.T.);
#1455=EDGE_CURVE('',#1740,#1658,#316,.T.);
#1456=EDGE_CURVE('',#1740,#1741,#97,.T.);
#1457=EDGE_CURVE('',#1741,#1659,#317,.T.);
#1458=EDGE_CURVE('',#1741,#1742,#98,.T.);
#1459=EDGE_CURVE('',#1742,#1660,#318,.T.);
#1460=EDGE_CURVE('',#1742,#1743,#99,.T.);
#1461=EDGE_CURVE('',#1743,#1661,#319,.T.);
#1462=EDGE_CURVE('',#1743,#1744,#100,.T.);
#1463=EDGE_CURVE('',#1744,#1662,#320,.T.);
#1464=EDGE_CURVE('',#1744,#1745,#101,.T.);
#1465=EDGE_CURVE('',#1745,#1663,#321,.T.);
#1466=EDGE_CURVE('',#1745,#1746,#102,.T.);
#1467=EDGE_CURVE('',#1746,#1664,#322,.T.);
#1468=EDGE_CURVE('',#1746,#1747,#103,.T.);
#1469=EDGE_CURVE('',#1747,#1665,#323,.T.);
#1470=EDGE_CURVE('',#1747,#1748,#104,.T.);
#1471=EDGE_CURVE('',#1748,#1653,#324,.T.);
#1472=EDGE_CURVE('',#1748,#1736,#105,.T.);
#1473=EDGE_CURVE('',#1749,#1667,#325,.T.);
#1474=EDGE_CURVE('',#1749,#1750,#106,.T.);
#1475=EDGE_CURVE('',#1750,#1668,#326,.T.);
#1476=EDGE_CURVE('',#1750,#1751,#107,.T.);
#1477=EDGE_CURVE('',#1751,#1669,#327,.T.);
#1478=EDGE_CURVE('',#1751,#1752,#108,.T.);
#1479=EDGE_CURVE('',#1752,#1670,#328,.T.);
#1480=EDGE_CURVE('',#1752,#1753,#109,.T.);
#1481=EDGE_CURVE('',#1753,#1671,#329,.T.);
#1482=EDGE_CURVE('',#1753,#1754,#110,.T.);
#1483=EDGE_CURVE('',#1754,#1666,#330,.T.);
#1484=EDGE_CURVE('',#1755,#1756,#111,.T.);
#1485=EDGE_CURVE('',#1757,#1755,#331,.T.);
#1486=EDGE_CURVE('',#1757,#1758,#112,.T.);
#1487=EDGE_CURVE('',#1758,#1756,#332,.T.);
#1488=EDGE_CURVE('',#1756,#1755,#113,.T.);
#1489=EDGE_CURVE('',#1758,#1757,#114,.T.);
#1490=EDGE_CURVE('',#1754,#1749,#115,.T.);
#1491=EDGE_CURVE('',#1759,#1673,#333,.T.);
#1492=EDGE_CURVE('',#1759,#1760,#116,.T.);
#1493=EDGE_CURVE('',#1760,#1674,#334,.T.);
#1494=EDGE_CURVE('',#1760,#1761,#117,.T.);
#1495=EDGE_CURVE('',#1761,#1675,#335,.T.);
#1496=EDGE_CURVE('',#1761,#1762,#118,.T.);
#1497=EDGE_CURVE('',#1762,#1676,#336,.T.);
#1498=EDGE_CURVE('',#1762,#1763,#119,.T.);
#1499=EDGE_CURVE('',#1763,#1677,#337,.T.);
#1500=EDGE_CURVE('',#1763,#1764,#120,.T.);
#1501=EDGE_CURVE('',#1764,#1678,#338,.T.);
#1502=EDGE_CURVE('',#1764,#1765,#121,.T.);
#1503=EDGE_CURVE('',#1765,#1672,#339,.T.);
#1504=EDGE_CURVE('',#1765,#1759,#122,.T.);
#1505=EDGE_CURVE('',#1766,#1680,#340,.T.);
#1506=EDGE_CURVE('',#1766,#1767,#123,.T.);
#1507=EDGE_CURVE('',#1767,#1681,#341,.T.);
#1508=EDGE_CURVE('',#1767,#1768,#124,.T.);
#1509=EDGE_CURVE('',#1768,#1682,#342,.T.);
#1510=EDGE_CURVE('',#1768,#1769,#125,.T.);
#1511=EDGE_CURVE('',#1769,#1683,#343,.T.);
#1512=EDGE_CURVE('',#1769,#1770,#126,.T.);
#1513=EDGE_CURVE('',#1770,#1684,#344,.T.);
#1514=EDGE_CURVE('',#1770,#1771,#127,.T.);
#1515=EDGE_CURVE('',#1771,#1685,#345,.T.);
#1516=EDGE_CURVE('',#1771,#1772,#128,.T.);
#1517=EDGE_CURVE('',#1772,#1686,#346,.T.);
#1518=EDGE_CURVE('',#1772,#1773,#129,.T.);
#1519=EDGE_CURVE('',#1773,#1687,#347,.T.);
#1520=EDGE_CURVE('',#1773,#1774,#130,.T.);
#1521=EDGE_CURVE('',#1774,#1688,#348,.T.);
#1522=EDGE_CURVE('',#1774,#1775,#131,.T.);
#1523=EDGE_CURVE('',#1775,#1689,#349,.T.);
#1524=EDGE_CURVE('',#1775,#1776,#132,.T.);
#1525=EDGE_CURVE('',#1776,#1690,#350,.T.);
#1526=EDGE_CURVE('',#1776,#1777,#133,.T.);
#1527=EDGE_CURVE('',#1777,#1679,#351,.T.);
#1528=EDGE_CURVE('',#1777,#1766,#134,.T.);
#1529=EDGE_CURVE('',#1778,#1692,#352,.T.);
#1530=EDGE_CURVE('',#1778,#1779,#135,.T.);
#1531=EDGE_CURVE('',#1779,#1693,#353,.T.);
#1532=EDGE_CURVE('',#1779,#1780,#136,.T.);
#1533=EDGE_CURVE('',#1780,#1694,#354,.T.);
#1534=EDGE_CURVE('',#1780,#1781,#137,.T.);
#1535=EDGE_CURVE('',#1781,#1691,#355,.T.);
#1536=EDGE_CURVE('',#1781,#1778,#138,.T.);
#1537=EDGE_CURVE('',#1782,#1696,#356,.T.);
#1538=EDGE_CURVE('',#1782,#1783,#139,.T.);
#1539=EDGE_CURVE('',#1783,#1697,#357,.T.);
#1540=EDGE_CURVE('',#1783,#1784,#140,.T.);
#1541=EDGE_CURVE('',#1784,#1698,#358,.T.);
#1542=EDGE_CURVE('',#1784,#1785,#141,.T.);
#1543=EDGE_CURVE('',#1785,#1695,#359,.T.);
#1544=EDGE_CURVE('',#1785,#1782,#142,.T.);
#1545=EDGE_CURVE('',#1786,#1700,#360,.T.);
#1546=EDGE_CURVE('',#1786,#1787,#143,.T.);
#1547=EDGE_CURVE('',#1787,#1701,#361,.T.);
#1548=EDGE_CURVE('',#1787,#1788,#144,.T.);
#1549=EDGE_CURVE('',#1788,#1702,#362,.T.);
#1550=EDGE_CURVE('',#1788,#1789,#145,.T.);
#1551=EDGE_CURVE('',#1789,#1703,#363,.T.);
#1552=EDGE_CURVE('',#1789,#1790,#146,.T.);
#1553=EDGE_CURVE('',#1790,#1704,#364,.T.);
#1554=EDGE_CURVE('',#1790,#1791,#147,.T.);
#1555=EDGE_CURVE('',#1791,#1705,#365,.T.);
#1556=EDGE_CURVE('',#1791,#1792,#148,.T.);
#1557=EDGE_CURVE('',#1792,#1699,#366,.T.);
#1558=EDGE_CURVE('',#1792,#1786,#149,.T.);
#1559=EDGE_CURVE('',#1793,#1707,#367,.T.);
#1560=EDGE_CURVE('',#1793,#1794,#150,.T.);
#1561=EDGE_CURVE('',#1794,#1708,#368,.T.);
#1562=EDGE_CURVE('',#1794,#1795,#151,.T.);
#1563=EDGE_CURVE('',#1795,#1709,#369,.T.);
#1564=EDGE_CURVE('',#1795,#1796,#152,.T.);
#1565=EDGE_CURVE('',#1796,#1710,#370,.T.);
#1566=EDGE_CURVE('',#1796,#1797,#153,.T.);
#1567=EDGE_CURVE('',#1797,#1711,#371,.T.);
#1568=EDGE_CURVE('',#1797,#1798,#154,.T.);
#1569=EDGE_CURVE('',#1798,#1706,#372,.T.);
#1570=EDGE_CURVE('',#1799,#1799,#155,.T.);
#1571=EDGE_CURVE('',#1800,#1800,#156,.T.);
#1572=EDGE_CURVE('',#1798,#1793,#157,.T.);
#1573=VERTEX_POINT('',#3719);
#1574=VERTEX_POINT('',#3720);
#1575=VERTEX_POINT('',#3722);
#1576=VERTEX_POINT('',#3724);
#1577=VERTEX_POINT('',#3726);
#1578=VERTEX_POINT('',#3728);
#1579=VERTEX_POINT('',#3730);
#1580=VERTEX_POINT('',#3732);
#1581=VERTEX_POINT('',#3735);
#1582=VERTEX_POINT('',#3736);
#1583=VERTEX_POINT('',#3738);
#1584=VERTEX_POINT('',#3740);
#1585=VERTEX_POINT('',#3742);
#1586=VERTEX_POINT('',#3744);
#1587=VERTEX_POINT('',#3746);
#1588=VERTEX_POINT('',#3748);
#1589=VERTEX_POINT('',#3751);
#1590=VERTEX_POINT('',#3752);
#1591=VERTEX_POINT('',#3754);
#1592=VERTEX_POINT('',#3756);
#1593=VERTEX_POINT('',#3758);
#1594=VERTEX_POINT('',#3760);
#1595=VERTEX_POINT('',#3764);
#1596=VERTEX_POINT('',#3766);
#1597=VERTEX_POINT('',#3770);
#1598=VERTEX_POINT('',#3774);
#1599=VERTEX_POINT('',#3778);
#1600=VERTEX_POINT('',#3782);
#1601=VERTEX_POINT('',#3786);
#1602=VERTEX_POINT('',#3790);
#1603=VERTEX_POINT('',#3797);
#1604=VERTEX_POINT('',#3799);
#1605=VERTEX_POINT('',#3803);
#1606=VERTEX_POINT('',#3807);
#1607=VERTEX_POINT('',#3811);
#1608=VERTEX_POINT('',#3815);
#1609=VERTEX_POINT('',#3819);
#1610=VERTEX_POINT('',#3823);
#1611=VERTEX_POINT('',#3830);
#1612=VERTEX_POINT('',#3832);
#1613=VERTEX_POINT('',#3836);
#1614=VERTEX_POINT('',#3840);
#1615=VERTEX_POINT('',#3844);
#1616=VERTEX_POINT('',#3848);
#1617=VERTEX_POINT('',#3856);
#1618=VERTEX_POINT('',#3857);
#1619=VERTEX_POINT('',#3859);
#1620=VERTEX_POINT('',#3861);
#1621=VERTEX_POINT('',#3865);
#1622=VERTEX_POINT('',#3867);
#1623=VERTEX_POINT('',#3871);
#1624=VERTEX_POINT('',#3873);
#1625=VERTEX_POINT('',#3877);
#1626=VERTEX_POINT('',#3879);
#1627=VERTEX_POINT('',#3883);
#1628=VERTEX_POINT('',#3885);
#1629=VERTEX_POINT('',#3889);
#1630=VERTEX_POINT('',#3891);
#1631=VERTEX_POINT('',#3895);
#1632=VERTEX_POINT('',#3897);
#1633=VERTEX_POINT('',#3906);
#1634=VERTEX_POINT('',#3907);
#1635=VERTEX_POINT('',#3909);
#1636=VERTEX_POINT('',#3911);
#1637=VERTEX_POINT('',#3915);
#1638=VERTEX_POINT('',#3917);
#1639=VERTEX_POINT('',#3921);
#1640=VERTEX_POINT('',#3923);
#1641=VERTEX_POINT('',#3927);
#1642=VERTEX_POINT('',#3929);
#1643=VERTEX_POINT('',#3933);
#1644=VERTEX_POINT('',#3935);
#1645=VERTEX_POINT('',#3945);
#1646=VERTEX_POINT('',#3946);
#1647=VERTEX_POINT('',#3948);
#1648=VERTEX_POINT('',#3950);
#1649=VERTEX_POINT('',#3952);
#1650=VERTEX_POINT('',#3954);
#1651=VERTEX_POINT('',#3956);
#1652=VERTEX_POINT('',#3958);
#1653=VERTEX_POINT('',#3964);
#1654=VERTEX_POINT('',#3965);
#1655=VERTEX_POINT('',#3970);
#1656=VERTEX_POINT('',#3975);
#1657=VERTEX_POINT('',#3980);
#1658=VERTEX_POINT('',#3988);
#1659=VERTEX_POINT('',#3996);
#1660=VERTEX_POINT('',#4001);
#1661=VERTEX_POINT('',#4006);
#1662=VERTEX_POINT('',#4011);
#1663=VERTEX_POINT('',#4016);
#1664=VERTEX_POINT('',#4021);
#1665=VERTEX_POINT('',#4026);
#1666=VERTEX_POINT('',#4035);
#1667=VERTEX_POINT('',#4036);
#1668=VERTEX_POINT('',#4041);
#1669=VERTEX_POINT('',#4067);
#1670=VERTEX_POINT('',#4083);
#1671=VERTEX_POINT('',#4088);
#1672=VERTEX_POINT('',#4133);
#1673=VERTEX_POINT('',#4134);
#1674=VERTEX_POINT('',#4139);
#1675=VERTEX_POINT('',#4144);
#1676=VERTEX_POINT('',#4149);
#1677=VERTEX_POINT('',#4154);
#1678=VERTEX_POINT('',#4164);
#1679=VERTEX_POINT('',#4171);
#1680=VERTEX_POINT('',#4172);
#1681=VERTEX_POINT('',#4175);
#1682=VERTEX_POINT('',#4178);
#1683=VERTEX_POINT('',#4181);
#1684=VERTEX_POINT('',#4184);
#1685=VERTEX_POINT('',#4187);
#1686=VERTEX_POINT('',#4190);
#1687=VERTEX_POINT('',#4193);
#1688=VERTEX_POINT('',#4196);
#1689=VERTEX_POINT('',#4199);
#1690=VERTEX_POINT('',#4202);
#1691=VERTEX_POINT('',#4207);
#1692=VERTEX_POINT('',#4208);
#1693=VERTEX_POINT('',#4211);
#1694=VERTEX_POINT('',#4214);
#1695=VERTEX_POINT('',#4219);
#1696=VERTEX_POINT('',#4220);
#1697=VERTEX_POINT('',#4223);
#1698=VERTEX_POINT('',#4226);
#1699=VERTEX_POINT('',#4249);
#1700=VERTEX_POINT('',#4250);
#1701=VERTEX_POINT('',#4255);
#1702=VERTEX_POINT('',#4260);
#1703=VERTEX_POINT('',#4265);
#1704=VERTEX_POINT('',#4270);
#1705=VERTEX_POINT('',#4289);
#1706=VERTEX_POINT('',#4298);
#1707=VERTEX_POINT('',#4299);
#1708=VERTEX_POINT('',#4317);
#1709=VERTEX_POINT('',#4322);
#1710=VERTEX_POINT('',#4337);
#1711=VERTEX_POINT('',#4356);
#1712=VERTEX_POINT('',#4363);
#1713=VERTEX_POINT('',#4364);
#1714=VERTEX_POINT('',#4366);
#1715=VERTEX_POINT('',#4368);
#1716=VERTEX_POINT('',#4370);
#1717=VERTEX_POINT('',#4372);
#1718=VERTEX_POINT('',#4374);
#1719=VERTEX_POINT('',#4376);
#1720=VERTEX_POINT('',#4379);
#1721=VERTEX_POINT('',#4380);
#1722=VERTEX_POINT('',#4382);
#1723=VERTEX_POINT('',#4384);
#1724=VERTEX_POINT('',#4386);
#1725=VERTEX_POINT('',#4388);
#1726=VERTEX_POINT('',#4390);
#1727=VERTEX_POINT('',#4392);
#1728=VERTEX_POINT('',#4396);
#1729=VERTEX_POINT('',#4397);
#1730=VERTEX_POINT('',#4402);
#1731=VERTEX_POINT('',#4406);
#1732=VERTEX_POINT('',#4410);
#1733=VERTEX_POINT('',#4414);
#1734=VERTEX_POINT('',#4418);
#1735=VERTEX_POINT('',#4422);
#1736=VERTEX_POINT('',#4445);
#1737=VERTEX_POINT('',#4450);
#1738=VERTEX_POINT('',#4457);
#1739=VERTEX_POINT('',#4464);
#1740=VERTEX_POINT('',#4483);
#1741=VERTEX_POINT('',#4502);
#1742=VERTEX_POINT('',#4509);
#1743=VERTEX_POINT('',#4516);
#1744=VERTEX_POINT('',#4523);
#1745=VERTEX_POINT('',#4530);
#1746=VERTEX_POINT('',#4537);
#1747=VERTEX_POINT('',#4544);
#1748=VERTEX_POINT('',#4551);
#1749=VERTEX_POINT('',#4568);
#1750=VERTEX_POINT('',#4573);
#1751=VERTEX_POINT('',#4614);
#1752=VERTEX_POINT('',#4645);
#1753=VERTEX_POINT('',#4652);
#1754=VERTEX_POINT('',#4693);
#1755=VERTEX_POINT('',#4721);
#1756=VERTEX_POINT('',#4722);
#1757=VERTEX_POINT('',#4724);
#1758=VERTEX_POINT('',#4741);
#1759=VERTEX_POINT('',#4792);
#1760=VERTEX_POINT('',#4797);
#1761=VERTEX_POINT('',#4804);
#1762=VERTEX_POINT('',#4811);
#1763=VERTEX_POINT('',#4818);
#1764=VERTEX_POINT('',#4837);
#1765=VERTEX_POINT('',#4844);
#1766=VERTEX_POINT('',#4874);
#1767=VERTEX_POINT('',#4877);
#1768=VERTEX_POINT('',#4882);
#1769=VERTEX_POINT('',#4887);
#1770=VERTEX_POINT('',#4892);
#1771=VERTEX_POINT('',#4897);
#1772=VERTEX_POINT('',#4902);
#1773=VERTEX_POINT('',#4907);
#1774=VERTEX_POINT('',#4912);
#1775=VERTEX_POINT('',#4917);
#1776=VERTEX_POINT('',#4922);
#1777=VERTEX_POINT('',#4927);
#1778=VERTEX_POINT('',#4935);
#1779=VERTEX_POINT('',#4938);
#1780=VERTEX_POINT('',#4943);
#1781=VERTEX_POINT('',#4948);
#1782=VERTEX_POINT('',#4956);
#1783=VERTEX_POINT('',#4959);
#1784=VERTEX_POINT('',#4964);
#1785=VERTEX_POINT('',#4969);
#1786=VERTEX_POINT('',#4977);
#1787=VERTEX_POINT('',#4982);
#1788=VERTEX_POINT('',#4989);
#1789=VERTEX_POINT('',#4996);
#1790=VERTEX_POINT('',#5003);
#1791=VERTEX_POINT('',#5033);
#1792=VERTEX_POINT('',#5040);
#1793=VERTEX_POINT('',#5094);
#1794=VERTEX_POINT('',#5112);
#1795=VERTEX_POINT('',#5119);
#1796=VERTEX_POINT('',#5145);
#1797=VERTEX_POINT('',#5175);
#1798=VERTEX_POINT('',#5182);
#1799=VERTEX_POINT('',#5224);
#1800=VERTEX_POINT('',#5247);
#1801=CIRCLE('',#3052,0.1);
#1802=CIRCLE('',#3053,0.1);
#1803=CIRCLE('',#3054,0.1);
#1804=CIRCLE('',#3055,0.1);
#1805=CIRCLE('',#3056,0.2);
#1806=CIRCLE('',#3057,0.2);
#1807=CIRCLE('',#3058,0.2);
#1808=CIRCLE('',#3059,0.2);
#1809=CIRCLE('',#3061,0.1);
#1810=CIRCLE('',#3064,0.1);
#1811=CIRCLE('',#3067,0.1);
#1812=CIRCLE('',#3070,0.1);
#1813=CIRCLE('',#3076,0.2);
#1814=CIRCLE('',#3079,0.2);
#1815=CIRCLE('',#3086,0.2);
#1816=CIRCLE('',#3089,0.2);
#1817=CIRCLE('',#3097,0.2);
#1818=CIRCLE('',#3098,0.2);
#1819=CIRCLE('',#3101,0.2);
#1820=CIRCLE('',#3102,0.2);
#1821=CIRCLE('',#3110,0.2);
#1822=CIRCLE('',#3111,0.2);
#1823=CIRCLE('',#3114,0.2);
#1824=CIRCLE('',#3115,0.2);
#1825=CIRCLE('',#3122,0.2);
#1826=CIRCLE('',#3123,0.2);
#1827=CIRCLE('',#3124,0.2);
#1828=CIRCLE('',#3125,0.2);
#1829=CIRCLE('',#3127,0.11);
#1830=CIRCLE('',#3128,0.11);
#1831=CIRCLE('',#3129,0.11);
#1832=CIRCLE('',#3130,0.11);
#1833=CIRCLE('',#3131,0.2);
#1834=CIRCLE('',#3132,0.2);
#1835=CIRCLE('',#3133,0.2);
#1836=CIRCLE('',#3134,0.2);
#1837=CIRCLE('',#3136,0.11);
#1838=CIRCLE('',#3139,0.11);
#1839=CIRCLE('',#3142,0.11);
#1840=CIRCLE('',#3145,0.11);
#1841=EDGE_LOOP('',(#550,#551,#552,#553,#554,#555,#556,#557));
#1842=EDGE_LOOP('',(#558,#559,#560,#561,#562,#563,#564,#565));
#1843=EDGE_LOOP('',(#566,#567,#568,#569,#570,#571));
#1844=EDGE_LOOP('',(#572,#573,#574,#575));
#1845=EDGE_LOOP('',(#576,#577,#578,#579));
#1846=EDGE_LOOP('',(#580,#581,#582,#583));
#1847=EDGE_LOOP('',(#584,#585,#586,#587));
#1848=EDGE_LOOP('',(#588,#589,#590,#591));
#1849=EDGE_LOOP('',(#592,#593,#594,#595));
#1850=EDGE_LOOP('',(#596,#597,#598,#599));
#1851=EDGE_LOOP('',(#600,#601,#602,#603));
#1852=EDGE_LOOP('',(#604,#605,#606,#607,#608,#609,#610,#611));
#1853=EDGE_LOOP('',(#612,#613,#614,#615));
#1854=EDGE_LOOP('',(#616,#617,#618,#619));
#1855=EDGE_LOOP('',(#620,#621,#622,#623));
#1856=EDGE_LOOP('',(#624,#625,#626,#627));
#1857=EDGE_LOOP('',(#628,#629,#630,#631));
#1858=EDGE_LOOP('',(#632,#633,#634,#635));
#1859=EDGE_LOOP('',(#636,#637,#638,#639));
#1860=EDGE_LOOP('',(#640,#641,#642,#643));
#1861=EDGE_LOOP('',(#644,#645,#646,#647,#648,#649,#650,#651));
#1862=EDGE_LOOP('',(#652,#653,#654,#655));
#1863=EDGE_LOOP('',(#656,#657,#658,#659));
#1864=EDGE_LOOP('',(#660,#661,#662,#663));
#1865=EDGE_LOOP('',(#664,#665,#666,#667));
#1866=EDGE_LOOP('',(#668,#669,#670,#671));
#1867=EDGE_LOOP('',(#672,#673,#674,#675));
#1868=EDGE_LOOP('',(#676,#677,#678,#679,#680,#681));
#1869=EDGE_LOOP('',(#682,#683,#684,#685));
#1870=EDGE_LOOP('',(#686,#687,#688,#689));
#1871=EDGE_LOOP('',(#690,#691,#692,#693));
#1872=EDGE_LOOP('',(#694,#695,#696,#697));
#1873=EDGE_LOOP('',(#698,#699,#700,#701));
#1874=EDGE_LOOP('',(#702,#703,#704,#705));
#1875=EDGE_LOOP('',(#706,#707,#708,#709));
#1876=EDGE_LOOP('',(#710,#711,#712,#713));
#1877=EDGE_LOOP('',(#714,#715,#716,#717,#718,#719,#720,#721));
#1878=EDGE_LOOP('',(#722,#723,#724,#725,#726,#727,#728,#729));
#1879=EDGE_LOOP('',(#730,#731,#732,#733));
#1880=EDGE_LOOP('',(#734,#735,#736,#737));
#1881=EDGE_LOOP('',(#738,#739,#740,#741));
#1882=EDGE_LOOP('',(#742,#743,#744,#745));
#1883=EDGE_LOOP('',(#746,#747,#748,#749));
#1884=EDGE_LOOP('',(#750,#751,#752,#753));
#1885=EDGE_LOOP('',(#754,#755,#756,#757,#758,#759));
#1886=EDGE_LOOP('',(#760,#761,#762,#763,#764,#765));
#1887=EDGE_LOOP('',(#766,#767,#768,#769,#770,#771,#772,#773));
#1888=EDGE_LOOP('',(#774,#775,#776,#777,#778,#779,#780,#781,#782,#783,#784,
#785,#786));
#1889=EDGE_LOOP('',(#787,#788,#789,#790,#791,#792));
#1890=EDGE_LOOP('',(#793,#794,#795,#796,#797,#798,#799));
#1891=EDGE_LOOP('',(#800,#801,#802,#803,#804,#805,#806,#807,#808,#809,#810,
#811));
#1892=EDGE_LOOP('',(#812,#813,#814,#815));
#1893=EDGE_LOOP('',(#816,#817,#818,#819));
#1894=EDGE_LOOP('',(#820,#821,#822,#823,#824,#825,#826));
#1895=EDGE_LOOP('',(#827,#828,#829,#830,#831,#832));
#1896=EDGE_LOOP('',(#833,#834,#835,#836,#837,#838,#839,#840));
#1897=EDGE_LOOP('',(#841,#842,#843,#844,#845,#846,#847,#848));
#1898=EDGE_LOOP('',(#849,#850,#851,#852));
#1899=EDGE_LOOP('',(#853,#854,#855,#856));
#1900=EDGE_LOOP('',(#857,#858,#859,#860));
#1901=EDGE_LOOP('',(#861,#862,#863,#864));
#1902=EDGE_LOOP('',(#865,#866,#867,#868));
#1903=EDGE_LOOP('',(#869,#870,#871,#872));
#1904=EDGE_LOOP('',(#873,#874,#875,#876));
#1905=EDGE_LOOP('',(#877,#878,#879,#880));
#1906=EDGE_LOOP('',(#881,#882,#883,#884,#885,#886,#887,#888));
#1907=EDGE_LOOP('',(#889,#890,#891,#892));
#1908=EDGE_LOOP('',(#893,#894,#895,#896));
#1909=EDGE_LOOP('',(#897,#898,#899,#900));
#1910=EDGE_LOOP('',(#901,#902,#903,#904));
#1911=EDGE_LOOP('',(#905,#906,#907,#908));
#1912=EDGE_LOOP('',(#909,#910,#911,#912));
#1913=EDGE_LOOP('',(#913,#914,#915,#916));
#1914=EDGE_LOOP('',(#917,#918,#919,#920));
#1915=EDGE_LOOP('',(#921,#922,#923,#924));
#1916=EDGE_LOOP('',(#925,#926,#927,#928));
#1917=EDGE_LOOP('',(#929,#930,#931,#932));
#1918=EDGE_LOOP('',(#933,#934,#935,#936));
#1919=EDGE_LOOP('',(#937,#938,#939,#940));
#1920=EDGE_LOOP('',(#941,#942,#943,#944));
#1921=EDGE_LOOP('',(#945,#946,#947,#948));
#1922=EDGE_LOOP('',(#949,#950,#951,#952));
#1923=EDGE_LOOP('',(#953,#954,#955,#956));
#1924=EDGE_LOOP('',(#957,#958,#959,#960));
#1925=EDGE_LOOP('',(#961,#962,#963,#964));
#1926=EDGE_LOOP('',(#965,#966,#967,#968));
#1927=EDGE_LOOP('',(#969,#970,#971,#972));
#1928=EDGE_LOOP('',(#973,#974,#975,#976,#977,#978,#979,#980,#981,#982,#983,
#984,#985));
#1929=EDGE_LOOP('',(#986,#987,#988,#989));
#1930=EDGE_LOOP('',(#990,#991,#992,#993));
#1931=EDGE_LOOP('',(#994,#995,#996,#997));
#1932=EDGE_LOOP('',(#998,#999,#1000,#1001));
#1933=EDGE_LOOP('',(#1002,#1003,#1004,#1005));
#1934=EDGE_LOOP('',(#1006,#1007,#1008,#1009));
#1935=EDGE_LOOP('',(#1010,#1011,#1012,#1013));
#1936=EDGE_LOOP('',(#1014,#1015,#1016,#1017));
#1937=EDGE_LOOP('',(#1018,#1019));
#1938=EDGE_LOOP('',(#1020,#1021,#1022,#1023,#1024,#1025));
#1939=EDGE_LOOP('',(#1026,#1027));
#1940=EDGE_LOOP('',(#1028,#1029,#1030,#1031));
#1941=EDGE_LOOP('',(#1032,#1033,#1034,#1035));
#1942=EDGE_LOOP('',(#1036,#1037,#1038,#1039));
#1943=EDGE_LOOP('',(#1040,#1041,#1042,#1043));
#1944=EDGE_LOOP('',(#1044,#1045,#1046,#1047));
#1945=EDGE_LOOP('',(#1048,#1049,#1050,#1051));
#1946=EDGE_LOOP('',(#1052,#1053,#1054,#1055));
#1947=EDGE_LOOP('',(#1056,#1057,#1058,#1059,#1060,#1061,#1062));
#1948=EDGE_LOOP('',(#1063,#1064,#1065,#1066));
#1949=EDGE_LOOP('',(#1067,#1068,#1069,#1070));
#1950=EDGE_LOOP('',(#1071,#1072,#1073,#1074));
#1951=EDGE_LOOP('',(#1075,#1076,#1077,#1078));
#1952=EDGE_LOOP('',(#1079,#1080,#1081,#1082));
#1953=EDGE_LOOP('',(#1083,#1084,#1085,#1086));
#1954=EDGE_LOOP('',(#1087,#1088,#1089,#1090));
#1955=EDGE_LOOP('',(#1091,#1092,#1093,#1094));
#1956=EDGE_LOOP('',(#1095,#1096,#1097,#1098));
#1957=EDGE_LOOP('',(#1099,#1100,#1101,#1102));
#1958=EDGE_LOOP('',(#1103,#1104,#1105,#1106));
#1959=EDGE_LOOP('',(#1107,#1108,#1109,#1110));
#1960=EDGE_LOOP('',(#1111,#1112,#1113,#1114,#1115,#1116,#1117,#1118,#1119,
#1120,#1121,#1122));
#1961=EDGE_LOOP('',(#1123,#1124,#1125,#1126));
#1962=EDGE_LOOP('',(#1127,#1128,#1129,#1130));
#1963=EDGE_LOOP('',(#1131,#1132,#1133,#1134));
#1964=EDGE_LOOP('',(#1135,#1136,#1137,#1138));
#1965=EDGE_LOOP('',(#1139,#1140,#1141,#1142));
#1966=EDGE_LOOP('',(#1143,#1144,#1145,#1146));
#1967=EDGE_LOOP('',(#1147,#1148,#1149,#1150));
#1968=EDGE_LOOP('',(#1151,#1152,#1153,#1154));
#1969=EDGE_LOOP('',(#1155,#1156,#1157,#1158));
#1970=EDGE_LOOP('',(#1159,#1160,#1161,#1162));
#1971=EDGE_LOOP('',(#1163,#1164,#1165,#1166));
#1972=EDGE_LOOP('',(#1167,#1168,#1169,#1170));
#1973=EDGE_LOOP('',(#1171,#1172,#1173,#1174));
#1974=EDGE_LOOP('',(#1175,#1176,#1177,#1178));
#1975=EDGE_LOOP('',(#1179,#1180,#1181,#1182));
#1976=EDGE_LOOP('',(#1183,#1184,#1185,#1186));
#1977=EDGE_LOOP('',(#1187,#1188,#1189,#1190));
#1978=EDGE_LOOP('',(#1191,#1192,#1193,#1194,#1195,#1196,#1197));
#1979=EDGE_LOOP('',(#1198,#1199,#1200,#1201));
#1980=EDGE_LOOP('',(#1202,#1203,#1204,#1205));
#1981=EDGE_LOOP('',(#1206,#1207,#1208,#1209));
#1982=EDGE_LOOP('',(#1210,#1211,#1212,#1213));
#1983=EDGE_LOOP('',(#1214,#1215,#1216,#1217));
#1984=EDGE_LOOP('',(#1218));
#1985=EDGE_LOOP('',(#1219));
#1986=EDGE_LOOP('',(#1220,#1221,#1222,#1223));
#1987=EDGE_LOOP('',(#1224));
#1988=EDGE_LOOP('',(#1225,#1226,#1227,#1228,#1229,#1230));
#1989=EDGE_LOOP('',(#1231));
#1990=FACE_BOUND('',#1841,.T.);
#1991=FACE_BOUND('',#1842,.T.);
#1992=FACE_BOUND('',#1843,.T.);
#1993=FACE_BOUND('',#1844,.T.);
#1994=FACE_BOUND('',#1845,.T.);
#1995=FACE_BOUND('',#1846,.T.);
#1996=FACE_BOUND('',#1847,.T.);
#1997=FACE_BOUND('',#1848,.T.);
#1998=FACE_BOUND('',#1849,.T.);
#1999=FACE_BOUND('',#1850,.T.);
#2000=FACE_BOUND('',#1851,.T.);
#2001=FACE_BOUND('',#1852,.T.);
#2002=FACE_BOUND('',#1853,.T.);
#2003=FACE_BOUND('',#1854,.T.);
#2004=FACE_BOUND('',#1855,.T.);
#2005=FACE_BOUND('',#1856,.T.);
#2006=FACE_BOUND('',#1857,.T.);
#2007=FACE_BOUND('',#1858,.T.);
#2008=FACE_BOUND('',#1859,.T.);
#2009=FACE_BOUND('',#1860,.T.);
#2010=FACE_BOUND('',#1861,.T.);
#2011=FACE_BOUND('',#1862,.T.);
#2012=FACE_BOUND('',#1863,.T.);
#2013=FACE_BOUND('',#1864,.T.);
#2014=FACE_BOUND('',#1865,.T.);
#2015=FACE_BOUND('',#1866,.T.);
#2016=FACE_BOUND('',#1867,.T.);
#2017=FACE_BOUND('',#1868,.T.);
#2018=FACE_BOUND('',#1869,.T.);
#2019=FACE_BOUND('',#1870,.T.);
#2020=FACE_BOUND('',#1871,.T.);
#2021=FACE_BOUND('',#1872,.T.);
#2022=FACE_BOUND('',#1873,.T.);
#2023=FACE_BOUND('',#1874,.T.);
#2024=FACE_BOUND('',#1875,.T.);
#2025=FACE_BOUND('',#1876,.T.);
#2026=FACE_BOUND('',#1877,.T.);
#2027=FACE_BOUND('',#1878,.T.);
#2028=FACE_BOUND('',#1879,.T.);
#2029=FACE_BOUND('',#1880,.T.);
#2030=FACE_BOUND('',#1881,.T.);
#2031=FACE_BOUND('',#1882,.T.);
#2032=FACE_BOUND('',#1883,.T.);
#2033=FACE_BOUND('',#1884,.T.);
#2034=FACE_BOUND('',#1885,.T.);
#2035=FACE_BOUND('',#1886,.T.);
#2036=FACE_BOUND('',#1887,.T.);
#2037=FACE_BOUND('',#1888,.T.);
#2038=FACE_BOUND('',#1889,.T.);
#2039=FACE_BOUND('',#1890,.T.);
#2040=FACE_BOUND('',#1891,.T.);
#2041=FACE_BOUND('',#1892,.T.);
#2042=FACE_BOUND('',#1893,.T.);
#2043=FACE_BOUND('',#1894,.T.);
#2044=FACE_BOUND('',#1895,.T.);
#2045=FACE_BOUND('',#1896,.T.);
#2046=FACE_BOUND('',#1897,.T.);
#2047=FACE_BOUND('',#1898,.T.);
#2048=FACE_BOUND('',#1899,.T.);
#2049=FACE_BOUND('',#1900,.T.);
#2050=FACE_BOUND('',#1901,.T.);
#2051=FACE_BOUND('',#1902,.T.);
#2052=FACE_BOUND('',#1903,.T.);
#2053=FACE_BOUND('',#1904,.T.);
#2054=FACE_BOUND('',#1905,.T.);
#2055=FACE_BOUND('',#1906,.T.);
#2056=FACE_BOUND('',#1907,.T.);
#2057=FACE_BOUND('',#1908,.T.);
#2058=FACE_BOUND('',#1909,.T.);
#2059=FACE_BOUND('',#1910,.T.);
#2060=FACE_BOUND('',#1911,.T.);
#2061=FACE_BOUND('',#1912,.T.);
#2062=FACE_BOUND('',#1913,.T.);
#2063=FACE_BOUND('',#1914,.T.);
#2064=FACE_BOUND('',#1915,.T.);
#2065=FACE_BOUND('',#1916,.T.);
#2066=FACE_BOUND('',#1917,.T.);
#2067=FACE_BOUND('',#1918,.T.);
#2068=FACE_BOUND('',#1919,.T.);
#2069=FACE_BOUND('',#1920,.T.);
#2070=FACE_BOUND('',#1921,.T.);
#2071=FACE_BOUND('',#1922,.T.);
#2072=FACE_BOUND('',#1923,.T.);
#2073=FACE_BOUND('',#1924,.T.);
#2074=FACE_BOUND('',#1925,.T.);
#2075=FACE_BOUND('',#1926,.T.);
#2076=FACE_BOUND('',#1927,.T.);
#2077=FACE_BOUND('',#1928,.T.);
#2078=FACE_BOUND('',#1929,.T.);
#2079=FACE_BOUND('',#1930,.T.);
#2080=FACE_BOUND('',#1931,.T.);
#2081=FACE_BOUND('',#1932,.T.);
#2082=FACE_BOUND('',#1933,.T.);
#2083=FACE_BOUND('',#1934,.T.);
#2084=FACE_BOUND('',#1935,.T.);
#2085=FACE_BOUND('',#1936,.T.);
#2086=FACE_BOUND('',#1937,.T.);
#2087=FACE_BOUND('',#1938,.T.);
#2088=FACE_BOUND('',#1939,.T.);
#2089=FACE_BOUND('',#1940,.T.);
#2090=FACE_BOUND('',#1941,.T.);
#2091=FACE_BOUND('',#1942,.T.);
#2092=FACE_BOUND('',#1943,.T.);
#2093=FACE_BOUND('',#1944,.T.);
#2094=FACE_BOUND('',#1945,.T.);
#2095=FACE_BOUND('',#1946,.T.);
#2096=FACE_BOUND('',#1947,.T.);
#2097=FACE_BOUND('',#1948,.T.);
#2098=FACE_BOUND('',#1949,.T.);
#2099=FACE_BOUND('',#1950,.T.);
#2100=FACE_BOUND('',#1951,.T.);
#2101=FACE_BOUND('',#1952,.T.);
#2102=FACE_BOUND('',#1953,.T.);
#2103=FACE_BOUND('',#1954,.T.);
#2104=FACE_BOUND('',#1955,.T.);
#2105=FACE_BOUND('',#1956,.T.);
#2106=FACE_BOUND('',#1957,.T.);
#2107=FACE_BOUND('',#1958,.T.);
#2108=FACE_BOUND('',#1959,.T.);
#2109=FACE_BOUND('',#1960,.T.);
#2110=FACE_BOUND('',#1961,.T.);
#2111=FACE_BOUND('',#1962,.T.);
#2112=FACE_BOUND('',#1963,.T.);
#2113=FACE_BOUND('',#1964,.T.);
#2114=FACE_BOUND('',#1965,.T.);
#2115=FACE_BOUND('',#1966,.T.);
#2116=FACE_BOUND('',#1967,.T.);
#2117=FACE_BOUND('',#1968,.T.);
#2118=FACE_BOUND('',#1969,.T.);
#2119=FACE_BOUND('',#1970,.T.);
#2120=FACE_BOUND('',#1971,.T.);
#2121=FACE_BOUND('',#1972,.T.);
#2122=FACE_BOUND('',#1973,.T.);
#2123=FACE_BOUND('',#1974,.T.);
#2124=FACE_BOUND('',#1975,.T.);
#2125=FACE_BOUND('',#1976,.T.);
#2126=FACE_BOUND('',#1977,.T.);
#2127=FACE_BOUND('',#1978,.T.);
#2128=FACE_BOUND('',#1979,.T.);
#2129=FACE_BOUND('',#1980,.T.);
#2130=FACE_BOUND('',#1981,.T.);
#2131=FACE_BOUND('',#1982,.T.);
#2132=FACE_BOUND('',#1983,.T.);
#2133=FACE_BOUND('',#1984,.T.);
#2134=FACE_BOUND('',#1985,.T.);
#2135=FACE_BOUND('',#1986,.T.);
#2136=FACE_BOUND('',#1987,.T.);
#2137=FACE_BOUND('',#1988,.T.);
#2138=FACE_BOUND('',#1989,.T.);
#2139=PLANE('',#3051);
#2140=PLANE('',#3062);
#2141=PLANE('',#3065);
#2142=PLANE('',#3068);
#2143=PLANE('',#3071);
#2144=PLANE('',#3072);
#2145=PLANE('',#3073);
#2146=PLANE('',#3074);
#2147=PLANE('',#3077);
#2148=PLANE('',#3080);
#2149=PLANE('',#3081);
#2150=PLANE('',#3082);
#2151=PLANE('',#3083);
#2152=PLANE('',#3084);
#2153=PLANE('',#3087);
#2154=PLANE('',#3090);
#2155=PLANE('',#3091);
#2156=PLANE('',#3092);
#2157=PLANE('',#3094);
#2158=PLANE('',#3095);
#2159=PLANE('',#3099);
#2160=PLANE('',#3103);
#2161=PLANE('',#3104);
#2162=PLANE('',#3105);
#2163=PLANE('',#3106);
#2164=PLANE('',#3107);
#2165=PLANE('',#3108);
#2166=PLANE('',#3112);
#2167=PLANE('',#3116);
#2168=PLANE('',#3117);
#2169=PLANE('',#3118);
#2170=PLANE('',#3119);
#2171=PLANE('',#3121);
#2172=PLANE('',#3126);
#2173=PLANE('',#3137);
#2174=PLANE('',#3140);
#2175=PLANE('',#3143);
#2176=PLANE('',#3146);
#2177=PLANE('',#3147);
#2178=PLANE('',#3149);
#2179=PLANE('',#3151);
#2180=PLANE('',#3153);
#2181=PLANE('',#3155);
#2182=PLANE('',#3156);
#2183=PLANE('',#3157);
#2184=PLANE('',#3158);
#2185=PLANE('',#3159);
#2186=PLANE('',#3160);
#2187=PLANE('',#3161);
#2188=PLANE('',#3162);
#2189=PLANE('',#3163);
#2190=PLANE('',#3164);
#2191=PLANE('',#3165);
#2192=PLANE('',#3166);
#2193=PLANE('',#3167);
#2194=PLANE('',#3168);
#2195=PLANE('',#3169);
#2196=PLANE('',#3170);
#2197=PLANE('',#3171);
#2198=PLANE('',#3172);
#2199=PLANE('',#3173);
#2200=PLANE('',#3174);
#2201=PLANE('',#3175);
#2202=PLANE('',#3176);
#2203=PLANE('',#3177);
#2204=PLANE('',#3178);
#2205=PLANE('',#3179);
#2206=PLANE('',#3180);
#2207=PLANE('',#3181);
#2208=PLANE('',#3182);
#2209=PLANE('',#3183);
#2210=PLANE('',#3184);
#2211=PLANE('',#3185);
#2212=PLANE('',#3186);
#2213=PLANE('',#3187);
#2214=PLANE('',#3188);
#2215=PLANE('',#3189);
#2216=PLANE('',#3190);
#2217=PLANE('',#3191);
#2218=PLANE('',#3192);
#2219=PLANE('',#3193);
#2220=PLANE('',#3194);
#2221=PLANE('',#3195);
#2222=PLANE('',#3196);
#2223=PLANE('',#3197);
#2224=PLANE('',#3198);
#2225=PLANE('',#3199);
#2226=PLANE('',#3200);
#2227=PLANE('',#3201);
#2228=PLANE('',#3202);
#2229=PLANE('',#3203);
#2230=PLANE('',#3204);
#2231=PLANE('',#3205);
#2232=PLANE('',#3206);
#2233=PLANE('',#3207);
#2234=PLANE('',#3208);
#2235=PLANE('',#3209);
#2236=PLANE('',#3210);
#2237=PLANE('',#3211);
#2238=ADVANCED_FACE('',(#1990,#1991,#1992),#2139,.T.);
#2239=ADVANCED_FACE('',(#1993),#176,.F.);
#2240=ADVANCED_FACE('',(#1994),#2140,.F.);
#2241=ADVANCED_FACE('',(#1995),#177,.F.);
#2242=ADVANCED_FACE('',(#1996),#2141,.F.);
#2243=ADVANCED_FACE('',(#1997),#178,.F.);
#2244=ADVANCED_FACE('',(#1998),#2142,.F.);
#2245=ADVANCED_FACE('',(#1999),#179,.F.);
#2246=ADVANCED_FACE('',(#2000),#2143,.F.);
#2247=ADVANCED_FACE('',(#2001),#2144,.F.);
#2248=ADVANCED_FACE('',(#2002),#2145,.T.);
#2249=ADVANCED_FACE('',(#2003),#2146,.T.);
#2250=ADVANCED_FACE('',(#2004),#180,.T.);
#2251=ADVANCED_FACE('',(#2005),#2147,.T.);
#2252=ADVANCED_FACE('',(#2006),#181,.T.);
#2253=ADVANCED_FACE('',(#2007),#2148,.T.);
#2254=ADVANCED_FACE('',(#2008),#2149,.T.);
#2255=ADVANCED_FACE('',(#2009),#2150,.T.);
#2256=ADVANCED_FACE('',(#2010),#2151,.T.);
#2257=ADVANCED_FACE('',(#2011),#2152,.T.);
#2258=ADVANCED_FACE('',(#2012),#182,.T.);
#2259=ADVANCED_FACE('',(#2013),#2153,.T.);
#2260=ADVANCED_FACE('',(#2014),#183,.T.);
#2261=ADVANCED_FACE('',(#2015),#2154,.T.);
#2262=ADVANCED_FACE('',(#2016),#2155,.T.);
#2263=ADVANCED_FACE('',(#2017),#2156,.T.);
#2264=ADVANCED_FACE('',(#2018),#2157,.F.);
#2265=ADVANCED_FACE('',(#2019),#2158,.F.);
#2266=ADVANCED_FACE('',(#2020),#184,.F.);
#2267=ADVANCED_FACE('',(#2021),#2159,.F.);
#2268=ADVANCED_FACE('',(#2022),#185,.F.);
#2269=ADVANCED_FACE('',(#2023),#2160,.F.);
#2270=ADVANCED_FACE('',(#2024),#2161,.F.);
#2271=ADVANCED_FACE('',(#2025),#2162,.F.);
#2272=ADVANCED_FACE('',(#2026),#2163,.F.);
#2273=ADVANCED_FACE('',(#2027),#2164,.T.);
#2274=ADVANCED_FACE('',(#2028),#2165,.F.);
#2275=ADVANCED_FACE('',(#2029),#186,.F.);
#2276=ADVANCED_FACE('',(#2030),#2166,.F.);
#2277=ADVANCED_FACE('',(#2031),#187,.F.);
#2278=ADVANCED_FACE('',(#2032),#2167,.F.);
#2279=ADVANCED_FACE('',(#2033),#2168,.F.);
#2280=ADVANCED_FACE('',(#2034),#2169,.F.);
#2281=ADVANCED_FACE('',(#2035),#2170,.T.);
#2282=ADVANCED_FACE('',(#2036,#2037,#2038,#2039,#2040,#2041,#2042,#2043,
#2044),#2171,.T.);
#2283=ADVANCED_FACE('',(#2045,#2046),#2172,.T.);
#2284=ADVANCED_FACE('',(#2047),#188,.F.);
#2285=ADVANCED_FACE('',(#2048),#2173,.T.);
#2286=ADVANCED_FACE('',(#2049),#189,.F.);
#2287=ADVANCED_FACE('',(#2050),#2174,.T.);
#2288=ADVANCED_FACE('',(#2051),#190,.F.);
#2289=ADVANCED_FACE('',(#2052),#2175,.T.);
#2290=ADVANCED_FACE('',(#2053),#191,.F.);
#2291=ADVANCED_FACE('',(#2054),#2176,.T.);
#2292=ADVANCED_FACE('',(#2055),#2177,.F.);
#2293=ADVANCED_FACE('',(#2056),#192,.T.);
#2294=ADVANCED_FACE('',(#2057),#2178,.F.);
#2295=ADVANCED_FACE('',(#2058),#193,.T.);
#2296=ADVANCED_FACE('',(#2059),#2179,.F.);
#2297=ADVANCED_FACE('',(#2060),#194,.T.);
#2298=ADVANCED_FACE('',(#2061),#2180,.F.);
#2299=ADVANCED_FACE('',(#2062),#195,.T.);
#2300=ADVANCED_FACE('',(#2063),#2181,.F.);
#2301=ADVANCED_FACE('',(#2064),#2182,.T.);
#2302=ADVANCED_FACE('',(#2065),#2183,.T.);
#2303=ADVANCED_FACE('',(#2066),#2184,.T.);
#2304=ADVANCED_FACE('',(#2067),#18,.T.);
#2305=ADVANCED_FACE('',(#2068),#19,.T.);
#2306=ADVANCED_FACE('',(#2069),#2185,.T.);
#2307=ADVANCED_FACE('',(#2070),#2186,.T.);
#2308=ADVANCED_FACE('',(#2071),#2187,.T.);
#2309=ADVANCED_FACE('',(#2072),#2188,.T.);
#2310=ADVANCED_FACE('',(#2073),#2189,.T.);
#2311=ADVANCED_FACE('',(#2074),#2190,.T.);
#2312=ADVANCED_FACE('',(#2075),#2191,.T.);
#2313=ADVANCED_FACE('',(#2076),#2192,.T.);
#2314=ADVANCED_FACE('',(#2077),#2193,.T.);
#2315=ADVANCED_FACE('',(#2078),#20,.T.);
#2316=ADVANCED_FACE('',(#2079),#21,.T.);
#2317=ADVANCED_FACE('',(#2080),#22,.T.);
#2318=ADVANCED_FACE('',(#2081),#2194,.T.);
#2319=ADVANCED_FACE('',(#2082),#23,.T.);
#2320=ADVANCED_FACE('',(#2083),#24,.T.);
#2321=ADVANCED_FACE('',(#2084),#25,.T.);
#2322=ADVANCED_FACE('',(#2085),#2195,.T.);
#2323=ADVANCED_FACE('',(#2086,#2087),#2196,.T.);
#2324=ADVANCED_FACE('',(#2088),#2197,.T.);
#2325=ADVANCED_FACE('',(#2089),#2198,.T.);
#2326=ADVANCED_FACE('',(#2090),#2199,.T.);
#2327=ADVANCED_FACE('',(#2091),#2200,.T.);
#2328=ADVANCED_FACE('',(#2092),#2201,.T.);
#2329=ADVANCED_FACE('',(#2093),#26,.T.);
#2330=ADVANCED_FACE('',(#2094),#2202,.T.);
#2331=ADVANCED_FACE('',(#2095),#27,.T.);
#2332=ADVANCED_FACE('',(#2096),#2203,.T.);
#2333=ADVANCED_FACE('',(#2097),#2204,.T.);
#2334=ADVANCED_FACE('',(#2098),#2205,.T.);
#2335=ADVANCED_FACE('',(#2099),#2206,.T.);
#2336=ADVANCED_FACE('',(#2100),#2207,.T.);
#2337=ADVANCED_FACE('',(#2101),#2208,.T.);
#2338=ADVANCED_FACE('',(#2102),#2209,.T.);
#2339=ADVANCED_FACE('',(#2103),#2210,.T.);
#2340=ADVANCED_FACE('',(#2104),#2211,.T.);
#2341=ADVANCED_FACE('',(#2105),#2212,.T.);
#2342=ADVANCED_FACE('',(#2106),#2213,.T.);
#2343=ADVANCED_FACE('',(#2107),#2214,.T.);
#2344=ADVANCED_FACE('',(#2108),#2215,.T.);
#2345=ADVANCED_FACE('',(#2109),#2216,.T.);
#2346=ADVANCED_FACE('',(#2110),#2217,.T.);
#2347=ADVANCED_FACE('',(#2111),#2218,.T.);
#2348=ADVANCED_FACE('',(#2112),#2219,.T.);
#2349=ADVANCED_FACE('',(#2113),#2220,.T.);
#2350=ADVANCED_FACE('',(#2114),#2221,.T.);
#2351=ADVANCED_FACE('',(#2115),#2222,.T.);
#2352=ADVANCED_FACE('',(#2116),#2223,.T.);
#2353=ADVANCED_FACE('',(#2117),#2224,.T.);
#2354=ADVANCED_FACE('',(#2118),#2225,.T.);
#2355=ADVANCED_FACE('',(#2119),#2226,.T.);
#2356=ADVANCED_FACE('',(#2120),#2227,.T.);
#2357=ADVANCED_FACE('',(#2121),#2228,.T.);
#2358=ADVANCED_FACE('',(#2122),#2229,.T.);
#2359=ADVANCED_FACE('',(#2123),#2230,.T.);
#2360=ADVANCED_FACE('',(#2124),#28,.T.);
#2361=ADVANCED_FACE('',(#2125),#2231,.T.);
#2362=ADVANCED_FACE('',(#2126),#29,.T.);
#2363=ADVANCED_FACE('',(#2127),#2232,.T.);
#2364=ADVANCED_FACE('',(#2128),#30,.T.);
#2365=ADVANCED_FACE('',(#2129),#2233,.T.);
#2366=ADVANCED_FACE('',(#2130),#31,.T.);
#2367=ADVANCED_FACE('',(#2131),#32,.T.);
#2368=ADVANCED_FACE('',(#2132),#2234,.T.);
#2369=ADVANCED_FACE('',(#2133,#2134),#33,.T.);
#2370=ADVANCED_FACE('',(#2135),#2235,.T.);
#2371=ADVANCED_FACE('',(#2136,#2137),#2236,.T.);
#2372=ADVANCED_FACE('',(#2138),#2237,.T.);
#2373=CLOSED_SHELL('',(#2238,#2239,#2240,#2241,#2242,#2243,#2244,#2245,
#2246,#2247,#2248,#2249,#2250,#2251,#2252,#2253,#2254,#2255,#2256,#2257,
#2258,#2259,#2260,#2261,#2262,#2263));
#2374=CLOSED_SHELL('',(#2264,#2265,#2266,#2267,#2268,#2269,#2270,#2271,
#2272,#2273));
#2375=CLOSED_SHELL('',(#2274,#2275,#2276,#2277,#2278,#2279,#2280,#2281));
#2376=CLOSED_SHELL('',(#2282,#2283,#2284,#2285,#2286,#2287,#2288,#2289,
#2290,#2291,#2292,#2293,#2294,#2295,#2296,#2297,#2298,#2299,#2300,#2301,
#2302,#2303,#2304,#2305,#2306,#2307,#2308,#2309,#2310,#2311,#2312,#2313,
#2314,#2315,#2316,#2317,#2318,#2319,#2320,#2321,#2322,#2323,#2324,#2325,
#2326,#2327,#2328,#2329,#2330,#2331,#2332,#2333,#2334,#2335,#2336,#2337,
#2338,#2339,#2340,#2341,#2342,#2343,#2344,#2345,#2346,#2347,#2348,#2349,
#2350,#2351,#2352,#2353,#2354,#2355,#2356,#2357,#2358,#2359,#2360,#2361,
#2362,#2363,#2364,#2365,#2366,#2367,#2368,#2369,#2370,#2371,#2372));
#2377=STYLED_ITEM('',(#2471),#3038);
#2378=STYLED_ITEM('',(#2472),#3039);
#2379=STYLED_ITEM('',(#2473),#3040);
#2380=STYLED_ITEM('',(#2474),#2282);
#2381=STYLED_ITEM('',(#2475),#2283);
#2382=STYLED_ITEM('',(#2476),#2284);
#2383=STYLED_ITEM('',(#2477),#2285);
#2384=STYLED_ITEM('',(#2478),#2286);
#2385=STYLED_ITEM('',(#2479),#2287);
#2386=STYLED_ITEM('',(#2480),#2288);
#2387=STYLED_ITEM('',(#2481),#2289);
#2388=STYLED_ITEM('',(#2482),#2290);
#2389=STYLED_ITEM('',(#2483),#2291);
#2390=STYLED_ITEM('',(#2484),#2292);
#2391=STYLED_ITEM('',(#2485),#2293);
#2392=STYLED_ITEM('',(#2486),#2294);
#2393=STYLED_ITEM('',(#2487),#2295);
#2394=STYLED_ITEM('',(#2488),#2296);
#2395=STYLED_ITEM('',(#2489),#2297);
#2396=STYLED_ITEM('',(#2490),#2298);
#2397=STYLED_ITEM('',(#2491),#2299);
#2398=STYLED_ITEM('',(#2492),#2300);
#2399=STYLED_ITEM('',(#2493),#2301);
#2400=STYLED_ITEM('',(#2494),#2302);
#2401=STYLED_ITEM('',(#2495),#2303);
#2402=STYLED_ITEM('',(#2496),#2304);
#2403=STYLED_ITEM('',(#2497),#2305);
#2404=STYLED_ITEM('',(#2498),#2306);
#2405=STYLED_ITEM('',(#2499),#2307);
#2406=STYLED_ITEM('',(#2500),#2308);
#2407=STYLED_ITEM('',(#2501),#2309);
#2408=STYLED_ITEM('',(#2502),#2310);
#2409=STYLED_ITEM('',(#2503),#2311);
#2410=STYLED_ITEM('',(#2504),#2312);
#2411=STYLED_ITEM('',(#2505),#2313);
#2412=STYLED_ITEM('',(#2506),#2314);
#2413=STYLED_ITEM('',(#2507),#2315);
#2414=STYLED_ITEM('',(#2508),#2316);
#2415=STYLED_ITEM('',(#2509),#2317);
#2416=STYLED_ITEM('',(#2510),#2318);
#2417=STYLED_ITEM('',(#2511),#2319);
#2418=STYLED_ITEM('',(#2512),#2320);
#2419=STYLED_ITEM('',(#2513),#2321);
#2420=STYLED_ITEM('',(#2514),#2322);
#2421=STYLED_ITEM('',(#2515),#2323);
#2422=STYLED_ITEM('',(#2516),#2324);
#2423=STYLED_ITEM('',(#2517),#2325);
#2424=STYLED_ITEM('',(#2518),#2326);
#2425=STYLED_ITEM('',(#2519),#2327);
#2426=STYLED_ITEM('',(#2520),#2328);
#2427=STYLED_ITEM('',(#2521),#2329);
#2428=STYLED_ITEM('',(#2522),#2330);
#2429=STYLED_ITEM('',(#2523),#2331);
#2430=STYLED_ITEM('',(#2524),#2332);
#2431=STYLED_ITEM('',(#2525),#2333);
#2432=STYLED_ITEM('',(#2526),#2334);
#2433=STYLED_ITEM('',(#2527),#2335);
#2434=STYLED_ITEM('',(#2528),#2336);
#2435=STYLED_ITEM('',(#2529),#2337);
#2436=STYLED_ITEM('',(#2530),#2338);
#2437=STYLED_ITEM('',(#2531),#2339);
#2438=STYLED_ITEM('',(#2532),#2340);
#2439=STYLED_ITEM('',(#2533),#2341);
#2440=STYLED_ITEM('',(#2534),#2342);
#2441=STYLED_ITEM('',(#2535),#2343);
#2442=STYLED_ITEM('',(#2536),#2344);
#2443=STYLED_ITEM('',(#2537),#2345);
#2444=STYLED_ITEM('',(#2538),#2346);
#2445=STYLED_ITEM('',(#2539),#2347);
#2446=STYLED_ITEM('',(#2540),#2348);
#2447=STYLED_ITEM('',(#2541),#2349);
#2448=STYLED_ITEM('',(#2542),#2350);
#2449=STYLED_ITEM('',(#2543),#2351);
#2450=STYLED_ITEM('',(#2544),#2352);
#2451=STYLED_ITEM('',(#2545),#2353);
#2452=STYLED_ITEM('',(#2546),#2354);
#2453=STYLED_ITEM('',(#2547),#2355);
#2454=STYLED_ITEM('',(#2548),#2356);
#2455=STYLED_ITEM('',(#2549),#2357);
#2456=STYLED_ITEM('',(#2550),#2358);
#2457=STYLED_ITEM('',(#2551),#2359);
#2458=STYLED_ITEM('',(#2552),#2360);
#2459=STYLED_ITEM('',(#2553),#2361);
#2460=STYLED_ITEM('',(#2554),#2362);
#2461=STYLED_ITEM('',(#2555),#2363);
#2462=STYLED_ITEM('',(#2556),#2364);
#2463=STYLED_ITEM('',(#2557),#2365);
#2464=STYLED_ITEM('',(#2558),#2366);
#2465=STYLED_ITEM('',(#2559),#2367);
#2466=STYLED_ITEM('',(#2560),#2368);
#2467=STYLED_ITEM('',(#2561),#2369);
#2468=STYLED_ITEM('',(#2562),#2370);
#2469=STYLED_ITEM('',(#2563),#2371);
#2470=STYLED_ITEM('',(#2564),#2372);
#2471=PRESENTATION_STYLE_ASSIGNMENT((#2565));
#2472=PRESENTATION_STYLE_ASSIGNMENT((#2566));
#2473=PRESENTATION_STYLE_ASSIGNMENT((#2567));
#2474=PRESENTATION_STYLE_ASSIGNMENT((#2568));
#2475=PRESENTATION_STYLE_ASSIGNMENT((#2569));
#2476=PRESENTATION_STYLE_ASSIGNMENT((#2570));
#2477=PRESENTATION_STYLE_ASSIGNMENT((#2571));
#2478=PRESENTATION_STYLE_ASSIGNMENT((#2572));
#2479=PRESENTATION_STYLE_ASSIGNMENT((#2573));
#2480=PRESENTATION_STYLE_ASSIGNMENT((#2574));
#2481=PRESENTATION_STYLE_ASSIGNMENT((#2575));
#2482=PRESENTATION_STYLE_ASSIGNMENT((#2576));
#2483=PRESENTATION_STYLE_ASSIGNMENT((#2577));
#2484=PRESENTATION_STYLE_ASSIGNMENT((#2578));
#2485=PRESENTATION_STYLE_ASSIGNMENT((#2579));
#2486=PRESENTATION_STYLE_ASSIGNMENT((#2580));
#2487=PRESENTATION_STYLE_ASSIGNMENT((#2581));
#2488=PRESENTATION_STYLE_ASSIGNMENT((#2582));
#2489=PRESENTATION_STYLE_ASSIGNMENT((#2583));
#2490=PRESENTATION_STYLE_ASSIGNMENT((#2584));
#2491=PRESENTATION_STYLE_ASSIGNMENT((#2585));
#2492=PRESENTATION_STYLE_ASSIGNMENT((#2586));
#2493=PRESENTATION_STYLE_ASSIGNMENT((#2587));
#2494=PRESENTATION_STYLE_ASSIGNMENT((#2588));
#2495=PRESENTATION_STYLE_ASSIGNMENT((#2589));
#2496=PRESENTATION_STYLE_ASSIGNMENT((#2590));
#2497=PRESENTATION_STYLE_ASSIGNMENT((#2591));
#2498=PRESENTATION_STYLE_ASSIGNMENT((#2592));
#2499=PRESENTATION_STYLE_ASSIGNMENT((#2593));
#2500=PRESENTATION_STYLE_ASSIGNMENT((#2594));
#2501=PRESENTATION_STYLE_ASSIGNMENT((#2595));
#2502=PRESENTATION_STYLE_ASSIGNMENT((#2596));
#2503=PRESENTATION_STYLE_ASSIGNMENT((#2597));
#2504=PRESENTATION_STYLE_ASSIGNMENT((#2598));
#2505=PRESENTATION_STYLE_ASSIGNMENT((#2599));
#2506=PRESENTATION_STYLE_ASSIGNMENT((#2600));
#2507=PRESENTATION_STYLE_ASSIGNMENT((#2601));
#2508=PRESENTATION_STYLE_ASSIGNMENT((#2602));
#2509=PRESENTATION_STYLE_ASSIGNMENT((#2603));
#2510=PRESENTATION_STYLE_ASSIGNMENT((#2604));
#2511=PRESENTATION_STYLE_ASSIGNMENT((#2605));
#2512=PRESENTATION_STYLE_ASSIGNMENT((#2606));
#2513=PRESENTATION_STYLE_ASSIGNMENT((#2607));
#2514=PRESENTATION_STYLE_ASSIGNMENT((#2608));
#2515=PRESENTATION_STYLE_ASSIGNMENT((#2609));
#2516=PRESENTATION_STYLE_ASSIGNMENT((#2610));
#2517=PRESENTATION_STYLE_ASSIGNMENT((#2611));
#2518=PRESENTATION_STYLE_ASSIGNMENT((#2612));
#2519=PRESENTATION_STYLE_ASSIGNMENT((#2613));
#2520=PRESENTATION_STYLE_ASSIGNMENT((#2614));
#2521=PRESENTATION_STYLE_ASSIGNMENT((#2615));
#2522=PRESENTATION_STYLE_ASSIGNMENT((#2616));
#2523=PRESENTATION_STYLE_ASSIGNMENT((#2617));
#2524=PRESENTATION_STYLE_ASSIGNMENT((#2618));
#2525=PRESENTATION_STYLE_ASSIGNMENT((#2619));
#2526=PRESENTATION_STYLE_ASSIGNMENT((#2620));
#2527=PRESENTATION_STYLE_ASSIGNMENT((#2621));
#2528=PRESENTATION_STYLE_ASSIGNMENT((#2622));
#2529=PRESENTATION_STYLE_ASSIGNMENT((#2623));
#2530=PRESENTATION_STYLE_ASSIGNMENT((#2624));
#2531=PRESENTATION_STYLE_ASSIGNMENT((#2625));
#2532=PRESENTATION_STYLE_ASSIGNMENT((#2626));
#2533=PRESENTATION_STYLE_ASSIGNMENT((#2627));
#2534=PRESENTATION_STYLE_ASSIGNMENT((#2628));
#2535=PRESENTATION_STYLE_ASSIGNMENT((#2629));
#2536=PRESENTATION_STYLE_ASSIGNMENT((#2630));
#2537=PRESENTATION_STYLE_ASSIGNMENT((#2631));
#2538=PRESENTATION_STYLE_ASSIGNMENT((#2632));
#2539=PRESENTATION_STYLE_ASSIGNMENT((#2633));
#2540=PRESENTATION_STYLE_ASSIGNMENT((#2634));
#2541=PRESENTATION_STYLE_ASSIGNMENT((#2635));
#2542=PRESENTATION_STYLE_ASSIGNMENT((#2636));
#2543=PRESENTATION_STYLE_ASSIGNMENT((#2637));
#2544=PRESENTATION_STYLE_ASSIGNMENT((#2638));
#2545=PRESENTATION_STYLE_ASSIGNMENT((#2639));
#2546=PRESENTATION_STYLE_ASSIGNMENT((#2640));
#2547=PRESENTATION_STYLE_ASSIGNMENT((#2641));
#2548=PRESENTATION_STYLE_ASSIGNMENT((#2642));
#2549=PRESENTATION_STYLE_ASSIGNMENT((#2643));
#2550=PRESENTATION_STYLE_ASSIGNMENT((#2644));
#2551=PRESENTATION_STYLE_ASSIGNMENT((#2645));
#2552=PRESENTATION_STYLE_ASSIGNMENT((#2646));
#2553=PRESENTATION_STYLE_ASSIGNMENT((#2647));
#2554=PRESENTATION_STYLE_ASSIGNMENT((#2648));
#2555=PRESENTATION_STYLE_ASSIGNMENT((#2649));
#2556=PRESENTATION_STYLE_ASSIGNMENT((#2650));
#2557=PRESENTATION_STYLE_ASSIGNMENT((#2651));
#2558=PRESENTATION_STYLE_ASSIGNMENT((#2652));
#2559=PRESENTATION_STYLE_ASSIGNMENT((#2653));
#2560=PRESENTATION_STYLE_ASSIGNMENT((#2654));
#2561=PRESENTATION_STYLE_ASSIGNMENT((#2655));
#2562=PRESENTATION_STYLE_ASSIGNMENT((#2656));
#2563=PRESENTATION_STYLE_ASSIGNMENT((#2657));
#2564=PRESENTATION_STYLE_ASSIGNMENT((#2658));
#2565=SURFACE_STYLE_USAGE(.BOTH.,#2659);
#2566=SURFACE_STYLE_USAGE(.BOTH.,#2660);
#2567=SURFACE_STYLE_USAGE(.BOTH.,#2661);
#2568=SURFACE_STYLE_USAGE(.BOTH.,#2662);
#2569=SURFACE_STYLE_USAGE(.BOTH.,#2663);
#2570=SURFACE_STYLE_USAGE(.BOTH.,#2664);
#2571=SURFACE_STYLE_USAGE(.BOTH.,#2665);
#2572=SURFACE_STYLE_USAGE(.BOTH.,#2666);
#2573=SURFACE_STYLE_USAGE(.BOTH.,#2667);
#2574=SURFACE_STYLE_USAGE(.BOTH.,#2668);
#2575=SURFACE_STYLE_USAGE(.BOTH.,#2669);
#2576=SURFACE_STYLE_USAGE(.BOTH.,#2670);
#2577=SURFACE_STYLE_USAGE(.BOTH.,#2671);
#2578=SURFACE_STYLE_USAGE(.BOTH.,#2672);
#2579=SURFACE_STYLE_USAGE(.BOTH.,#2673);
#2580=SURFACE_STYLE_USAGE(.BOTH.,#2674);
#2581=SURFACE_STYLE_USAGE(.BOTH.,#2675);
#2582=SURFACE_STYLE_USAGE(.BOTH.,#2676);
#2583=SURFACE_STYLE_USAGE(.BOTH.,#2677);
#2584=SURFACE_STYLE_USAGE(.BOTH.,#2678);
#2585=SURFACE_STYLE_USAGE(.BOTH.,#2679);
#2586=SURFACE_STYLE_USAGE(.BOTH.,#2680);
#2587=SURFACE_STYLE_USAGE(.BOTH.,#2681);
#2588=SURFACE_STYLE_USAGE(.BOTH.,#2682);
#2589=SURFACE_STYLE_USAGE(.BOTH.,#2683);
#2590=SURFACE_STYLE_USAGE(.BOTH.,#2684);
#2591=SURFACE_STYLE_USAGE(.BOTH.,#2685);
#2592=SURFACE_STYLE_USAGE(.BOTH.,#2686);
#2593=SURFACE_STYLE_USAGE(.BOTH.,#2687);
#2594=SURFACE_STYLE_USAGE(.BOTH.,#2688);
#2595=SURFACE_STYLE_USAGE(.BOTH.,#2689);
#2596=SURFACE_STYLE_USAGE(.BOTH.,#2690);
#2597=SURFACE_STYLE_USAGE(.BOTH.,#2691);
#2598=SURFACE_STYLE_USAGE(.BOTH.,#2692);
#2599=SURFACE_STYLE_USAGE(.BOTH.,#2693);
#2600=SURFACE_STYLE_USAGE(.BOTH.,#2694);
#2601=SURFACE_STYLE_USAGE(.BOTH.,#2695);
#2602=SURFACE_STYLE_USAGE(.BOTH.,#2696);
#2603=SURFACE_STYLE_USAGE(.BOTH.,#2697);
#2604=SURFACE_STYLE_USAGE(.BOTH.,#2698);
#2605=SURFACE_STYLE_USAGE(.BOTH.,#2699);
#2606=SURFACE_STYLE_USAGE(.BOTH.,#2700);
#2607=SURFACE_STYLE_USAGE(.BOTH.,#2701);
#2608=SURFACE_STYLE_USAGE(.BOTH.,#2702);
#2609=SURFACE_STYLE_USAGE(.BOTH.,#2703);
#2610=SURFACE_STYLE_USAGE(.BOTH.,#2704);
#2611=SURFACE_STYLE_USAGE(.BOTH.,#2705);
#2612=SURFACE_STYLE_USAGE(.BOTH.,#2706);
#2613=SURFACE_STYLE_USAGE(.BOTH.,#2707);
#2614=SURFACE_STYLE_USAGE(.BOTH.,#2708);
#2615=SURFACE_STYLE_USAGE(.BOTH.,#2709);
#2616=SURFACE_STYLE_USAGE(.BOTH.,#2710);
#2617=SURFACE_STYLE_USAGE(.BOTH.,#2711);
#2618=SURFACE_STYLE_USAGE(.BOTH.,#2712);
#2619=SURFACE_STYLE_USAGE(.BOTH.,#2713);
#2620=SURFACE_STYLE_USAGE(.BOTH.,#2714);
#2621=SURFACE_STYLE_USAGE(.BOTH.,#2715);
#2622=SURFACE_STYLE_USAGE(.BOTH.,#2716);
#2623=SURFACE_STYLE_USAGE(.BOTH.,#2717);
#2624=SURFACE_STYLE_USAGE(.BOTH.,#2718);
#2625=SURFACE_STYLE_USAGE(.BOTH.,#2719);
#2626=SURFACE_STYLE_USAGE(.BOTH.,#2720);
#2627=SURFACE_STYLE_USAGE(.BOTH.,#2721);
#2628=SURFACE_STYLE_USAGE(.BOTH.,#2722);
#2629=SURFACE_STYLE_USAGE(.BOTH.,#2723);
#2630=SURFACE_STYLE_USAGE(.BOTH.,#2724);
#2631=SURFACE_STYLE_USAGE(.BOTH.,#2725);
#2632=SURFACE_STYLE_USAGE(.BOTH.,#2726);
#2633=SURFACE_STYLE_USAGE(.BOTH.,#2727);
#2634=SURFACE_STYLE_USAGE(.BOTH.,#2728);
#2635=SURFACE_STYLE_USAGE(.BOTH.,#2729);
#2636=SURFACE_STYLE_USAGE(.BOTH.,#2730);
#2637=SURFACE_STYLE_USAGE(.BOTH.,#2731);
#2638=SURFACE_STYLE_USAGE(.BOTH.,#2732);
#2639=SURFACE_STYLE_USAGE(.BOTH.,#2733);
#2640=SURFACE_STYLE_USAGE(.BOTH.,#2734);
#2641=SURFACE_STYLE_USAGE(.BOTH.,#2735);
#2642=SURFACE_STYLE_USAGE(.BOTH.,#2736);
#2643=SURFACE_STYLE_USAGE(.BOTH.,#2737);
#2644=SURFACE_STYLE_USAGE(.BOTH.,#2738);
#2645=SURFACE_STYLE_USAGE(.BOTH.,#2739);
#2646=SURFACE_STYLE_USAGE(.BOTH.,#2740);
#2647=SURFACE_STYLE_USAGE(.BOTH.,#2741);
#2648=SURFACE_STYLE_USAGE(.BOTH.,#2742);
#2649=SURFACE_STYLE_USAGE(.BOTH.,#2743);
#2650=SURFACE_STYLE_USAGE(.BOTH.,#2744);
#2651=SURFACE_STYLE_USAGE(.BOTH.,#2745);
#2652=SURFACE_STYLE_USAGE(.BOTH.,#2746);
#2653=SURFACE_STYLE_USAGE(.BOTH.,#2747);
#2654=SURFACE_STYLE_USAGE(.BOTH.,#2748);
#2655=SURFACE_STYLE_USAGE(.BOTH.,#2749);
#2656=SURFACE_STYLE_USAGE(.BOTH.,#2750);
#2657=SURFACE_STYLE_USAGE(.BOTH.,#2751);
#2658=SURFACE_STYLE_USAGE(.BOTH.,#2752);
#2659=SURFACE_SIDE_STYLE('',(#2753));
#2660=SURFACE_SIDE_STYLE('',(#2754));
#2661=SURFACE_SIDE_STYLE('',(#2755));
#2662=SURFACE_SIDE_STYLE('',(#2756));
#2663=SURFACE_SIDE_STYLE('',(#2757));
#2664=SURFACE_SIDE_STYLE('',(#2758));
#2665=SURFACE_SIDE_STYLE('',(#2759));
#2666=SURFACE_SIDE_STYLE('',(#2760));
#2667=SURFACE_SIDE_STYLE('',(#2761));
#2668=SURFACE_SIDE_STYLE('',(#2762));
#2669=SURFACE_SIDE_STYLE('',(#2763));
#2670=SURFACE_SIDE_STYLE('',(#2764));
#2671=SURFACE_SIDE_STYLE('',(#2765));
#2672=SURFACE_SIDE_STYLE('',(#2766));
#2673=SURFACE_SIDE_STYLE('',(#2767));
#2674=SURFACE_SIDE_STYLE('',(#2768));
#2675=SURFACE_SIDE_STYLE('',(#2769));
#2676=SURFACE_SIDE_STYLE('',(#2770));
#2677=SURFACE_SIDE_STYLE('',(#2771));
#2678=SURFACE_SIDE_STYLE('',(#2772));
#2679=SURFACE_SIDE_STYLE('',(#2773));
#2680=SURFACE_SIDE_STYLE('',(#2774));
#2681=SURFACE_SIDE_STYLE('',(#2775));
#2682=SURFACE_SIDE_STYLE('',(#2776));
#2683=SURFACE_SIDE_STYLE('',(#2777));
#2684=SURFACE_SIDE_STYLE('',(#2778));
#2685=SURFACE_SIDE_STYLE('',(#2779));
#2686=SURFACE_SIDE_STYLE('',(#2780));
#2687=SURFACE_SIDE_STYLE('',(#2781));
#2688=SURFACE_SIDE_STYLE('',(#2782));
#2689=SURFACE_SIDE_STYLE('',(#2783));
#2690=SURFACE_SIDE_STYLE('',(#2784));
#2691=SURFACE_SIDE_STYLE('',(#2785));
#2692=SURFACE_SIDE_STYLE('',(#2786));
#2693=SURFACE_SIDE_STYLE('',(#2787));
#2694=SURFACE_SIDE_STYLE('',(#2788));
#2695=SURFACE_SIDE_STYLE('',(#2789));
#2696=SURFACE_SIDE_STYLE('',(#2790));
#2697=SURFACE_SIDE_STYLE('',(#2791));
#2698=SURFACE_SIDE_STYLE('',(#2792));
#2699=SURFACE_SIDE_STYLE('',(#2793));
#2700=SURFACE_SIDE_STYLE('',(#2794));
#2701=SURFACE_SIDE_STYLE('',(#2795));
#2702=SURFACE_SIDE_STYLE('',(#2796));
#2703=SURFACE_SIDE_STYLE('',(#2797));
#2704=SURFACE_SIDE_STYLE('',(#2798));
#2705=SURFACE_SIDE_STYLE('',(#2799));
#2706=SURFACE_SIDE_STYLE('',(#2800));
#2707=SURFACE_SIDE_STYLE('',(#2801));
#2708=SURFACE_SIDE_STYLE('',(#2802));
#2709=SURFACE_SIDE_STYLE('',(#2803));
#2710=SURFACE_SIDE_STYLE('',(#2804));
#2711=SURFACE_SIDE_STYLE('',(#2805));
#2712=SURFACE_SIDE_STYLE('',(#2806));
#2713=SURFACE_SIDE_STYLE('',(#2807));
#2714=SURFACE_SIDE_STYLE('',(#2808));
#2715=SURFACE_SIDE_STYLE('',(#2809));
#2716=SURFACE_SIDE_STYLE('',(#2810));
#2717=SURFACE_SIDE_STYLE('',(#2811));
#2718=SURFACE_SIDE_STYLE('',(#2812));
#2719=SURFACE_SIDE_STYLE('',(#2813));
#2720=SURFACE_SIDE_STYLE('',(#2814));
#2721=SURFACE_SIDE_STYLE('',(#2815));
#2722=SURFACE_SIDE_STYLE('',(#2816));
#2723=SURFACE_SIDE_STYLE('',(#2817));
#2724=SURFACE_SIDE_STYLE('',(#2818));
#2725=SURFACE_SIDE_STYLE('',(#2819));
#2726=SURFACE_SIDE_STYLE('',(#2820));
#2727=SURFACE_SIDE_STYLE('',(#2821));
#2728=SURFACE_SIDE_STYLE('',(#2822));
#2729=SURFACE_SIDE_STYLE('',(#2823));
#2730=SURFACE_SIDE_STYLE('',(#2824));
#2731=SURFACE_SIDE_STYLE('',(#2825));
#2732=SURFACE_SIDE_STYLE('',(#2826));
#2733=SURFACE_SIDE_STYLE('',(#2827));
#2734=SURFACE_SIDE_STYLE('',(#2828));
#2735=SURFACE_SIDE_STYLE('',(#2829));
#2736=SURFACE_SIDE_STYLE('',(#2830));
#2737=SURFACE_SIDE_STYLE('',(#2831));
#2738=SURFACE_SIDE_STYLE('',(#2832));
#2739=SURFACE_SIDE_STYLE('',(#2833));
#2740=SURFACE_SIDE_STYLE('',(#2834));
#2741=SURFACE_SIDE_STYLE('',(#2835));
#2742=SURFACE_SIDE_STYLE('',(#2836));
#2743=SURFACE_SIDE_STYLE('',(#2837));
#2744=SURFACE_SIDE_STYLE('',(#2838));
#2745=SURFACE_SIDE_STYLE('',(#2839));
#2746=SURFACE_SIDE_STYLE('',(#2840));
#2747=SURFACE_SIDE_STYLE('',(#2841));
#2748=SURFACE_SIDE_STYLE('',(#2842));
#2749=SURFACE_SIDE_STYLE('',(#2843));
#2750=SURFACE_SIDE_STYLE('',(#2844));
#2751=SURFACE_SIDE_STYLE('',(#2845));
#2752=SURFACE_SIDE_STYLE('',(#2846));
#2753=SURFACE_STYLE_FILL_AREA(#2847);
#2754=SURFACE_STYLE_FILL_AREA(#2848);
#2755=SURFACE_STYLE_FILL_AREA(#2849);
#2756=SURFACE_STYLE_FILL_AREA(#2850);
#2757=SURFACE_STYLE_FILL_AREA(#2851);
#2758=SURFACE_STYLE_FILL_AREA(#2852);
#2759=SURFACE_STYLE_FILL_AREA(#2853);
#2760=SURFACE_STYLE_FILL_AREA(#2854);
#2761=SURFACE_STYLE_FILL_AREA(#2855);
#2762=SURFACE_STYLE_FILL_AREA(#2856);
#2763=SURFACE_STYLE_FILL_AREA(#2857);
#2764=SURFACE_STYLE_FILL_AREA(#2858);
#2765=SURFACE_STYLE_FILL_AREA(#2859);
#2766=SURFACE_STYLE_FILL_AREA(#2860);
#2767=SURFACE_STYLE_FILL_AREA(#2861);
#2768=SURFACE_STYLE_FILL_AREA(#2862);
#2769=SURFACE_STYLE_FILL_AREA(#2863);
#2770=SURFACE_STYLE_FILL_AREA(#2864);
#2771=SURFACE_STYLE_FILL_AREA(#2865);
#2772=SURFACE_STYLE_FILL_AREA(#2866);
#2773=SURFACE_STYLE_FILL_AREA(#2867);
#2774=SURFACE_STYLE_FILL_AREA(#2868);
#2775=SURFACE_STYLE_FILL_AREA(#2869);
#2776=SURFACE_STYLE_FILL_AREA(#2870);
#2777=SURFACE_STYLE_FILL_AREA(#2871);
#2778=SURFACE_STYLE_FILL_AREA(#2872);
#2779=SURFACE_STYLE_FILL_AREA(#2873);
#2780=SURFACE_STYLE_FILL_AREA(#2874);
#2781=SURFACE_STYLE_FILL_AREA(#2875);
#2782=SURFACE_STYLE_FILL_AREA(#2876);
#2783=SURFACE_STYLE_FILL_AREA(#2877);
#2784=SURFACE_STYLE_FILL_AREA(#2878);
#2785=SURFACE_STYLE_FILL_AREA(#2879);
#2786=SURFACE_STYLE_FILL_AREA(#2880);
#2787=SURFACE_STYLE_FILL_AREA(#2881);
#2788=SURFACE_STYLE_FILL_AREA(#2882);
#2789=SURFACE_STYLE_FILL_AREA(#2883);
#2790=SURFACE_STYLE_FILL_AREA(#2884);
#2791=SURFACE_STYLE_FILL_AREA(#2885);
#2792=SURFACE_STYLE_FILL_AREA(#2886);
#2793=SURFACE_STYLE_FILL_AREA(#2887);
#2794=SURFACE_STYLE_FILL_AREA(#2888);
#2795=SURFACE_STYLE_FILL_AREA(#2889);
#2796=SURFACE_STYLE_FILL_AREA(#2890);
#2797=SURFACE_STYLE_FILL_AREA(#2891);
#2798=SURFACE_STYLE_FILL_AREA(#2892);
#2799=SURFACE_STYLE_FILL_AREA(#2893);
#2800=SURFACE_STYLE_FILL_AREA(#2894);
#2801=SURFACE_STYLE_FILL_AREA(#2895);
#2802=SURFACE_STYLE_FILL_AREA(#2896);
#2803=SURFACE_STYLE_FILL_AREA(#2897);
#2804=SURFACE_STYLE_FILL_AREA(#2898);
#2805=SURFACE_STYLE_FILL_AREA(#2899);
#2806=SURFACE_STYLE_FILL_AREA(#2900);
#2807=SURFACE_STYLE_FILL_AREA(#2901);
#2808=SURFACE_STYLE_FILL_AREA(#2902);
#2809=SURFACE_STYLE_FILL_AREA(#2903);
#2810=SURFACE_STYLE_FILL_AREA(#2904);
#2811=SURFACE_STYLE_FILL_AREA(#2905);
#2812=SURFACE_STYLE_FILL_AREA(#2906);
#2813=SURFACE_STYLE_FILL_AREA(#2907);
#2814=SURFACE_STYLE_FILL_AREA(#2908);
#2815=SURFACE_STYLE_FILL_AREA(#2909);
#2816=SURFACE_STYLE_FILL_AREA(#2910);
#2817=SURFACE_STYLE_FILL_AREA(#2911);
#2818=SURFACE_STYLE_FILL_AREA(#2912);
#2819=SURFACE_STYLE_FILL_AREA(#2913);
#2820=SURFACE_STYLE_FILL_AREA(#2914);
#2821=SURFACE_STYLE_FILL_AREA(#2915);
#2822=SURFACE_STYLE_FILL_AREA(#2916);
#2823=SURFACE_STYLE_FILL_AREA(#2917);
#2824=SURFACE_STYLE_FILL_AREA(#2918);
#2825=SURFACE_STYLE_FILL_AREA(#2919);
#2826=SURFACE_STYLE_FILL_AREA(#2920);
#2827=SURFACE_STYLE_FILL_AREA(#2921);
#2828=SURFACE_STYLE_FILL_AREA(#2922);
#2829=SURFACE_STYLE_FILL_AREA(#2923);
#2830=SURFACE_STYLE_FILL_AREA(#2924);
#2831=SURFACE_STYLE_FILL_AREA(#2925);
#2832=SURFACE_STYLE_FILL_AREA(#2926);
#2833=SURFACE_STYLE_FILL_AREA(#2927);
#2834=SURFACE_STYLE_FILL_AREA(#2928);
#2835=SURFACE_STYLE_FILL_AREA(#2929);
#2836=SURFACE_STYLE_FILL_AREA(#2930);
#2837=SURFACE_STYLE_FILL_AREA(#2931);
#2838=SURFACE_STYLE_FILL_AREA(#2932);
#2839=SURFACE_STYLE_FILL_AREA(#2933);
#2840=SURFACE_STYLE_FILL_AREA(#2934);
#2841=SURFACE_STYLE_FILL_AREA(#2935);
#2842=SURFACE_STYLE_FILL_AREA(#2936);
#2843=SURFACE_STYLE_FILL_AREA(#2937);
#2844=SURFACE_STYLE_FILL_AREA(#2938);
#2845=SURFACE_STYLE_FILL_AREA(#2939);
#2846=SURFACE_STYLE_FILL_AREA(#2940);
#2847=FILL_AREA_STYLE('',(#2941));
#2848=FILL_AREA_STYLE('',(#2942));
#2849=FILL_AREA_STYLE('',(#2943));
#2850=FILL_AREA_STYLE('',(#2944));
#2851=FILL_AREA_STYLE('',(#2945));
#2852=FILL_AREA_STYLE('',(#2946));
#2853=FILL_AREA_STYLE('',(#2947));
#2854=FILL_AREA_STYLE('',(#2948));
#2855=FILL_AREA_STYLE('',(#2949));
#2856=FILL_AREA_STYLE('',(#2950));
#2857=FILL_AREA_STYLE('',(#2951));
#2858=FILL_AREA_STYLE('',(#2952));
#2859=FILL_AREA_STYLE('',(#2953));
#2860=FILL_AREA_STYLE('',(#2954));
#2861=FILL_AREA_STYLE('',(#2955));
#2862=FILL_AREA_STYLE('',(#2956));
#2863=FILL_AREA_STYLE('',(#2957));
#2864=FILL_AREA_STYLE('',(#2958));
#2865=FILL_AREA_STYLE('',(#2959));
#2866=FILL_AREA_STYLE('',(#2960));
#2867=FILL_AREA_STYLE('',(#2961));
#2868=FILL_AREA_STYLE('',(#2962));
#2869=FILL_AREA_STYLE('',(#2963));
#2870=FILL_AREA_STYLE('',(#2964));
#2871=FILL_AREA_STYLE('',(#2965));
#2872=FILL_AREA_STYLE('',(#2966));
#2873=FILL_AREA_STYLE('',(#2967));
#2874=FILL_AREA_STYLE('',(#2968));
#2875=FILL_AREA_STYLE('',(#2969));
#2876=FILL_AREA_STYLE('',(#2970));
#2877=FILL_AREA_STYLE('',(#2971));
#2878=FILL_AREA_STYLE('',(#2972));
#2879=FILL_AREA_STYLE('',(#2973));
#2880=FILL_AREA_STYLE('',(#2974));
#2881=FILL_AREA_STYLE('',(#2975));
#2882=FILL_AREA_STYLE('',(#2976));
#2883=FILL_AREA_STYLE('',(#2977));
#2884=FILL_AREA_STYLE('',(#2978));
#2885=FILL_AREA_STYLE('',(#2979));
#2886=FILL_AREA_STYLE('',(#2980));
#2887=FILL_AREA_STYLE('',(#2981));
#2888=FILL_AREA_STYLE('',(#2982));
#2889=FILL_AREA_STYLE('',(#2983));
#2890=FILL_AREA_STYLE('',(#2984));
#2891=FILL_AREA_STYLE('',(#2985));
#2892=FILL_AREA_STYLE('',(#2986));
#2893=FILL_AREA_STYLE('',(#2987));
#2894=FILL_AREA_STYLE('',(#2988));
#2895=FILL_AREA_STYLE('',(#2989));
#2896=FILL_AREA_STYLE('',(#2990));
#2897=FILL_AREA_STYLE('',(#2991));
#2898=FILL_AREA_STYLE('',(#2992));
#2899=FILL_AREA_STYLE('',(#2993));
#2900=FILL_AREA_STYLE('',(#2994));
#2901=FILL_AREA_STYLE('',(#2995));
#2902=FILL_AREA_STYLE('',(#2996));
#2903=FILL_AREA_STYLE('',(#2997));
#2904=FILL_AREA_STYLE('',(#2998));
#2905=FILL_AREA_STYLE('',(#2999));
#2906=FILL_AREA_STYLE('',(#3000));
#2907=FILL_AREA_STYLE('',(#3001));
#2908=FILL_AREA_STYLE('',(#3002));
#2909=FILL_AREA_STYLE('',(#3003));
#2910=FILL_AREA_STYLE('',(#3004));
#2911=FILL_AREA_STYLE('',(#3005));
#2912=FILL_AREA_STYLE('',(#3006));
#2913=FILL_AREA_STYLE('',(#3007));
#2914=FILL_AREA_STYLE('',(#3008));
#2915=FILL_AREA_STYLE('',(#3009));
#2916=FILL_AREA_STYLE('',(#3010));
#2917=FILL_AREA_STYLE('',(#3011));
#2918=FILL_AREA_STYLE('',(#3012));
#2919=FILL_AREA_STYLE('',(#3013));
#2920=FILL_AREA_STYLE('',(#3014));
#2921=FILL_AREA_STYLE('',(#3015));
#2922=FILL_AREA_STYLE('',(#3016));
#2923=FILL_AREA_STYLE('',(#3017));
#2924=FILL_AREA_STYLE('',(#3018));
#2925=FILL_AREA_STYLE('',(#3019));
#2926=FILL_AREA_STYLE('',(#3020));
#2927=FILL_AREA_STYLE('',(#3021));
#2928=FILL_AREA_STYLE('',(#3022));
#2929=FILL_AREA_STYLE('',(#3023));
#2930=FILL_AREA_STYLE('',(#3024));
#2931=FILL_AREA_STYLE('',(#3025));
#2932=FILL_AREA_STYLE('',(#3026));
#2933=FILL_AREA_STYLE('',(#3027));
#2934=FILL_AREA_STYLE('',(#3028));
#2935=FILL_AREA_STYLE('',(#3029));
#2936=FILL_AREA_STYLE('',(#3030));
#2937=FILL_AREA_STYLE('',(#3031));
#2938=FILL_AREA_STYLE('',(#3032));
#2939=FILL_AREA_STYLE('',(#3033));
#2940=FILL_AREA_STYLE('',(#3034));
#2941=FILL_AREA_STYLE_COLOUR('',#3035);
#2942=FILL_AREA_STYLE_COLOUR('',#3036);
#2943=FILL_AREA_STYLE_COLOUR('',#3036);
#2944=FILL_AREA_STYLE_COLOUR('',#3037);
#2945=FILL_AREA_STYLE_COLOUR('',#3036);
#2946=FILL_AREA_STYLE_COLOUR('',#3036);
#2947=FILL_AREA_STYLE_COLOUR('',#3036);
#2948=FILL_AREA_STYLE_COLOUR('',#3036);
#2949=FILL_AREA_STYLE_COLOUR('',#3036);
#2950=FILL_AREA_STYLE_COLOUR('',#3036);
#2951=FILL_AREA_STYLE_COLOUR('',#3036);
#2952=FILL_AREA_STYLE_COLOUR('',#3036);
#2953=FILL_AREA_STYLE_COLOUR('',#3036);
#2954=FILL_AREA_STYLE_COLOUR('',#3036);
#2955=FILL_AREA_STYLE_COLOUR('',#3037);
#2956=FILL_AREA_STYLE_COLOUR('',#3037);
#2957=FILL_AREA_STYLE_COLOUR('',#3037);
#2958=FILL_AREA_STYLE_COLOUR('',#3037);
#2959=FILL_AREA_STYLE_COLOUR('',#3037);
#2960=FILL_AREA_STYLE_COLOUR('',#3037);
#2961=FILL_AREA_STYLE_COLOUR('',#3037);
#2962=FILL_AREA_STYLE_COLOUR('',#3037);
#2963=FILL_AREA_STYLE_COLOUR('',#3037);
#2964=FILL_AREA_STYLE_COLOUR('',#3037);
#2965=FILL_AREA_STYLE_COLOUR('',#3037);
#2966=FILL_AREA_STYLE_COLOUR('',#3037);
#2967=FILL_AREA_STYLE_COLOUR('',#3037);
#2968=FILL_AREA_STYLE_COLOUR('',#3037);
#2969=FILL_AREA_STYLE_COLOUR('',#3037);
#2970=FILL_AREA_STYLE_COLOUR('',#3037);
#2971=FILL_AREA_STYLE_COLOUR('',#3037);
#2972=FILL_AREA_STYLE_COLOUR('',#3037);
#2973=FILL_AREA_STYLE_COLOUR('',#3037);
#2974=FILL_AREA_STYLE_COLOUR('',#3037);
#2975=FILL_AREA_STYLE_COLOUR('',#3037);
#2976=FILL_AREA_STYLE_COLOUR('',#3037);
#2977=FILL_AREA_STYLE_COLOUR('',#3037);
#2978=FILL_AREA_STYLE_COLOUR('',#3037);
#2979=FILL_AREA_STYLE_COLOUR('',#3037);
#2980=FILL_AREA_STYLE_COLOUR('',#3037);
#2981=FILL_AREA_STYLE_COLOUR('',#3037);
#2982=FILL_AREA_STYLE_COLOUR('',#3037);
#2983=FILL_AREA_STYLE_COLOUR('',#3037);
#2984=FILL_AREA_STYLE_COLOUR('',#3037);
#2985=FILL_AREA_STYLE_COLOUR('',#3037);
#2986=FILL_AREA_STYLE_COLOUR('',#3037);
#2987=FILL_AREA_STYLE_COLOUR('',#3037);
#2988=FILL_AREA_STYLE_COLOUR('',#3037);
#2989=FILL_AREA_STYLE_COLOUR('',#3037);
#2990=FILL_AREA_STYLE_COLOUR('',#3037);
#2991=FILL_AREA_STYLE_COLOUR('',#3037);
#2992=FILL_AREA_STYLE_COLOUR('',#3037);
#2993=FILL_AREA_STYLE_COLOUR('',#3037);
#2994=FILL_AREA_STYLE_COLOUR('',#3037);
#2995=FILL_AREA_STYLE_COLOUR('',#3037);
#2996=FILL_AREA_STYLE_COLOUR('',#3037);
#2997=FILL_AREA_STYLE_COLOUR('',#3037);
#2998=FILL_AREA_STYLE_COLOUR('',#3037);
#2999=FILL_AREA_STYLE_COLOUR('',#3037);
#3000=FILL_AREA_STYLE_COLOUR('',#3037);
#3001=FILL_AREA_STYLE_COLOUR('',#3037);
#3002=FILL_AREA_STYLE_COLOUR('',#3037);
#3003=FILL_AREA_STYLE_COLOUR('',#3037);
#3004=FILL_AREA_STYLE_COLOUR('',#3037);
#3005=FILL_AREA_STYLE_COLOUR('',#3037);
#3006=FILL_AREA_STYLE_COLOUR('',#3037);
#3007=FILL_AREA_STYLE_COLOUR('',#3037);
#3008=FILL_AREA_STYLE_COLOUR('',#3037);
#3009=FILL_AREA_STYLE_COLOUR('',#3037);
#3010=FILL_AREA_STYLE_COLOUR('',#3037);
#3011=FILL_AREA_STYLE_COLOUR('',#3037);
#3012=FILL_AREA_STYLE_COLOUR('',#3037);
#3013=FILL_AREA_STYLE_COLOUR('',#3037);
#3014=FILL_AREA_STYLE_COLOUR('',#3037);
#3015=FILL_AREA_STYLE_COLOUR('',#3037);
#3016=FILL_AREA_STYLE_COLOUR('',#3037);
#3017=FILL_AREA_STYLE_COLOUR('',#3037);
#3018=FILL_AREA_STYLE_COLOUR('',#3037);
#3019=FILL_AREA_STYLE_COLOUR('',#3037);
#3020=FILL_AREA_STYLE_COLOUR('',#3037);
#3021=FILL_AREA_STYLE_COLOUR('',#3037);
#3022=FILL_AREA_STYLE_COLOUR('',#3037);
#3023=FILL_AREA_STYLE_COLOUR('',#3037);
#3024=FILL_AREA_STYLE_COLOUR('',#3037);
#3025=FILL_AREA_STYLE_COLOUR('',#3037);
#3026=FILL_AREA_STYLE_COLOUR('',#3037);
#3027=FILL_AREA_STYLE_COLOUR('',#3037);
#3028=FILL_AREA_STYLE_COLOUR('',#3037);
#3029=FILL_AREA_STYLE_COLOUR('',#3037);
#3030=FILL_AREA_STYLE_COLOUR('',#3037);
#3031=FILL_AREA_STYLE_COLOUR('',#3037);
#3032=FILL_AREA_STYLE_COLOUR('',#3037);
#3033=FILL_AREA_STYLE_COLOUR('',#3037);
#3034=FILL_AREA_STYLE_COLOUR('',#3037);
#3035=COLOUR_RGB('',0.200000002980232,0.200000002980232,0.200000002980232);
#3036=COLOUR_RGB('',0.87058824300766,0.633254885673523,0.172549024224281);
#3037=COLOUR_RGB('',0.699999988079071,0.699999988079071,0.699999988079071);
#3038=MANIFOLD_SOLID_BREP('',#2373);
#3039=MANIFOLD_SOLID_BREP('',#2374);
#3040=MANIFOLD_SOLID_BREP('',#2375);
#3041=MANIFOLD_SOLID_BREP('',#2376);
#3042=SHAPE_DEFINITION_REPRESENTATION(#5269,#3046);
#3043=SHAPE_DEFINITION_REPRESENTATION(#5268,#3047);
#3044=SHAPE_DEFINITION_REPRESENTATION(#5271,#3048);
#3045=SHAPE_DEFINITION_REPRESENTATION(#5273,#3049);
#3046=SHAPE_REPRESENTATION('Body',(#3050),#5258);
#3047=SHAPE_REPRESENTATION('IQXC-90',(#3050,#3093,#3120,#3212),#5257);
#3048=SHAPE_REPRESENTATION('Pins',(#3050),#5259);
#3049=SHAPE_REPRESENTATION('Cover',(#3050),#5260);
#3050=AXIS2_PLACEMENT_3D('',#3716,#3213,#3214);
#3051=AXIS2_PLACEMENT_3D('',#3717,#3215,#3216);
#3052=AXIS2_PLACEMENT_3D('',#3718,#3217,#3218);
#3053=AXIS2_PLACEMENT_3D('',#3723,#3220,#3221);
#3054=AXIS2_PLACEMENT_3D('',#3727,#3223,#3224);
#3055=AXIS2_PLACEMENT_3D('',#3731,#3226,#3227);
#3056=AXIS2_PLACEMENT_3D('',#3741,#3232,#3233);
#3057=AXIS2_PLACEMENT_3D('',#3745,#3235,#3236);
#3058=AXIS2_PLACEMENT_3D('',#3755,#3241,#3242);
#3059=AXIS2_PLACEMENT_3D('',#3759,#3244,#3245);
#3060=AXIS2_PLACEMENT_3D('',#3762,#3247,#3248);
#3061=AXIS2_PLACEMENT_3D('',#3765,#3250,#3251);
#3062=AXIS2_PLACEMENT_3D('',#3768,#3253,#3254);
#3063=AXIS2_PLACEMENT_3D('',#3772,#3257,#3258);
#3064=AXIS2_PLACEMENT_3D('',#3775,#3260,#3261);
#3065=AXIS2_PLACEMENT_3D('',#3776,#3262,#3263);
#3066=AXIS2_PLACEMENT_3D('',#3780,#3266,#3267);
#3067=AXIS2_PLACEMENT_3D('',#3783,#3269,#3270);
#3068=AXIS2_PLACEMENT_3D('',#3784,#3271,#3272);
#3069=AXIS2_PLACEMENT_3D('',#3788,#3275,#3276);
#3070=AXIS2_PLACEMENT_3D('',#3791,#3278,#3279);
#3071=AXIS2_PLACEMENT_3D('',#3792,#3280,#3281);
#3072=AXIS2_PLACEMENT_3D('',#3794,#3283,#3284);
#3073=AXIS2_PLACEMENT_3D('',#3795,#3285,#3286);
#3074=AXIS2_PLACEMENT_3D('',#3801,#3290,#3291);
#3075=AXIS2_PLACEMENT_3D('',#3805,#3294,#3295);
#3076=AXIS2_PLACEMENT_3D('',#3806,#3296,#3297);
#3077=AXIS2_PLACEMENT_3D('',#3809,#3299,#3300);
#3078=AXIS2_PLACEMENT_3D('',#3813,#3303,#3304);
#3079=AXIS2_PLACEMENT_3D('',#3814,#3305,#3306);
#3080=AXIS2_PLACEMENT_3D('',#3817,#3308,#3309);
#3081=AXIS2_PLACEMENT_3D('',#3821,#3312,#3313);
#3082=AXIS2_PLACEMENT_3D('',#3825,#3316,#3317);
#3083=AXIS2_PLACEMENT_3D('',#3827,#3319,#3320);
#3084=AXIS2_PLACEMENT_3D('',#3828,#3321,#3322);
#3085=AXIS2_PLACEMENT_3D('',#3834,#3326,#3327);
#3086=AXIS2_PLACEMENT_3D('',#3835,#3328,#3329);
#3087=AXIS2_PLACEMENT_3D('',#3838,#3331,#3332);
#3088=AXIS2_PLACEMENT_3D('',#3842,#3335,#3336);
#3089=AXIS2_PLACEMENT_3D('',#3843,#3337,#3338);
#3090=AXIS2_PLACEMENT_3D('',#3846,#3340,#3341);
#3091=AXIS2_PLACEMENT_3D('',#3850,#3344,#3345);
#3092=AXIS2_PLACEMENT_3D('',#3852,#3347,#3348);
#3093=AXIS2_PLACEMENT_3D('',#3853,#3349,#3350);
#3094=AXIS2_PLACEMENT_3D('',#3854,#3351,#3352);
#3095=AXIS2_PLACEMENT_3D('',#3863,#3357,#3358);
#3096=AXIS2_PLACEMENT_3D('',#3869,#3362,#3363);
#3097=AXIS2_PLACEMENT_3D('',#3870,#3364,#3365);
#3098=AXIS2_PLACEMENT_3D('',#3874,#3367,#3368);
#3099=AXIS2_PLACEMENT_3D('',#3875,#3369,#3370);
#3100=AXIS2_PLACEMENT_3D('',#3881,#3374,#3375);
#3101=AXIS2_PLACEMENT_3D('',#3882,#3376,#3377);
#3102=AXIS2_PLACEMENT_3D('',#3886,#3379,#3380);
#3103=AXIS2_PLACEMENT_3D('',#3887,#3381,#3382);
#3104=AXIS2_PLACEMENT_3D('',#3893,#3386,#3387);
#3105=AXIS2_PLACEMENT_3D('',#3899,#3391,#3392);
#3106=AXIS2_PLACEMENT_3D('',#3902,#3395,#3396);
#3107=AXIS2_PLACEMENT_3D('',#3903,#3397,#3398);
#3108=AXIS2_PLACEMENT_3D('',#3904,#3399,#3400);
#3109=AXIS2_PLACEMENT_3D('',#3913,#3405,#3406);
#3110=AXIS2_PLACEMENT_3D('',#3914,#3407,#3408);
#3111=AXIS2_PLACEMENT_3D('',#3918,#3410,#3411);
#3112=AXIS2_PLACEMENT_3D('',#3919,#3412,#3413);
#3113=AXIS2_PLACEMENT_3D('',#3925,#3417,#3418);
#3114=AXIS2_PLACEMENT_3D('',#3926,#3419,#3420);
#3115=AXIS2_PLACEMENT_3D('',#3930,#3422,#3423);
#3116=AXIS2_PLACEMENT_3D('',#3931,#3424,#3425);
#3117=AXIS2_PLACEMENT_3D('',#3937,#3429,#3430);
#3118=AXIS2_PLACEMENT_3D('',#3940,#3433,#3434);
#3119=AXIS2_PLACEMENT_3D('',#3941,#3435,#3436);
#3120=AXIS2_PLACEMENT_3D('',#3942,#3437,#3438);
#3121=AXIS2_PLACEMENT_3D('',#3943,#3439,#3440);
#3122=AXIS2_PLACEMENT_3D('',#3944,#3441,#3442);
#3123=AXIS2_PLACEMENT_3D('',#3949,#3444,#3445);
#3124=AXIS2_PLACEMENT_3D('',#3953,#3447,#3448);
#3125=AXIS2_PLACEMENT_3D('',#3957,#3450,#3451);
#3126=AXIS2_PLACEMENT_3D('',#4361,#3453,#3454);
#3127=AXIS2_PLACEMENT_3D('',#4362,#3455,#3456);
#3128=AXIS2_PLACEMENT_3D('',#4367,#3458,#3459);
#3129=AXIS2_PLACEMENT_3D('',#4371,#3461,#3462);
#3130=AXIS2_PLACEMENT_3D('',#4375,#3464,#3465);
#3131=AXIS2_PLACEMENT_3D('',#4381,#3468,#3469);
#3132=AXIS2_PLACEMENT_3D('',#4385,#3471,#3472);
#3133=AXIS2_PLACEMENT_3D('',#4389,#3474,#3475);
#3134=AXIS2_PLACEMENT_3D('',#4393,#3477,#3478);
#3135=AXIS2_PLACEMENT_3D('',#4394,#3479,#3480);
#3136=AXIS2_PLACEMENT_3D('',#4395,#3481,#3482);
#3137=AXIS2_PLACEMENT_3D('',#4400,#3485,#3486);
#3138=AXIS2_PLACEMENT_3D('',#4404,#3489,#3490);
#3139=AXIS2_PLACEMENT_3D('',#4405,#3491,#3492);
#3140=AXIS2_PLACEMENT_3D('',#4408,#3494,#3495);
#3141=AXIS2_PLACEMENT_3D('',#4412,#3498,#3499);
#3142=AXIS2_PLACEMENT_3D('',#4413,#3500,#3501);
#3143=AXIS2_PLACEMENT_3D('',#4416,#3503,#3504);
#3144=AXIS2_PLACEMENT_3D('',#4420,#3507,#3508);
#3145=AXIS2_PLACEMENT_3D('',#4421,#3509,#3510);
#3146=AXIS2_PLACEMENT_3D('',#4424,#3512,#3513);
#3147=AXIS2_PLACEMENT_3D('',#4426,#3515,#3516);
#3148=AXIS2_PLACEMENT_3D('',#4427,#3517,#3518);
#3149=AXIS2_PLACEMENT_3D('',#4430,#3521,#3522);
#3150=AXIS2_PLACEMENT_3D('',#4432,#3524,#3525);
#3151=AXIS2_PLACEMENT_3D('',#4434,#3527,#3528);
#3152=AXIS2_PLACEMENT_3D('',#4436,#3530,#3531);
#3153=AXIS2_PLACEMENT_3D('',#4438,#3533,#3534);
#3154=AXIS2_PLACEMENT_3D('',#4440,#3536,#3537);
#3155=AXIS2_PLACEMENT_3D('',#4442,#3539,#3540);
#3156=AXIS2_PLACEMENT_3D('',#4443,#3541,#3542);
#3157=AXIS2_PLACEMENT_3D('',#4452,#3545,#3546);
#3158=AXIS2_PLACEMENT_3D('',#4459,#3548,#3549);
#3159=AXIS2_PLACEMENT_3D('',#4504,#3553,#3554);
#3160=AXIS2_PLACEMENT_3D('',#4511,#3556,#3557);
#3161=AXIS2_PLACEMENT_3D('',#4518,#3559,#3560);
#3162=AXIS2_PLACEMENT_3D('',#4525,#3562,#3563);
#3163=AXIS2_PLACEMENT_3D('',#4532,#3565,#3566);
#3164=AXIS2_PLACEMENT_3D('',#4539,#3568,#3569);
#3165=AXIS2_PLACEMENT_3D('',#4546,#3571,#3572);
#3166=AXIS2_PLACEMENT_3D('',#4553,#3574,#3575);
#3167=AXIS2_PLACEMENT_3D('',#4558,#3576,#3577);
#3168=AXIS2_PLACEMENT_3D('',#4647,#3582,#3583);
#3169=AXIS2_PLACEMENT_3D('',#4783,#3588,#3589);
#3170=AXIS2_PLACEMENT_3D('',#4788,#3590,#3591);
#3171=AXIS2_PLACEMENT_3D('',#4789,#3592,#3593);
#3172=AXIS2_PLACEMENT_3D('',#4790,#3594,#3595);
#3173=AXIS2_PLACEMENT_3D('',#4799,#3598,#3599);
#3174=AXIS2_PLACEMENT_3D('',#4806,#3601,#3602);
#3175=AXIS2_PLACEMENT_3D('',#4813,#3604,#3605);
#3176=AXIS2_PLACEMENT_3D('',#4839,#3608,#3609);
#3177=AXIS2_PLACEMENT_3D('',#4871,#3611,#3612);
#3178=AXIS2_PLACEMENT_3D('',#4872,#3613,#3614);
#3179=AXIS2_PLACEMENT_3D('',#4879,#3617,#3618);
#3180=AXIS2_PLACEMENT_3D('',#4884,#3620,#3621);
#3181=AXIS2_PLACEMENT_3D('',#4889,#3623,#3624);
#3182=AXIS2_PLACEMENT_3D('',#4894,#3626,#3627);
#3183=AXIS2_PLACEMENT_3D('',#4899,#3629,#3630);
#3184=AXIS2_PLACEMENT_3D('',#4904,#3632,#3633);
#3185=AXIS2_PLACEMENT_3D('',#4909,#3635,#3636);
#3186=AXIS2_PLACEMENT_3D('',#4914,#3638,#3639);
#3187=AXIS2_PLACEMENT_3D('',#4919,#3641,#3642);
#3188=AXIS2_PLACEMENT_3D('',#4924,#3644,#3645);
#3189=AXIS2_PLACEMENT_3D('',#4929,#3647,#3648);
#3190=AXIS2_PLACEMENT_3D('',#4932,#3649,#3650);
#3191=AXIS2_PLACEMENT_3D('',#4933,#3651,#3652);
#3192=AXIS2_PLACEMENT_3D('',#4940,#3655,#3656);
#3193=AXIS2_PLACEMENT_3D('',#4945,#3658,#3659);
#3194=AXIS2_PLACEMENT_3D('',#4950,#3661,#3662);
#3195=AXIS2_PLACEMENT_3D('',#4953,#3663,#3664);
#3196=AXIS2_PLACEMENT_3D('',#4954,#3665,#3666);
#3197=AXIS2_PLACEMENT_3D('',#4961,#3669,#3670);
#3198=AXIS2_PLACEMENT_3D('',#4966,#3672,#3673);
#3199=AXIS2_PLACEMENT_3D('',#4971,#3675,#3676);
#3200=AXIS2_PLACEMENT_3D('',#4974,#3677,#3678);
#3201=AXIS2_PLACEMENT_3D('',#4975,#3679,#3680);
#3202=AXIS2_PLACEMENT_3D('',#4984,#3683,#3684);
#3203=AXIS2_PLACEMENT_3D('',#4991,#3686,#3687);
#3204=AXIS2_PLACEMENT_3D('',#4998,#3689,#3690);
#3205=AXIS2_PLACEMENT_3D('',#5035,#3693,#3694);
#3206=AXIS2_PLACEMENT_3D('',#5078,#3696,#3697);
#3207=AXIS2_PLACEMENT_3D('',#5114,#3700,#3701);
#3208=AXIS2_PLACEMENT_3D('',#5177,#3705,#3706);
#3209=AXIS2_PLACEMENT_3D('',#5248,#3708,#3709);
#3210=AXIS2_PLACEMENT_3D('',#5253,#3710,#3711);
#3211=AXIS2_PLACEMENT_3D('',#5254,#3712,#3713);
#3212=AXIS2_PLACEMENT_3D('',#5255,#3714,#3715);
#3213=DIRECTION('',(0.,0.,1.));
#3214=DIRECTION('',(1.,0.,0.));
#3215=DIRECTION('',(0.,0.,-1.));
#3216=DIRECTION('',(-1.,0.,0.));
#3217=DIRECTION('',(0.,0.,-1.));
#3218=DIRECTION('',(1.,0.,0.));
#3219=DIRECTION('',(1.,0.,0.));
#3220=DIRECTION('',(0.,0.,-1.));
#3221=DIRECTION('',(-1.,0.,0.));
#3222=DIRECTION('',(0.,-1.,0.));
#3223=DIRECTION('',(0.,0.,-1.));
#3224=DIRECTION('',(-1.,0.,0.));
#3225=DIRECTION('',(-1.,0.,0.));
#3226=DIRECTION('',(0.,0.,-1.));
#3227=DIRECTION('',(1.,0.,0.));
#3228=DIRECTION('',(0.,1.,0.));
#3229=DIRECTION('',(0.,-1.,0.));
#3230=DIRECTION('',(0.707106781186547,-0.707106781186548,0.));
#3231=DIRECTION('',(1.,0.,0.));
#3232=DIRECTION('',(0.,0.,-1.));
#3233=DIRECTION('',(1.,0.,0.));
#3234=DIRECTION('',(0.,1.,0.));
#3235=DIRECTION('',(0.,0.,-1.));
#3236=DIRECTION('',(1.,0.,0.));
#3237=DIRECTION('',(-1.,-4.45093350044163E-16,0.));
#3238=DIRECTION('',(-0.707106781186547,-0.707106781186548,0.));
#3239=DIRECTION('',(1.35525271560688E-16,1.,0.));
#3240=DIRECTION('',(-1.,0.,0.));
#3241=DIRECTION('',(0.,0.,-1.));
#3242=DIRECTION('',(1.,0.,0.));
#3243=DIRECTION('',(0.,-1.,0.));
#3244=DIRECTION('',(0.,0.,-1.));
#3245=DIRECTION('',(1.,0.,0.));
#3246=DIRECTION('',(1.,1.76698195517761E-16,0.));
#3247=DIRECTION('',(0.,0.,-1.));
#3248=DIRECTION('',(-1.,0.,0.));
#3249=DIRECTION('',(0.,0.,-1.));
#3250=DIRECTION('',(0.,0.,-1.));
#3251=DIRECTION('',(1.,0.,0.));
#3252=DIRECTION('',(0.,0.,-1.));
#3253=DIRECTION('',(-1.,0.,0.));
#3254=DIRECTION('',(0.,0.,1.));
#3255=DIRECTION('',(0.,0.,-1.));
#3256=DIRECTION('',(0.,1.,0.));
#3257=DIRECTION('',(0.,0.,-1.));
#3258=DIRECTION('',(-1.,0.,0.));
#3259=DIRECTION('',(0.,0.,-1.));
#3260=DIRECTION('',(0.,0.,-1.));
#3261=DIRECTION('',(1.,0.,0.));
#3262=DIRECTION('',(0.,-1.,0.));
#3263=DIRECTION('',(0.,0.,-1.));
#3264=DIRECTION('',(0.,0.,-1.));
#3265=DIRECTION('',(-1.,0.,0.));
#3266=DIRECTION('',(0.,0.,-1.));
#3267=DIRECTION('',(-1.,0.,0.));
#3268=DIRECTION('',(0.,0.,-1.));
#3269=DIRECTION('',(0.,0.,-1.));
#3270=DIRECTION('',(-1.,0.,0.));
#3271=DIRECTION('',(1.,0.,0.));
#3272=DIRECTION('',(0.,0.,-1.));
#3273=DIRECTION('',(0.,0.,-1.));
#3274=DIRECTION('',(0.,-1.,0.));
#3275=DIRECTION('',(0.,0.,-1.));
#3276=DIRECTION('',(-1.,0.,0.));
#3277=DIRECTION('',(0.,0.,-1.));
#3278=DIRECTION('',(0.,0.,-1.));
#3279=DIRECTION('',(-1.,0.,0.));
#3280=DIRECTION('',(0.,1.,0.));
#3281=DIRECTION('',(0.,0.,1.));
#3282=DIRECTION('',(1.,0.,0.));
#3283=DIRECTION('',(0.,0.,-1.));
#3284=DIRECTION('',(-1.,0.,0.));
#3285=DIRECTION('',(0.707106781186548,0.707106781186547,0.));
#3286=DIRECTION('',(-0.707106781186547,0.707106781186548,0.));
#3287=DIRECTION('',(0.,0.,-1.));
#3288=DIRECTION('',(0.707106781186547,-0.707106781186548,0.));
#3289=DIRECTION('',(0.,0.,-1.));
#3290=DIRECTION('',(0.,1.,0.));
#3291=DIRECTION('',(0.,0.,1.));
#3292=DIRECTION('',(1.,0.,0.));
#3293=DIRECTION('',(0.,0.,-1.));
#3294=DIRECTION('',(0.,0.,-1.));
#3295=DIRECTION('',(-1.,0.,0.));
#3296=DIRECTION('',(0.,0.,-1.));
#3297=DIRECTION('',(1.,0.,0.));
#3298=DIRECTION('',(0.,0.,-1.));
#3299=DIRECTION('',(-1.,0.,0.));
#3300=DIRECTION('',(0.,0.,1.));
#3301=DIRECTION('',(0.,1.,0.));
#3302=DIRECTION('',(0.,0.,-1.));
#3303=DIRECTION('',(0.,0.,-1.));
#3304=DIRECTION('',(-1.,0.,0.));
#3305=DIRECTION('',(0.,0.,-1.));
#3306=DIRECTION('',(1.,0.,0.));
#3307=DIRECTION('',(0.,0.,-1.));
#3308=DIRECTION('',(4.45093350044163E-16,-1.,0.));
#3309=DIRECTION('',(1.,4.45093350044163E-16,0.));
#3310=DIRECTION('',(-1.,-4.45093350044163E-16,0.));
#3311=DIRECTION('',(0.,0.,-1.));
#3312=DIRECTION('',(0.707106781186548,-0.707106781186547,0.));
#3313=DIRECTION('',(0.707106781186547,0.707106781186548,0.));
#3314=DIRECTION('',(-0.707106781186547,-0.707106781186548,0.));
#3315=DIRECTION('',(0.,0.,-1.));
#3316=DIRECTION('',(1.,0.,0.));
#3317=DIRECTION('',(0.,0.,-1.));
#3318=DIRECTION('',(0.,-1.,0.));
#3319=DIRECTION('',(0.,0.,-1.));
#3320=DIRECTION('',(-1.,0.,0.));
#3321=DIRECTION('',(0.,-1.,0.));
#3322=DIRECTION('',(0.,0.,-1.));
#3323=DIRECTION('',(0.,0.,-1.));
#3324=DIRECTION('',(-1.,0.,0.));
#3325=DIRECTION('',(0.,0.,-1.));
#3326=DIRECTION('',(0.,0.,-1.));
#3327=DIRECTION('',(-1.,0.,0.));
#3328=DIRECTION('',(0.,0.,-1.));
#3329=DIRECTION('',(1.,0.,0.));
#3330=DIRECTION('',(0.,0.,-1.));
#3331=DIRECTION('',(1.,0.,0.));
#3332=DIRECTION('',(0.,0.,-1.));
#3333=DIRECTION('',(0.,-1.,0.));
#3334=DIRECTION('',(0.,0.,-1.));
#3335=DIRECTION('',(0.,0.,-1.));
#3336=DIRECTION('',(-1.,0.,0.));
#3337=DIRECTION('',(0.,0.,-1.));
#3338=DIRECTION('',(1.,0.,0.));
#3339=DIRECTION('',(0.,0.,-1.));
#3340=DIRECTION('',(-1.76698195517761E-16,1.,0.));
#3341=DIRECTION('',(-1.,-1.76698195517761E-16,0.));
#3342=DIRECTION('',(1.,1.76698195517761E-16,0.));
#3343=DIRECTION('',(0.,0.,-1.));
#3344=DIRECTION('',(-1.,1.35525271560688E-16,0.));
#3345=DIRECTION('',(-1.35525271560688E-16,-1.,0.));
#3346=DIRECTION('',(1.35525271560688E-16,1.,0.));
#3347=DIRECTION('',(0.,0.,-1.));
#3348=DIRECTION('',(-1.,0.,0.));
#3349=DIRECTION('',(0.,0.,1.));
#3350=DIRECTION('',(1.,0.,0.));
#3351=DIRECTION('',(0.707106781186548,0.707106781186547,0.));
#3352=DIRECTION('',(-0.707106781186547,0.707106781186548,0.));
#3353=DIRECTION('',(0.707106781186547,-0.707106781186548,0.));
#3354=DIRECTION('',(0.,0.,-1.));
#3355=DIRECTION('',(0.707106781186547,-0.707106781186548,0.));
#3356=DIRECTION('',(0.,0.,-1.));
#3357=DIRECTION('',(0.,1.,0.));
#3358=DIRECTION('',(0.,0.,1.));
#3359=DIRECTION('',(1.,0.,0.));
#3360=DIRECTION('',(0.,0.,-1.));
#3361=DIRECTION('',(1.,0.,0.));
#3362=DIRECTION('',(0.,0.,-1.));
#3363=DIRECTION('',(-1.,0.,0.));
#3364=DIRECTION('',(0.,0.,-1.));
#3365=DIRECTION('',(1.,0.,0.));
#3366=DIRECTION('',(0.,0.,-1.));
#3367=DIRECTION('',(0.,0.,-1.));
#3368=DIRECTION('',(1.,0.,0.));
#3369=DIRECTION('',(-1.,0.,0.));
#3370=DIRECTION('',(0.,0.,1.));
#3371=DIRECTION('',(0.,1.,0.));
#3372=DIRECTION('',(0.,0.,-1.));
#3373=DIRECTION('',(0.,1.,0.));
#3374=DIRECTION('',(0.,0.,-1.));
#3375=DIRECTION('',(-1.,0.,0.));
#3376=DIRECTION('',(0.,0.,-1.));
#3377=DIRECTION('',(1.,0.,0.));
#3378=DIRECTION('',(0.,0.,-1.));
#3379=DIRECTION('',(0.,0.,-1.));
#3380=DIRECTION('',(1.,0.,0.));
#3381=DIRECTION('',(4.45093350044163E-16,-1.,0.));
#3382=DIRECTION('',(1.,4.45093350044163E-16,0.));
#3383=DIRECTION('',(-1.,-4.45093350044163E-16,0.));
#3384=DIRECTION('',(0.,0.,-1.));
#3385=DIRECTION('',(-1.,-4.45093350044163E-16,0.));
#3386=DIRECTION('',(0.707106781186548,-0.707106781186547,0.));
#3387=DIRECTION('',(0.707106781186547,0.707106781186548,0.));
#3388=DIRECTION('',(-0.707106781186547,-0.707106781186548,0.));
#3389=DIRECTION('',(0.,0.,-1.));
#3390=DIRECTION('',(-0.707106781186547,-0.707106781186548,0.));
#3391=DIRECTION('',(1.,0.,0.));
#3392=DIRECTION('',(0.,0.,-1.));
#3393=DIRECTION('',(0.,-1.,0.));
#3394=DIRECTION('',(0.,-1.,0.));
#3395=DIRECTION('',(0.,0.,-1.));
#3396=DIRECTION('',(-1.,0.,0.));
#3397=DIRECTION('',(0.,0.,-1.));
#3398=DIRECTION('',(-1.,0.,0.));
#3399=DIRECTION('',(0.,-1.,0.));
#3400=DIRECTION('',(0.,0.,-1.));
#3401=DIRECTION('',(-1.,0.,0.));
#3402=DIRECTION('',(0.,0.,-1.));
#3403=DIRECTION('',(-1.,0.,0.));
#3404=DIRECTION('',(0.,0.,-1.));
#3405=DIRECTION('',(0.,0.,-1.));
#3406=DIRECTION('',(-1.,0.,0.));
#3407=DIRECTION('',(0.,0.,-1.));
#3408=DIRECTION('',(1.,0.,0.));
#3409=DIRECTION('',(0.,0.,-1.));
#3410=DIRECTION('',(0.,0.,-1.));
#3411=DIRECTION('',(1.,0.,0.));
#3412=DIRECTION('',(1.,0.,0.));
#3413=DIRECTION('',(0.,0.,-1.));
#3414=DIRECTION('',(0.,-1.,0.));
#3415=DIRECTION('',(0.,0.,-1.));
#3416=DIRECTION('',(0.,-1.,0.));
#3417=DIRECTION('',(0.,0.,-1.));
#3418=DIRECTION('',(-1.,0.,0.));
#3419=DIRECTION('',(0.,0.,-1.));
#3420=DIRECTION('',(1.,0.,0.));
#3421=DIRECTION('',(0.,0.,-1.));
#3422=DIRECTION('',(0.,0.,-1.));
#3423=DIRECTION('',(1.,0.,0.));
#3424=DIRECTION('',(-1.76698195517761E-16,1.,0.));
#3425=DIRECTION('',(-1.,-1.76698195517761E-16,0.));
#3426=DIRECTION('',(1.,1.76698195517761E-16,0.));
#3427=DIRECTION('',(0.,0.,-1.));
#3428=DIRECTION('',(1.,1.76698195517761E-16,0.));
#3429=DIRECTION('',(-1.,1.35525271560688E-16,0.));
#3430=DIRECTION('',(-1.35525271560688E-16,-1.,0.));
#3431=DIRECTION('',(1.35525271560688E-16,1.,0.));
#3432=DIRECTION('',(1.35525271560688E-16,1.,0.));
#3433=DIRECTION('',(0.,0.,-1.));
#3434=DIRECTION('',(-1.,0.,0.));
#3435=DIRECTION('',(0.,0.,-1.));
#3436=DIRECTION('',(-1.,0.,0.));
#3437=DIRECTION('',(0.,0.,1.));
#3438=DIRECTION('',(1.,0.,0.));
#3439=DIRECTION('',(0.,0.,1.));
#3440=DIRECTION('',(1.,0.,0.));
#3441=DIRECTION('',(0.,0.,1.));
#3442=DIRECTION('',(1.,0.,0.));
#3443=DIRECTION('',(1.,1.97127667724637E-16,0.));
#3444=DIRECTION('',(0.,0.,1.));
#3445=DIRECTION('',(-1.,0.,0.));
#3446=DIRECTION('',(-2.16840434497101E-16,1.,0.));
#3447=DIRECTION('',(0.,0.,1.));
#3448=DIRECTION('',(-1.,0.,0.));
#3449=DIRECTION('',(-1.,-9.85638338623187E-17,0.));
#3450=DIRECTION('',(0.,0.,1.));
#3451=DIRECTION('',(1.,0.,0.));
#3452=DIRECTION('',(-2.16840434497101E-16,-1.,0.));
#3453=DIRECTION('',(0.,0.,1.));
#3454=DIRECTION('',(1.,0.,0.));
#3455=DIRECTION('',(0.,0.,1.));
#3456=DIRECTION('',(1.,0.,0.));
#3457=DIRECTION('',(-5.5535250722356E-16,1.,0.));
#3458=DIRECTION('',(0.,0.,1.));
#3459=DIRECTION('',(1.,0.,0.));
#3460=DIRECTION('',(-1.,-7.85135458074592E-17,0.));
#3461=DIRECTION('',(0.,0.,1.));
#3462=DIRECTION('',(1.,0.,0.));
#3463=DIRECTION('',(1.3883812680589E-16,-1.,0.));
#3464=DIRECTION('',(0.,0.,1.));
#3465=DIRECTION('',(1.,0.,0.));
#3466=DIRECTION('',(1.,7.85135458074592E-17,0.));
#3467=DIRECTION('',(1.,1.97127667724637E-16,0.));
#3468=DIRECTION('',(0.,0.,1.));
#3469=DIRECTION('',(1.,0.,0.));
#3470=DIRECTION('',(-2.16840434497101E-16,-1.,0.));
#3471=DIRECTION('',(0.,0.,1.));
#3472=DIRECTION('',(1.,0.,0.));
#3473=DIRECTION('',(-1.,-9.85638338623187E-17,0.));
#3474=DIRECTION('',(0.,0.,1.));
#3475=DIRECTION('',(-1.,0.,0.));
#3476=DIRECTION('',(-2.16840434497101E-16,1.,0.));
#3477=DIRECTION('',(0.,0.,1.));
#3478=DIRECTION('',(-1.,0.,0.));
#3479=DIRECTION('',(0.,0.,-1.));
#3480=DIRECTION('',(-1.,0.,0.));
#3481=DIRECTION('',(0.,0.,1.));
#3482=DIRECTION('',(1.,0.,0.));
#3483=DIRECTION('',(0.,0.,-1.));
#3484=DIRECTION('',(0.,0.,-1.));
#3485=DIRECTION('',(-7.85135458074592E-17,1.,0.));
#3486=DIRECTION('',(-1.,-7.85135458074592E-17,0.));
#3487=DIRECTION('',(1.,7.85135458074592E-17,0.));
#3488=DIRECTION('',(0.,0.,-1.));
#3489=DIRECTION('',(0.,0.,-1.));
#3490=DIRECTION('',(-1.,0.,0.));
#3491=DIRECTION('',(0.,0.,1.));
#3492=DIRECTION('',(1.,0.,0.));
#3493=DIRECTION('',(0.,0.,-1.));
#3494=DIRECTION('',(1.,1.3883812680589E-16,0.));
#3495=DIRECTION('',(-1.3883812680589E-16,1.,0.));
#3496=DIRECTION('',(1.3883812680589E-16,-1.,0.));
#3497=DIRECTION('',(0.,0.,-1.));
#3498=DIRECTION('',(0.,0.,-1.));
#3499=DIRECTION('',(-1.,0.,0.));
#3500=DIRECTION('',(0.,0.,1.));
#3501=DIRECTION('',(1.,0.,0.));
#3502=DIRECTION('',(0.,0.,-1.));
#3503=DIRECTION('',(7.85135458074592E-17,-1.,0.));
#3504=DIRECTION('',(1.,7.85135458074592E-17,0.));
#3505=DIRECTION('',(-1.,-7.85135458074592E-17,0.));
#3506=DIRECTION('',(0.,0.,-1.));
#3507=DIRECTION('',(0.,0.,-1.));
#3508=DIRECTION('',(-1.,0.,0.));
#3509=DIRECTION('',(0.,0.,1.));
#3510=DIRECTION('',(1.,0.,0.));
#3511=DIRECTION('',(0.,0.,-1.));
#3512=DIRECTION('',(-1.,-5.5535250722356E-16,0.));
#3513=DIRECTION('',(5.5535250722356E-16,-1.,0.));
#3514=DIRECTION('',(-5.5535250722356E-16,1.,0.));
#3515=DIRECTION('',(0.,0.,1.));
#3516=DIRECTION('',(1.,0.,0.));
#3517=DIRECTION('',(0.,0.,-1.));
#3518=DIRECTION('',(-1.,0.,0.));
#3519=DIRECTION('',(0.,0.,-1.));
#3520=DIRECTION('',(0.,0.,-1.));
#3521=DIRECTION('',(-1.97127667724637E-16,1.,0.));
#3522=DIRECTION('',(-1.,-1.97127667724637E-16,0.));
#3523=DIRECTION('',(0.,0.,-1.));
#3524=DIRECTION('',(0.,0.,-1.));
#3525=DIRECTION('',(-1.,0.,0.));
#3526=DIRECTION('',(0.,0.,-1.));
#3527=DIRECTION('',(-1.,-2.16840434497101E-16,0.));
#3528=DIRECTION('',(2.16840434497101E-16,-1.,0.));
#3529=DIRECTION('',(0.,0.,-1.));
#3530=DIRECTION('',(0.,0.,-1.));
#3531=DIRECTION('',(-1.,0.,0.));
#3532=DIRECTION('',(0.,0.,-1.));
#3533=DIRECTION('',(9.85638338623187E-17,-1.,0.));
#3534=DIRECTION('',(1.,9.85638338623187E-17,0.));
#3535=DIRECTION('',(0.,0.,-1.));
#3536=DIRECTION('',(0.,0.,-1.));
#3537=DIRECTION('',(-1.,0.,0.));
#3538=DIRECTION('',(0.,0.,-1.));
#3539=DIRECTION('',(1.,-2.16840434497101E-16,0.));
#3540=DIRECTION('',(2.16840434497101E-16,1.,0.));
#3541=DIRECTION('',(0.,1.,0.));
#3542=DIRECTION('',(0.,0.,1.));
#3543=DIRECTION('',(0.,0.,1.));
#3544=DIRECTION('',(0.,0.,1.));
#3545=DIRECTION('',(1.,0.,0.));
#3546=DIRECTION('',(0.,0.,-1.));
#3547=DIRECTION('',(0.,0.,1.));
#3548=DIRECTION('',(1.13914485014524E-15,-1.,0.));
#3549=DIRECTION('',(1.,1.13914485014524E-15,0.));
#3550=DIRECTION('',(0.,0.,1.));
#3551=DIRECTION('',(0.,0.,1.));
#3552=DIRECTION('',(0.,0.,1.));
#3553=DIRECTION('',(0.,-1.,0.));
#3554=DIRECTION('',(0.,0.,-1.));
#3555=DIRECTION('',(0.,0.,1.));
#3556=DIRECTION('',(-1.,0.,0.));
#3557=DIRECTION('',(0.,0.,1.));
#3558=DIRECTION('',(0.,0.,1.));
#3559=DIRECTION('',(0.,1.,0.));
#3560=DIRECTION('',(0.,0.,1.));
#3561=DIRECTION('',(0.,0.,1.));
#3562=DIRECTION('',(1.,0.,0.));
#3563=DIRECTION('',(0.,0.,-1.));
#3564=DIRECTION('',(0.,0.,1.));
#3565=DIRECTION('',(-0.943776519914421,0.330584150343336,0.));
#3566=DIRECTION('',(-0.330584150343336,-0.943776519914421,0.));
#3567=DIRECTION('',(0.,0.,1.));
#3568=DIRECTION('',(0.,1.,0.));
#3569=DIRECTION('',(0.,0.,1.));
#3570=DIRECTION('',(0.,0.,1.));
#3571=DIRECTION('',(0.94704300010294,0.321106767222403,0.));
#3572=DIRECTION('',(-0.321106767222403,0.94704300010294,0.));
#3573=DIRECTION('',(0.,0.,1.));
#3574=DIRECTION('',(-1.,0.,0.));
#3575=DIRECTION('',(0.,0.,1.));
#3576=DIRECTION('',(0.,0.,1.));
#3577=DIRECTION('',(1.,0.,0.));
#3578=DIRECTION('',(0.,0.,1.));
#3579=DIRECTION('',(0.,0.,1.));
#3580=DIRECTION('',(0.,0.,1.));
#3581=DIRECTION('',(0.,0.,1.));
#3582=DIRECTION('',(0.130034036800186,0.99150953060142,0.));
#3583=DIRECTION('',(-0.99150953060142,0.130034036800186,0.));
#3584=DIRECTION('',(0.,0.,1.));
#3585=DIRECTION('',(0.,0.,1.));
#3586=DIRECTION('',(0.,0.,1.));
#3587=DIRECTION('',(0.,0.,1.));
#3588=DIRECTION('',(0.,1.,0.));
#3589=DIRECTION('',(0.,0.,1.));
#3590=DIRECTION('',(0.,0.,1.));
#3591=DIRECTION('',(1.,0.,0.));
#3592=DIRECTION('',(0.,0.,1.));
#3593=DIRECTION('',(1.,0.,0.));
#3594=DIRECTION('',(0.,1.,0.));
#3595=DIRECTION('',(0.,0.,1.));
#3596=DIRECTION('',(0.,0.,1.));
#3597=DIRECTION('',(0.,0.,1.));
#3598=DIRECTION('',(1.,0.,0.));
#3599=DIRECTION('',(0.,0.,-1.));
#3600=DIRECTION('',(0.,0.,1.));
#3601=DIRECTION('',(0.,-1.,0.));
#3602=DIRECTION('',(0.,0.,-1.));
#3603=DIRECTION('',(0.,0.,1.));
#3604=DIRECTION('',(-1.,0.,0.));
#3605=DIRECTION('',(0.,0.,1.));
#3606=DIRECTION('',(0.,0.,1.));
#3607=DIRECTION('',(0.,0.,1.));
#3608=DIRECTION('',(-0.935187216216636,0.354153738685586,0.));
#3609=DIRECTION('',(-0.354153738685586,-0.935187216216636,0.));
#3610=DIRECTION('',(0.,0.,1.));
#3611=DIRECTION('',(0.,0.,1.));
#3612=DIRECTION('',(1.,0.,0.));
#3613=DIRECTION('',(0.,1.,0.));
#3614=DIRECTION('',(0.,0.,1.));
#3615=DIRECTION('',(0.,0.,1.));
#3616=DIRECTION('',(0.,0.,1.));
#3617=DIRECTION('',(1.,0.,0.));
#3618=DIRECTION('',(0.,0.,-1.));
#3619=DIRECTION('',(0.,0.,1.));
#3620=DIRECTION('',(0.,-1.,0.));
#3621=DIRECTION('',(0.,0.,-1.));
#3622=DIRECTION('',(0.,0.,1.));
#3623=DIRECTION('',(-1.,0.,0.));
#3624=DIRECTION('',(0.,0.,1.));
#3625=DIRECTION('',(0.,0.,1.));
#3626=DIRECTION('',(0.709510522722877,-0.704694840441953,0.));
#3627=DIRECTION('',(0.704694840441953,0.709510522722877,0.));
#3628=DIRECTION('',(0.,0.,1.));
#3629=DIRECTION('',(0.,-1.,0.));
#3630=DIRECTION('',(0.,0.,-1.));
#3631=DIRECTION('',(0.,0.,1.));
#3632=DIRECTION('',(-0.696735230307811,0.717328389824299,0.));
#3633=DIRECTION('',(-0.717328389824299,-0.696735230307811,0.));
#3634=DIRECTION('',(0.,0.,1.));
#3635=DIRECTION('',(-0.829803825565357,-0.55805520432758,0.));
#3636=DIRECTION('',(0.558055204327581,-0.829803825565358,0.));
#3637=DIRECTION('',(0.,0.,1.));
#3638=DIRECTION('',(0.,1.,0.));
#3639=DIRECTION('',(0.,0.,1.));
#3640=DIRECTION('',(0.,0.,1.));
#3641=DIRECTION('',(0.83550802173943,0.549478248531336,0.));
#3642=DIRECTION('',(-0.549478248531336,0.83550802173943,0.));
#3643=DIRECTION('',(0.,0.,1.));
#3644=DIRECTION('',(-0.695795215827009,0.718240222789177,0.));
#3645=DIRECTION('',(-0.718240222789177,-0.695795215827009,0.));
#3646=DIRECTION('',(0.,0.,1.));
#3647=DIRECTION('',(-1.,0.,0.));
#3648=DIRECTION('',(0.,0.,1.));
#3649=DIRECTION('',(0.,0.,1.));
#3650=DIRECTION('',(1.,0.,0.));
#3651=DIRECTION('',(0.,1.,0.));
#3652=DIRECTION('',(0.,0.,1.));
#3653=DIRECTION('',(0.,0.,1.));
#3654=DIRECTION('',(0.,0.,1.));
#3655=DIRECTION('',(1.,0.,0.));
#3656=DIRECTION('',(0.,0.,-1.));
#3657=DIRECTION('',(0.,0.,1.));
#3658=DIRECTION('',(0.,-1.,0.));
#3659=DIRECTION('',(0.,0.,-1.));
#3660=DIRECTION('',(0.,0.,1.));
#3661=DIRECTION('',(-1.,0.,0.));
#3662=DIRECTION('',(0.,0.,1.));
#3663=DIRECTION('',(0.,0.,1.));
#3664=DIRECTION('',(1.,0.,0.));
#3665=DIRECTION('',(0.,1.,0.));
#3666=DIRECTION('',(0.,0.,1.));
#3667=DIRECTION('',(0.,0.,1.));
#3668=DIRECTION('',(0.,0.,1.));
#3669=DIRECTION('',(1.,0.,0.));
#3670=DIRECTION('',(0.,0.,-1.));
#3671=DIRECTION('',(0.,0.,1.));
#3672=DIRECTION('',(0.,-1.,0.));
#3673=DIRECTION('',(0.,0.,-1.));
#3674=DIRECTION('',(0.,0.,1.));
#3675=DIRECTION('',(-1.,0.,0.));
#3676=DIRECTION('',(0.,0.,1.));
#3677=DIRECTION('',(0.,0.,1.));
#3678=DIRECTION('',(1.,0.,0.));
#3679=DIRECTION('',(0.,1.,0.));
#3680=DIRECTION('',(0.,0.,1.));
#3681=DIRECTION('',(0.,0.,1.));
#3682=DIRECTION('',(0.,0.,1.));
#3683=DIRECTION('',(1.,0.,0.));
#3684=DIRECTION('',(0.,0.,-1.));
#3685=DIRECTION('',(0.,0.,1.));
#3686=DIRECTION('',(0.,-1.,0.));
#3687=DIRECTION('',(0.,0.,-1.));
#3688=DIRECTION('',(0.,0.,1.));
#3689=DIRECTION('',(-1.,0.,0.));
#3690=DIRECTION('',(0.,0.,1.));
#3691=DIRECTION('',(0.,0.,1.));
#3692=DIRECTION('',(0.,0.,1.));
#3693=DIRECTION('',(0.,1.,0.));
#3694=DIRECTION('',(0.,0.,1.));
#3695=DIRECTION('',(0.,0.,1.));
#3696=DIRECTION('',(0.,0.,1.));
#3697=DIRECTION('',(1.,0.,0.));
#3698=DIRECTION('',(0.,0.,1.));
#3699=DIRECTION('',(0.,0.,1.));
#3700=DIRECTION('',(-0.132163720091017,-0.991227900682635,0.));
#3701=DIRECTION('',(0.991227900682635,-0.132163720091017,0.));
#3702=DIRECTION('',(0.,0.,1.));
#3703=DIRECTION('',(0.,0.,1.));
#3704=DIRECTION('',(0.,0.,1.));
#3705=DIRECTION('',(1.,0.,0.));
#3706=DIRECTION('',(0.,0.,-1.));
#3707=DIRECTION('',(0.,0.,1.));
#3708=DIRECTION('',(0.,-1.,0.));
#3709=DIRECTION('',(0.,0.,-1.));
#3710=DIRECTION('',(0.,0.,1.));
#3711=DIRECTION('',(1.,0.,0.));
#3712=DIRECTION('',(0.,0.,1.));
#3713=DIRECTION('',(1.,0.,0.));
#3714=DIRECTION('',(0.,0.,1.));
#3715=DIRECTION('',(1.,0.,0.));
#3716=CARTESIAN_POINT('',(0.,0.,0.));
#3717=CARTESIAN_POINT('',(0.8,-0.5,0.));
#3718=CARTESIAN_POINT('',(0.8,-0.5,0.));
#3719=CARTESIAN_POINT('',(0.7,-0.5,0.));
#3720=CARTESIAN_POINT('',(0.8,-0.4,0.));
#3721=CARTESIAN_POINT('',(-0.7,-0.5,0.));
#3722=CARTESIAN_POINT('',(-0.7,-0.5,0.));
#3723=CARTESIAN_POINT('',(-0.8,-0.5,0.));
#3724=CARTESIAN_POINT('',(-0.8,-0.4,0.));
#3725=CARTESIAN_POINT('',(-0.8,0.4,0.));
#3726=CARTESIAN_POINT('',(-0.8,0.4,0.));
#3727=CARTESIAN_POINT('',(-0.8,0.5,0.));
#3728=CARTESIAN_POINT('',(-0.7,0.5,0.));
#3729=CARTESIAN_POINT('',(-0.7,0.5,0.));
#3730=CARTESIAN_POINT('',(0.7,0.5,0.));
#3731=CARTESIAN_POINT('',(0.8,0.5,0.));
#3732=CARTESIAN_POINT('',(0.8,0.4,0.));
#3733=CARTESIAN_POINT('',(0.8,-0.4,0.));
#3734=CARTESIAN_POINT('',(0.38,-0.275,0.));
#3735=CARTESIAN_POINT('',(0.38,0.275,0.));
#3736=CARTESIAN_POINT('',(0.38,-0.275,0.));
#3737=CARTESIAN_POINT('',(0.38,-0.275,0.));
#3738=CARTESIAN_POINT('',(0.505,-0.4,0.));
#3739=CARTESIAN_POINT('',(0.505,-0.4,0.));
#3740=CARTESIAN_POINT('',(0.626794919243112,-0.4,0.));
#3741=CARTESIAN_POINT('',(0.8,-0.5,0.));
#3742=CARTESIAN_POINT('',(0.7,-0.326794919243112,0.));
#3743=CARTESIAN_POINT('',(0.7,-0.326794919243112,0.));
#3744=CARTESIAN_POINT('',(0.7,0.326794919243112,0.));
#3745=CARTESIAN_POINT('',(0.8,0.5,0.));
#3746=CARTESIAN_POINT('',(0.626794919243112,0.4,0.));
#3747=CARTESIAN_POINT('',(0.626794919243112,0.4,0.));
#3748=CARTESIAN_POINT('',(0.505,0.4,0.));
#3749=CARTESIAN_POINT('',(0.38,0.275,0.));
#3750=CARTESIAN_POINT('',(-0.32,-0.4,0.));
#3751=CARTESIAN_POINT('',(-0.32,-0.4,0.));
#3752=CARTESIAN_POINT('',(-0.32,0.4,0.));
#3753=CARTESIAN_POINT('',(-0.32,0.4,0.));
#3754=CARTESIAN_POINT('',(-0.626794919243112,0.4,0.));
#3755=CARTESIAN_POINT('',(-0.8,0.5,0.));
#3756=CARTESIAN_POINT('',(-0.7,0.326794919243112,0.));
#3757=CARTESIAN_POINT('',(-0.7,0.326794919243112,0.));
#3758=CARTESIAN_POINT('',(-0.7,-0.326794919243112,0.));
#3759=CARTESIAN_POINT('',(-0.8,-0.5,0.));
#3760=CARTESIAN_POINT('',(-0.626794919243112,-0.4,0.));
#3761=CARTESIAN_POINT('',(-0.626794919243112,-0.4,0.));
#3762=CARTESIAN_POINT('',(0.8,-0.5,0.3));
#3763=CARTESIAN_POINT('',(0.8,-0.4,0.3));
#3764=CARTESIAN_POINT('',(0.8,-0.4,0.3));
#3765=CARTESIAN_POINT('',(0.8,-0.5,0.3));
#3766=CARTESIAN_POINT('',(0.7,-0.5,0.3));
#3767=CARTESIAN_POINT('',(0.7,-0.5,0.3));
#3768=CARTESIAN_POINT('',(0.8,-0.4,0.3));
#3769=CARTESIAN_POINT('',(0.8,0.4,0.3));
#3770=CARTESIAN_POINT('',(0.8,0.4,0.3));
#3771=CARTESIAN_POINT('',(0.8,-0.4,0.3));
#3772=CARTESIAN_POINT('',(0.8,0.5,0.3));
#3773=CARTESIAN_POINT('',(0.7,0.5,0.3));
#3774=CARTESIAN_POINT('',(0.7,0.5,0.3));
#3775=CARTESIAN_POINT('',(0.8,0.5,0.3));
#3776=CARTESIAN_POINT('',(-0.7,0.5,0.3));
#3777=CARTESIAN_POINT('',(-0.7,0.5,0.3));
#3778=CARTESIAN_POINT('',(-0.7,0.5,0.3));
#3779=CARTESIAN_POINT('',(-0.7,0.5,0.3));
#3780=CARTESIAN_POINT('',(-0.8,0.5,0.3));
#3781=CARTESIAN_POINT('',(-0.8,0.4,0.3));
#3782=CARTESIAN_POINT('',(-0.8,0.4,0.3));
#3783=CARTESIAN_POINT('',(-0.8,0.5,0.3));
#3784=CARTESIAN_POINT('',(-0.8,0.4,0.3));
#3785=CARTESIAN_POINT('',(-0.8,-0.4,0.3));
#3786=CARTESIAN_POINT('',(-0.8,-0.4,0.3));
#3787=CARTESIAN_POINT('',(-0.8,0.4,0.3));
#3788=CARTESIAN_POINT('',(-0.8,-0.5,0.3));
#3789=CARTESIAN_POINT('',(-0.7,-0.5,0.3));
#3790=CARTESIAN_POINT('',(-0.7,-0.5,0.3));
#3791=CARTESIAN_POINT('',(-0.8,-0.5,0.3));
#3792=CARTESIAN_POINT('',(-0.7,-0.5,0.3));
#3793=CARTESIAN_POINT('',(-0.7,-0.5,0.3));
#3794=CARTESIAN_POINT('',(0.8,-0.5,0.3));
#3795=CARTESIAN_POINT('',(0.38,-0.275,0.1));
#3796=CARTESIAN_POINT('',(0.38,-0.275,0.1));
#3797=CARTESIAN_POINT('',(0.38,-0.275,0.1));
#3798=CARTESIAN_POINT('',(0.38,-0.275,0.1));
#3799=CARTESIAN_POINT('',(0.505,-0.4,0.1));
#3800=CARTESIAN_POINT('',(0.505,-0.4,0.1));
#3801=CARTESIAN_POINT('',(0.505,-0.4,0.1));
#3802=CARTESIAN_POINT('',(0.505,-0.4,0.1));
#3803=CARTESIAN_POINT('',(0.626794919243112,-0.4,0.1));
#3804=CARTESIAN_POINT('',(0.626794919243112,-0.4,0.1));
#3805=CARTESIAN_POINT('',(0.8,-0.5,0.1));
#3806=CARTESIAN_POINT('',(0.8,-0.5,0.1));
#3807=CARTESIAN_POINT('',(0.7,-0.326794919243112,0.1));
#3808=CARTESIAN_POINT('',(0.7,-0.326794919243112,0.1));
#3809=CARTESIAN_POINT('',(0.7,-0.326794919243112,0.1));
#3810=CARTESIAN_POINT('',(0.7,-0.326794919243112,0.1));
#3811=CARTESIAN_POINT('',(0.7,0.326794919243112,0.1));
#3812=CARTESIAN_POINT('',(0.7,0.326794919243112,0.1));
#3813=CARTESIAN_POINT('',(0.8,0.5,0.1));
#3814=CARTESIAN_POINT('',(0.8,0.5,0.1));
#3815=CARTESIAN_POINT('',(0.626794919243112,0.4,0.1));
#3816=CARTESIAN_POINT('',(0.626794919243112,0.4,0.1));
#3817=CARTESIAN_POINT('',(0.626794919243112,0.4,0.1));
#3818=CARTESIAN_POINT('',(0.626794919243112,0.4,0.1));
#3819=CARTESIAN_POINT('',(0.505,0.4,0.1));
#3820=CARTESIAN_POINT('',(0.505,0.4,0.1));
#3821=CARTESIAN_POINT('',(0.38,0.275,0.1));
#3822=CARTESIAN_POINT('',(0.38,0.275,0.1));
#3823=CARTESIAN_POINT('',(0.38,0.275,0.1));
#3824=CARTESIAN_POINT('',(0.38,0.275,0.1));
#3825=CARTESIAN_POINT('',(0.38,-0.275,0.1));
#3826=CARTESIAN_POINT('',(0.38,-0.275,0.1));
#3827=CARTESIAN_POINT('',(0.8,-0.5,0.1));
#3828=CARTESIAN_POINT('',(-0.32,0.4,0.1));
#3829=CARTESIAN_POINT('',(-0.32,0.4,0.1));
#3830=CARTESIAN_POINT('',(-0.32,0.4,0.1));
#3831=CARTESIAN_POINT('',(-0.32,0.4,0.1));
#3832=CARTESIAN_POINT('',(-0.626794919243112,0.4,0.1));
#3833=CARTESIAN_POINT('',(-0.626794919243112,0.4,0.1));
#3834=CARTESIAN_POINT('',(-0.8,0.5,0.1));
#3835=CARTESIAN_POINT('',(-0.8,0.5,0.1));
#3836=CARTESIAN_POINT('',(-0.7,0.326794919243112,0.1));
#3837=CARTESIAN_POINT('',(-0.7,0.326794919243112,0.1));
#3838=CARTESIAN_POINT('',(-0.7,0.326794919243112,0.1));
#3839=CARTESIAN_POINT('',(-0.7,0.326794919243112,0.1));
#3840=CARTESIAN_POINT('',(-0.7,-0.326794919243112,0.1));
#3841=CARTESIAN_POINT('',(-0.7,-0.326794919243112,0.1));
#3842=CARTESIAN_POINT('',(-0.8,-0.5,0.1));
#3843=CARTESIAN_POINT('',(-0.8,-0.5,0.1));
#3844=CARTESIAN_POINT('',(-0.626794919243112,-0.4,0.1));
#3845=CARTESIAN_POINT('',(-0.626794919243112,-0.4,0.1));
#3846=CARTESIAN_POINT('',(-0.626794919243112,-0.4,0.1));
#3847=CARTESIAN_POINT('',(-0.626794919243112,-0.4,0.1));
#3848=CARTESIAN_POINT('',(-0.32,-0.4,0.1));
#3849=CARTESIAN_POINT('',(-0.32,-0.4,0.1));
#3850=CARTESIAN_POINT('',(-0.32,-0.4,0.1));
#3851=CARTESIAN_POINT('',(-0.32,-0.4,0.1));
#3852=CARTESIAN_POINT('',(-0.8,0.5,0.1));
#3853=CARTESIAN_POINT('',(0.,0.,0.));
#3854=CARTESIAN_POINT('',(0.317332150433377,-0.289309738206824,0.1));
#3855=CARTESIAN_POINT('',(0.317332150433377,-0.289309738206824,0.));
#3856=CARTESIAN_POINT('',(0.317332150433377,-0.289309738206824,0.));
#3857=CARTESIAN_POINT('',(0.442332150433377,-0.414309738206824,0.));
#3858=CARTESIAN_POINT('',(0.442332150433377,-0.414309738206824,0.1));
#3859=CARTESIAN_POINT('',(0.442332150433377,-0.414309738206824,0.1));
#3860=CARTESIAN_POINT('',(0.317332150433377,-0.289309738206824,0.1));
#3861=CARTESIAN_POINT('',(0.317332150433377,-0.289309738206824,0.1));
#3862=CARTESIAN_POINT('',(0.317332150433377,-0.289309738206824,0.1));
#3863=CARTESIAN_POINT('',(0.442332150433377,-0.414309738206824,0.1));
#3864=CARTESIAN_POINT('',(0.442332150433377,-0.414309738206824,0.));
#3865=CARTESIAN_POINT('',(0.564127069676489,-0.414309738206824,0.));
#3866=CARTESIAN_POINT('',(0.564127069676489,-0.414309738206824,0.1));
#3867=CARTESIAN_POINT('',(0.564127069676489,-0.414309738206824,0.1));
#3868=CARTESIAN_POINT('',(0.442332150433377,-0.414309738206824,0.1));
#3869=CARTESIAN_POINT('',(0.737332150433377,-0.514309738206824,0.1));
#3870=CARTESIAN_POINT('',(0.737332150433377,-0.514309738206824,0.));
#3871=CARTESIAN_POINT('',(0.637332150433377,-0.341104657449936,0.));
#3872=CARTESIAN_POINT('',(0.637332150433377,-0.341104657449936,0.1));
#3873=CARTESIAN_POINT('',(0.637332150433377,-0.341104657449936,0.1));
#3874=CARTESIAN_POINT('',(0.737332150433377,-0.514309738206824,0.1));
#3875=CARTESIAN_POINT('',(0.637332150433377,-0.341104657449936,0.1));
#3876=CARTESIAN_POINT('',(0.637332150433377,-0.341104657449936,0.));
#3877=CARTESIAN_POINT('',(0.637332150433377,0.312485181036289,0.));
#3878=CARTESIAN_POINT('',(0.637332150433377,0.312485181036289,0.1));
#3879=CARTESIAN_POINT('',(0.637332150433377,0.312485181036289,0.1));
#3880=CARTESIAN_POINT('',(0.637332150433377,-0.341104657449936,0.1));
#3881=CARTESIAN_POINT('',(0.737332150433377,0.485690261793177,0.1));
#3882=CARTESIAN_POINT('',(0.737332150433377,0.485690261793177,0.));
#3883=CARTESIAN_POINT('',(0.564127069676489,0.385690261793177,0.));
#3884=CARTESIAN_POINT('',(0.564127069676489,0.385690261793177,0.1));
#3885=CARTESIAN_POINT('',(0.564127069676489,0.385690261793177,0.1));
#3886=CARTESIAN_POINT('',(0.737332150433377,0.485690261793177,0.1));
#3887=CARTESIAN_POINT('',(0.564127069676489,0.385690261793177,0.1));
#3888=CARTESIAN_POINT('',(0.564127069676489,0.385690261793177,0.));
#3889=CARTESIAN_POINT('',(0.442332150433377,0.385690261793177,0.));
#3890=CARTESIAN_POINT('',(0.442332150433377,0.385690261793177,0.1));
#3891=CARTESIAN_POINT('',(0.442332150433377,0.385690261793177,0.1));
#3892=CARTESIAN_POINT('',(0.564127069676489,0.385690261793177,0.1));
#3893=CARTESIAN_POINT('',(0.317332150433377,0.260690261793177,0.1));
#3894=CARTESIAN_POINT('',(0.317332150433377,0.260690261793177,0.));
#3895=CARTESIAN_POINT('',(0.317332150433377,0.260690261793177,0.));
#3896=CARTESIAN_POINT('',(0.317332150433377,0.260690261793177,0.1));
#3897=CARTESIAN_POINT('',(0.317332150433377,0.260690261793177,0.1));
#3898=CARTESIAN_POINT('',(0.317332150433377,0.260690261793177,0.1));
#3899=CARTESIAN_POINT('',(0.317332150433377,-0.289309738206824,0.1));
#3900=CARTESIAN_POINT('',(0.317332150433377,-0.289309738206824,0.));
#3901=CARTESIAN_POINT('',(0.317332150433377,-0.289309738206824,0.1));
#3902=CARTESIAN_POINT('',(0.737332150433377,-0.514309738206824,0.1));
#3903=CARTESIAN_POINT('',(0.737332150433377,-0.514309738206824,0.));
#3904=CARTESIAN_POINT('',(-0.382667849566623,0.385690261793177,0.1));
#3905=CARTESIAN_POINT('',(-0.382667849566623,0.385690261793177,0.));
#3906=CARTESIAN_POINT('',(-0.382667849566623,0.385690261793176,0.));
#3907=CARTESIAN_POINT('',(-0.689462768809736,0.385690261793176,0.));
#3908=CARTESIAN_POINT('',(-0.689462768809736,0.385690261793176,0.1));
#3909=CARTESIAN_POINT('',(-0.689462768809736,0.385690261793176,0.1));
#3910=CARTESIAN_POINT('',(-0.382667849566623,0.385690261793177,0.1));
#3911=CARTESIAN_POINT('',(-0.382667849566623,0.385690261793176,0.1));
#3912=CARTESIAN_POINT('',(-0.382667849566623,0.385690261793176,0.1));
#3913=CARTESIAN_POINT('',(-0.862667849566623,0.485690261793177,0.1));
#3914=CARTESIAN_POINT('',(-0.862667849566623,0.485690261793177,0.));
#3915=CARTESIAN_POINT('',(-0.762667849566624,0.312485181036289,0.));
#3916=CARTESIAN_POINT('',(-0.762667849566624,0.312485181036289,0.1));
#3917=CARTESIAN_POINT('',(-0.762667849566624,0.312485181036289,0.1));
#3918=CARTESIAN_POINT('',(-0.862667849566623,0.485690261793177,0.1));
#3919=CARTESIAN_POINT('',(-0.762667849566623,0.312485181036289,0.1));
#3920=CARTESIAN_POINT('',(-0.762667849566623,0.312485181036289,0.));
#3921=CARTESIAN_POINT('',(-0.762667849566623,-0.341104657449936,0.));
#3922=CARTESIAN_POINT('',(-0.762667849566623,-0.341104657449936,0.1));
#3923=CARTESIAN_POINT('',(-0.762667849566623,-0.341104657449936,0.1));
#3924=CARTESIAN_POINT('',(-0.762667849566623,0.312485181036289,0.1));
#3925=CARTESIAN_POINT('',(-0.862667849566623,-0.514309738206824,0.1));
#3926=CARTESIAN_POINT('',(-0.862667849566623,-0.514309738206824,0.));
#3927=CARTESIAN_POINT('',(-0.689462768809736,-0.414309738206824,0.));
#3928=CARTESIAN_POINT('',(-0.689462768809736,-0.414309738206824,0.1));
#3929=CARTESIAN_POINT('',(-0.689462768809736,-0.414309738206824,0.1));
#3930=CARTESIAN_POINT('',(-0.862667849566623,-0.514309738206824,0.1));
#3931=CARTESIAN_POINT('',(-0.689462768809736,-0.414309738206824,0.1));
#3932=CARTESIAN_POINT('',(-0.689462768809736,-0.414309738206824,0.));
#3933=CARTESIAN_POINT('',(-0.382667849566623,-0.414309738206824,0.));
#3934=CARTESIAN_POINT('',(-0.382667849566623,-0.414309738206824,0.1));
#3935=CARTESIAN_POINT('',(-0.382667849566623,-0.414309738206824,0.1));
#3936=CARTESIAN_POINT('',(-0.689462768809736,-0.414309738206824,0.1));
#3937=CARTESIAN_POINT('',(-0.382667849566623,-0.414309738206824,0.1));
#3938=CARTESIAN_POINT('',(-0.382667849566623,-0.414309738206824,0.));
#3939=CARTESIAN_POINT('',(-0.382667849566623,-0.414309738206824,0.1));
#3940=CARTESIAN_POINT('',(-0.862667849566623,0.485690261793177,0.1));
#3941=CARTESIAN_POINT('',(-0.862667849566623,0.485690261793177,0.));
#3942=CARTESIAN_POINT('',(0.0626678495666235,0.0143097382068237,0.));
#3943=CARTESIAN_POINT('',(-0.55,-0.25,0.2));
#3944=CARTESIAN_POINT('',(-0.55,-0.25,0.2));
#3945=CARTESIAN_POINT('',(-0.75,-0.25,0.2));
#3946=CARTESIAN_POINT('',(-0.55,-0.45,0.2));
#3947=CARTESIAN_POINT('',(-0.55,-0.45,0.2));
#3948=CARTESIAN_POINT('',(0.549999999999999,-0.45,0.2));
#3949=CARTESIAN_POINT('',(0.55,-0.25,0.2));
#3950=CARTESIAN_POINT('',(0.75,-0.25,0.2));
#3951=CARTESIAN_POINT('',(0.749999999999999,-0.25,0.2));
#3952=CARTESIAN_POINT('',(0.749999999999999,0.25,0.2));
#3953=CARTESIAN_POINT('',(0.549999999999999,0.25,0.2));
#3954=CARTESIAN_POINT('',(0.549999999999999,0.45,0.2));
#3955=CARTESIAN_POINT('',(0.549999999999999,0.45,0.2));
#3956=CARTESIAN_POINT('',(-0.55,0.45,0.2));
#3957=CARTESIAN_POINT('',(-0.55,0.25,0.2));
#3958=CARTESIAN_POINT('',(-0.75,0.25,0.2));
#3959=CARTESIAN_POINT('',(-0.75,0.25,0.2));
#3960=CARTESIAN_POINT('',(-0.545819935691318,0.120498392282958,0.2));
#3961=CARTESIAN_POINT('',(-0.545819935691318,0.0519024651661305,0.2));
#3962=CARTESIAN_POINT('',(-0.545819935691318,-0.0166934619506969,0.2));
#3963=CARTESIAN_POINT('',(-0.545819935691318,-0.0852893890675244,0.2));
#3964=CARTESIAN_POINT('',(-0.545819935691318,0.120498392282958,0.2));
#3965=CARTESIAN_POINT('',(-0.545819935691318,-0.0852893890675244,0.2));
#3966=CARTESIAN_POINT('',(-0.545819935691318,-0.0852893890675244,0.2));
#3967=CARTESIAN_POINT('',(-0.556002143622722,-0.0852893890675244,0.2));
#3968=CARTESIAN_POINT('',(-0.566184351554126,-0.0852893890675244,0.2));
#3969=CARTESIAN_POINT('',(-0.57636655948553,-0.0852893890675244,0.2));
#3970=CARTESIAN_POINT('',(-0.57636655948553,-0.0852893890675244,0.2));
#3971=CARTESIAN_POINT('',(-0.57636655948553,-0.0852893890675244,0.2));
#3972=CARTESIAN_POINT('',(-0.57636655948553,-0.00479635584137216,0.2));
#3973=CARTESIAN_POINT('',(-0.57636655948553,0.07569667738478,0.2));
#3974=CARTESIAN_POINT('',(-0.57636655948553,0.156189710610932,0.2));
#3975=CARTESIAN_POINT('',(-0.57636655948553,0.156189710610932,0.2));
#3976=CARTESIAN_POINT('',(-0.57636655948553,0.156189710610932,0.2));
#3977=CARTESIAN_POINT('',(-0.560503751339764,0.156189710610932,0.2));
#3978=CARTESIAN_POINT('',(-0.544640943193998,0.156189710610932,0.2));
#3979=CARTESIAN_POINT('',(-0.528778135048231,0.156189710610932,0.2));
#3980=CARTESIAN_POINT('',(-0.528778135048231,0.156189710610932,0.2));
#3981=CARTESIAN_POINT('',(-0.528778135048231,0.156189710610932,0.2));
#3982=CARTESIAN_POINT('',(-0.509646302250804,0.0992229367631295,0.2));
#3983=CARTESIAN_POINT('',(-0.490514469453376,0.0422561629153267,0.2));
#3984=CARTESIAN_POINT('',(-0.471382636655948,-0.0147106109324761,0.2));
#3985=CARTESIAN_POINT('',(-0.465992768015879,-0.0307594354825997,0.2));
#3986=CARTESIAN_POINT('',(-0.462218649517685,-0.0426848874598073,0.2));
#3987=CARTESIAN_POINT('',(-0.459807073954984,-0.0505627009646305,0.2));
#3988=CARTESIAN_POINT('',(-0.459807073954984,-0.0505627009646305,0.2));
#3989=CARTESIAN_POINT('',(-0.459807073954984,-0.0505627009646305,0.2));
#3990=CARTESIAN_POINT('',(-0.457073954983923,-0.0417202572347269,0.2));
#3991=CARTESIAN_POINT('',(-0.452733118971061,-0.0288585209003218,0.2));
#3992=CARTESIAN_POINT('',(-0.446945337620579,-0.011816720257235,0.2));
#3993=CARTESIAN_POINT('',(-0.427880882176355,0.0443175096618678,0.2));
#3994=CARTESIAN_POINT('',(-0.408038585209003,0.10018756698821,0.2));
#3995=CARTESIAN_POINT('',(-0.388585209003215,0.156189710610932,0.2));
#3996=CARTESIAN_POINT('',(-0.388585209003215,0.156189710610932,0.2));
#3997=CARTESIAN_POINT('',(-0.388585209003215,0.156189710610932,0.2));
#3998=CARTESIAN_POINT('',(-0.37443729903537,0.156189710610932,0.2));
#3999=CARTESIAN_POINT('',(-0.360289389067524,0.156189710610932,0.2));
#4000=CARTESIAN_POINT('',(-0.346141479099678,0.156189710610932,0.2));
#4001=CARTESIAN_POINT('',(-0.346141479099678,0.156189710610932,0.2));
#4002=CARTESIAN_POINT('',(-0.346141479099678,0.156189710610932,0.2));
#4003=CARTESIAN_POINT('',(-0.346141479099678,0.07569667738478,0.2));
#4004=CARTESIAN_POINT('',(-0.346141479099678,-0.00479635584137216,0.2));
#4005=CARTESIAN_POINT('',(-0.346141479099678,-0.0852893890675244,0.2));
#4006=CARTESIAN_POINT('',(-0.346141479099678,-0.0852893890675244,0.2));
#4007=CARTESIAN_POINT('',(-0.346141479099678,-0.0852893890675244,0.2));
#4008=CARTESIAN_POINT('',(-0.356377277599142,-0.0852893890675244,0.2));
#4009=CARTESIAN_POINT('',(-0.366613076098606,-0.0852893890675244,0.2));
#4010=CARTESIAN_POINT('',(-0.376848874598071,-0.0852893890675244,0.2));
#4011=CARTESIAN_POINT('',(-0.376848874598071,-0.0852893890675244,0.2));
#4012=CARTESIAN_POINT('',(-0.376848874598071,-0.0852893890675244,0.2));
#4013=CARTESIAN_POINT('',(-0.376848874598071,-0.0178188638799574,0.2));
#4014=CARTESIAN_POINT('',(-0.376848874598071,0.0496516613076096,0.2));
#4015=CARTESIAN_POINT('',(-0.376848874598071,0.117122186495177,0.2));
#4016=CARTESIAN_POINT('',(-0.376848874598071,0.117122186495177,0.2));
#4017=CARTESIAN_POINT('',(-0.376848874598071,0.117122186495177,0.2));
#4018=CARTESIAN_POINT('',(-0.40048231511254,0.0496516613076096,0.2));
#4019=CARTESIAN_POINT('',(-0.424115755627009,-0.0178188638799574,0.2));
#4020=CARTESIAN_POINT('',(-0.447749196141479,-0.0852893890675244,0.2));
#4021=CARTESIAN_POINT('',(-0.447749196141479,-0.0852893890675244,0.2));
#4022=CARTESIAN_POINT('',(-0.447749196141479,-0.0852893890675244,0.2));
#4023=CARTESIAN_POINT('',(-0.457181136120043,-0.0852893890675244,0.2));
#4024=CARTESIAN_POINT('',(-0.466613076098607,-0.0852893890675244,0.2));
#4025=CARTESIAN_POINT('',(-0.47604501607717,-0.0852893890675244,0.2));
#4026=CARTESIAN_POINT('',(-0.47604501607717,-0.0852893890675244,0.2));
#4027=CARTESIAN_POINT('',(-0.47604501607717,-0.0852893890675244,0.2));
#4028=CARTESIAN_POINT('',(-0.49930332261522,-0.0166934619506969,0.2));
#4029=CARTESIAN_POINT('',(-0.522561629153269,0.0519024651661305,0.2));
#4030=CARTESIAN_POINT('',(-0.545819935691318,0.120498392282958,0.2));
#4031=CARTESIAN_POINT('',(-0.147106109324759,-0.0852893890675244,0.2));
#4032=CARTESIAN_POINT('',(-0.157288317256163,-0.0852893890675244,0.2));
#4033=CARTESIAN_POINT('',(-0.167470525187567,-0.0852893890675244,0.2));
#4034=CARTESIAN_POINT('',(-0.177652733118971,-0.0852893890675244,0.2));
#4035=CARTESIAN_POINT('',(-0.147106109324759,-0.0852893890675244,0.2));
#4036=CARTESIAN_POINT('',(-0.177652733118971,-0.0852893890675244,0.2));
#4037=CARTESIAN_POINT('',(-0.177652733118971,-0.0852893890675244,0.2));
#4038=CARTESIAN_POINT('',(-0.180868167202572,-0.0791800643086819,0.2));
#4039=CARTESIAN_POINT('',(-0.182958199356913,-0.071784565916399,0.2));
#4040=CARTESIAN_POINT('',(-0.183922829581993,-0.0632636655948556,0.2));
#4041=CARTESIAN_POINT('',(-0.183922829581993,-0.0632636655948556,0.2));
#4042=CARTESIAN_POINT('',(-0.183922829581993,-0.0632636655948556,0.2));
#4043=CARTESIAN_POINT('',(-0.194533762057878,-0.0727491961414793,0.2));
#4044=CARTESIAN_POINT('',(-0.204983922829582,-0.0795016077170421,0.2));
#4045=CARTESIAN_POINT('',(-0.215273311897106,-0.0835209003215437,0.2));
#4046=CARTESIAN_POINT('',(-0.225368726038341,-0.0874644214704637,0.2));
#4047=CARTESIAN_POINT('',(-0.236334405144694,-0.089308681672026,0.2));
#4048=CARTESIAN_POINT('',(-0.267363344051447,-0.089308681672026,0.2));
#4049=CARTESIAN_POINT('',(-0.282154340836013,-0.0846463022508041,0.2));
#4050=CARTESIAN_POINT('',(-0.292604501607717,-0.0751607717041803,0.2));
#4051=CARTESIAN_POINT('',(-0.302886505107725,-0.0658278762195577,0.2));
#4052=CARTESIAN_POINT('',(-0.308199356913183,-0.0539389067524118,0.2));
#4053=CARTESIAN_POINT('',(-0.308199356913183,-0.0306270096463025,0.2));
#4054=CARTESIAN_POINT('',(-0.306109324758842,-0.0227491961414794,0.2));
#4055=CARTESIAN_POINT('',(-0.298392282958199,-0.00860128617363368,0.2));
#4056=CARTESIAN_POINT('',(-0.293247588424437,-0.00297427652733143,0.2));
#4057=CARTESIAN_POINT('',(-0.286816720257235,0.00136655948553029,0.2));
#4058=CARTESIAN_POINT('',(-0.28057085344993,0.00558251958046084,0.2));
#4059=CARTESIAN_POINT('',(-0.273311897106109,0.00892282958199332,0.2));
#4060=CARTESIAN_POINT('',(-0.265434083601286,0.0111736334405142,0.2));
#4061=CARTESIAN_POINT('',(-0.259700903961657,0.0128116847661224,0.2));
#4062=CARTESIAN_POINT('',(-0.2508038585209,0.0140675241157554,0.2));
#4063=CARTESIAN_POINT('',(-0.238906752411575,0.015514469453376,0.2));
#4064=CARTESIAN_POINT('',(-0.214954111930898,0.0184276284307557,0.2));
#4065=CARTESIAN_POINT('',(-0.197106109324759,0.0217845659163985,0.2));
#4066=CARTESIAN_POINT('',(-0.185852090032154,0.0258038585209001,0.2));
#4067=CARTESIAN_POINT('',(-0.185852090032154,0.0258038585209001,0.2));
#4068=CARTESIAN_POINT('',(-0.185852090032154,0.0258038585209001,0.2));
#4069=CARTESIAN_POINT('',(-0.185691318327974,0.0298231511254017,0.2));
#4070=CARTESIAN_POINT('',(-0.185691318327974,0.0325562700964628,0.2));
#4071=CARTESIAN_POINT('',(-0.185691318327974,0.045739549839228,0.2));
#4072=CARTESIAN_POINT('',(-0.188424437299035,0.0542604501607715,0.2));
#4073=CARTESIAN_POINT('',(-0.194051446945338,0.0594051446945335,0.2));
#4074=CARTESIAN_POINT('',(-0.201529940423682,0.066242624446163,0.2));
#4075=CARTESIAN_POINT('',(-0.213022508038585,0.0693729903536975,0.2));
#4076=CARTESIAN_POINT('',(-0.227974276527331,0.0695337620578776,0.2));
#4077=CARTESIAN_POINT('',(-0.241797316134788,0.0696823968923663,0.2));
#4078=CARTESIAN_POINT('',(-0.252090032154341,0.0669614147909965,0.2));
#4079=CARTESIAN_POINT('',(-0.258842443729903,0.0621382636655946,0.2));
#4080=CARTESIAN_POINT('',(-0.265564439037108,0.0573368384461629,0.2));
#4081=CARTESIAN_POINT('',(-0.270418006430868,0.0484726688102891,0.2));
#4082=CARTESIAN_POINT('',(-0.273633440514469,0.0360932475884242,0.2));
#4083=CARTESIAN_POINT('',(-0.273633440514469,0.0360932475884242,0.2));
#4084=CARTESIAN_POINT('',(-0.273633440514469,0.0360932475884242,0.2));
#4085=CARTESIAN_POINT('',(-0.283440514469453,0.0373794212218647,0.2));
#4086=CARTESIAN_POINT('',(-0.293247588424437,0.0386655948553052,0.2));
#4087=CARTESIAN_POINT('',(-0.303054662379421,0.0399517684887457,0.2));
#4088=CARTESIAN_POINT('',(-0.303054662379421,0.0399517684887457,0.2));
#4089=CARTESIAN_POINT('',(-0.303054662379421,0.0399517684887457,0.2));
#4090=CARTESIAN_POINT('',(-0.30048231511254,0.0523311897106107,0.2));
#4091=CARTESIAN_POINT('',(-0.296141479099678,0.0622990353697747,0.2));
#4092=CARTESIAN_POINT('',(-0.290032154340836,0.0700160771704178,0.2));
#4093=CARTESIAN_POINT('',(-0.284001070667486,0.0776342881262287,0.2));
#4094=CARTESIAN_POINT('',(-0.27524115755627,0.0835209003215432,0.2));
#4095=CARTESIAN_POINT('',(-0.263826366559485,0.0877009646302248,0.2));
#4096=CARTESIAN_POINT('',(-0.252321726761782,0.0919139313167079,0.2));
#4097=CARTESIAN_POINT('',(-0.239067524115756,0.0938102893890673,0.2));
#4098=CARTESIAN_POINT('',(-0.209003215434084,0.0938102893890673,0.2));
#4099=CARTESIAN_POINT('',(-0.196945337620579,0.0920418006430866,0.2));
#4100=CARTESIAN_POINT('',(-0.187459807073955,0.0885048231511252,0.2));
#4101=CARTESIAN_POINT('',(-0.178115423135717,0.085020476597884,0.2));
#4102=CARTESIAN_POINT('',(-0.171221864951768,0.080627009646302,0.2));
#4103=CARTESIAN_POINT('',(-0.162540192926045,0.0700160771704178,0.2));
#4104=CARTESIAN_POINT('',(-0.159485530546624,0.0632636655948551,0.2));
#4105=CARTESIAN_POINT('',(-0.157717041800643,0.0552250803858518,0.2));
#4106=CARTESIAN_POINT('',(-0.156585505888011,0.0500817353284316,0.2));
#4107=CARTESIAN_POINT('',(-0.156109324758842,0.0409163987138261,0.2));
#4108=CARTESIAN_POINT('',(-0.156109324758842,0.0277331189710608,0.2));
#4109=CARTESIAN_POINT('',(-0.156109324758842,0.0144962486602355,0.2));
#4110=CARTESIAN_POINT('',(-0.156109324758842,0.00125937834941027,0.2));
#4111=CARTESIAN_POINT('',(-0.156109324758842,-0.011977491961415,0.2));
#4112=CARTESIAN_POINT('',(-0.156109324758842,-0.0396302250803861,0.2));
#4113=CARTESIAN_POINT('',(-0.155466237942122,-0.0569935691318331,0.2));
#4114=CARTESIAN_POINT('',(-0.154340836012862,-0.064389067524116,0.2));
#4115=CARTESIAN_POINT('',(-0.153235706912812,-0.0716513444673001,0.2));
#4116=CARTESIAN_POINT('',(-0.15064308681672,-0.0786977491961417,0.2));
#4117=CARTESIAN_POINT('',(-0.147106109324759,-0.0852893890675244,0.2));
#4118=CARTESIAN_POINT('',(-0.0270096463022506,0.0571543408360126,0.2));
#4119=CARTESIAN_POINT('',(-0.0340836012861735,0.0611736334405142,0.2));
#4120=CARTESIAN_POINT('',(-0.0413183279742765,0.0632636655948551,0.2));
#4121=CARTESIAN_POINT('',(-0.0546623794212217,0.0632636655948551,0.2));
#4122=CARTESIAN_POINT('',(-0.060450160771704,0.0613344051446943,0.2));
#4123=CARTESIAN_POINT('',(-0.0654340836012861,0.0573151125401927,0.2));
#4124=CARTESIAN_POINT('',(-0.0704368611200091,0.0532806145412227,0.2));
#4125=CARTESIAN_POINT('',(-0.0741157556270094,0.0479903536977489,0.2));
#4126=CARTESIAN_POINT('',(-0.0763665594855304,0.0410771704180062,0.2));
#4127=CARTESIAN_POINT('',(-0.0797983474712852,0.0305366787474743,0.2));
#4128=CARTESIAN_POINT('',(-0.0813504823151124,0.0188906752411573,0.2));
#4129=CARTESIAN_POINT('',(-0.0813504823151124,0.00635048231511229,0.2));
#4130=CARTESIAN_POINT('',(-0.0813504823151124,-0.0241961414790999,0.2));
#4131=CARTESIAN_POINT('',(-0.0813504823151124,-0.0547427652733121,0.2));
#4132=CARTESIAN_POINT('',(-0.0813504823151124,-0.0852893890675244,0.2));
#4133=CARTESIAN_POINT('',(-0.0270096463022506,0.0571543408360126,0.2));
#4134=CARTESIAN_POINT('',(-0.0813504823151124,-0.0852893890675244,0.2));
#4135=CARTESIAN_POINT('',(-0.0813504823151124,-0.0852893890675244,0.2));
#4136=CARTESIAN_POINT('',(-0.0911575562700963,-0.0852893890675244,0.2));
#4137=CARTESIAN_POINT('',(-0.10096463022508,-0.0852893890675244,0.2));
#4138=CARTESIAN_POINT('',(-0.110771704180064,-0.0852893890675244,0.2));
#4139=CARTESIAN_POINT('',(-0.110771704180064,-0.0852893890675244,0.2));
#4140=CARTESIAN_POINT('',(-0.110771704180064,-0.0852893890675244,0.2));
#4141=CARTESIAN_POINT('',(-0.110771704180064,-0.026875669882101,0.2));
#4142=CARTESIAN_POINT('',(-0.110771704180064,0.0315380493033224,0.2));
#4143=CARTESIAN_POINT('',(-0.110771704180064,0.0899517684887457,0.2));
#4144=CARTESIAN_POINT('',(-0.110771704180064,0.0899517684887457,0.2));
#4145=CARTESIAN_POINT('',(-0.110771704180064,0.0899517684887457,0.2));
#4146=CARTESIAN_POINT('',(-0.101875669882101,0.0899517684887457,0.2));
#4147=CARTESIAN_POINT('',(-0.0929796355841371,0.0899517684887457,0.2));
#4148=CARTESIAN_POINT('',(-0.0840836012861736,0.0899517684887457,0.2));
#4149=CARTESIAN_POINT('',(-0.0840836012861736,0.0899517684887457,0.2));
#4150=CARTESIAN_POINT('',(-0.0840836012861736,0.0899517684887457,0.2));
#4151=CARTESIAN_POINT('',(-0.0840836012861736,0.0811093247588422,0.2));
#4152=CARTESIAN_POINT('',(-0.0840836012861736,0.0722668810289387,0.2));
#4153=CARTESIAN_POINT('',(-0.0840836012861736,0.0634244372990351,0.2));
#4154=CARTESIAN_POINT('',(-0.0840836012861736,0.0634244372990351,0.2));
#4155=CARTESIAN_POINT('',(-0.0840836012861736,0.0634244372990351,0.2));
#4156=CARTESIAN_POINT('',(-0.0773311897106109,0.0758038585209001,0.2));
#4157=CARTESIAN_POINT('',(-0.0712218649517684,0.0840032154340834,0.2));
#4158=CARTESIAN_POINT('',(-0.0655948553054662,0.0878617363344049,0.2));
#4159=CARTESIAN_POINT('',(-0.0597835071976805,0.0918466607511723,0.2));
#4160=CARTESIAN_POINT('',(-0.0535369774919614,0.0938102893890673,0.2));
#4161=CARTESIAN_POINT('',(-0.0368167202572346,0.0938102893890673,0.2));
#4162=CARTESIAN_POINT('',(-0.0268488745980705,0.090594855305466,0.2));
#4163=CARTESIAN_POINT('',(-0.0167202572347266,0.0843247588424435,0.2));
#4164=CARTESIAN_POINT('',(-0.0167202572347266,0.0843247588424435,0.2));
#4165=CARTESIAN_POINT('',(-0.0167202572347266,0.0843247588424435,0.2));
#4166=CARTESIAN_POINT('',(-0.0201500535905679,0.0752679528402999,0.2));
#4167=CARTESIAN_POINT('',(-0.0235798499464093,0.0662111468381562,0.2));
#4168=CARTESIAN_POINT('',(-0.0270096463022506,0.0571543408360126,0.2));
#4169=CARTESIAN_POINT('',(0.0313504823151126,-0.0159967845659167,0.2));
#4170=CARTESIAN_POINT('',(0.0313504823151126,-0.0852893890675244,0.2));
#4171=CARTESIAN_POINT('',(0.0313504823151126,-0.0159967845659167,0.2));
#4172=CARTESIAN_POINT('',(0.0313504823151126,-0.0852893890675244,0.2));
#4173=CARTESIAN_POINT('',(0.0313504823151126,-0.0852893890675244,0.2));
#4174=CARTESIAN_POINT('',(0.00176848874598081,-0.0852893890675244,0.2));
#4175=CARTESIAN_POINT('',(0.00176848874598081,-0.0852893890675244,0.2));
#4176=CARTESIAN_POINT('',(0.00176848874598081,-0.0852893890675244,0.2));
#4177=CARTESIAN_POINT('',(0.00176848874598081,0.156189710610932,0.2));
#4178=CARTESIAN_POINT('',(0.00176848874598081,0.156189710610932,0.2));
#4179=CARTESIAN_POINT('',(0.00176848874598081,0.156189710610932,0.2));
#4180=CARTESIAN_POINT('',(0.0313504823151126,0.156189710610932,0.2));
#4181=CARTESIAN_POINT('',(0.0313504823151126,0.156189710610932,0.2));
#4182=CARTESIAN_POINT('',(0.0313504823151126,0.156189710610932,0.2));
#4183=CARTESIAN_POINT('',(0.0313504823151126,0.0188906752411573,0.2));
#4184=CARTESIAN_POINT('',(0.0313504823151126,0.0188906752411573,0.2));
#4185=CARTESIAN_POINT('',(0.0313504823151126,0.0188906752411573,0.2));
#4186=CARTESIAN_POINT('',(0.101929260450161,0.0899517684887457,0.2));
#4187=CARTESIAN_POINT('',(0.101929260450161,0.0899517684887457,0.2));
#4188=CARTESIAN_POINT('',(0.101929260450161,0.0899517684887457,0.2));
#4189=CARTESIAN_POINT('',(0.140514469453376,0.0899517684887457,0.2));
#4190=CARTESIAN_POINT('',(0.140514469453376,0.0899517684887457,0.2));
#4191=CARTESIAN_POINT('',(0.140514469453376,0.0899517684887457,0.2));
#4192=CARTESIAN_POINT('',(0.0733118971061094,0.0246784565916396,0.2));
#4193=CARTESIAN_POINT('',(0.0733118971061094,0.0246784565916396,0.2));
#4194=CARTESIAN_POINT('',(0.0733118971061094,0.0246784565916396,0.2));
#4195=CARTESIAN_POINT('',(0.147266881028939,-0.0852893890675244,0.2));
#4196=CARTESIAN_POINT('',(0.147266881028939,-0.0852893890675244,0.2));
#4197=CARTESIAN_POINT('',(0.147266881028939,-0.0852893890675244,0.2));
#4198=CARTESIAN_POINT('',(0.110610932475884,-0.0852893890675244,0.2));
#4199=CARTESIAN_POINT('',(0.110610932475884,-0.0852893890675244,0.2));
#4200=CARTESIAN_POINT('',(0.110610932475884,-0.0852893890675244,0.2));
#4201=CARTESIAN_POINT('',(0.051929260450161,0.00393890675241132,0.2));
#4202=CARTESIAN_POINT('',(0.051929260450161,0.00393890675241132,0.2));
#4203=CARTESIAN_POINT('',(0.051929260450161,0.00393890675241132,0.2));
#4204=CARTESIAN_POINT('',(0.0313504823151126,-0.0159967845659167,0.2));
#4205=CARTESIAN_POINT('',(0.20064308681672,0.156189710610932,0.2));
#4206=CARTESIAN_POINT('',(0.20064308681672,0.122266881028939,0.2));
#4207=CARTESIAN_POINT('',(0.20064308681672,0.156189710610932,0.2));
#4208=CARTESIAN_POINT('',(0.20064308681672,0.122266881028939,0.2));
#4209=CARTESIAN_POINT('',(0.20064308681672,0.122266881028939,0.2));
#4210=CARTESIAN_POINT('',(0.171061093247589,0.122266881028939,0.2));
#4211=CARTESIAN_POINT('',(0.171061093247589,0.122266881028939,0.2));
#4212=CARTESIAN_POINT('',(0.171061093247589,0.122266881028939,0.2));
#4213=CARTESIAN_POINT('',(0.171061093247589,0.156189710610932,0.2));
#4214=CARTESIAN_POINT('',(0.171061093247589,0.156189710610932,0.2));
#4215=CARTESIAN_POINT('',(0.171061093247589,0.156189710610932,0.2));
#4216=CARTESIAN_POINT('',(0.20064308681672,0.156189710610932,0.2));
#4217=CARTESIAN_POINT('',(0.20064308681672,0.0899517684887457,0.2));
#4218=CARTESIAN_POINT('',(0.20064308681672,-0.0852893890675244,0.2));
#4219=CARTESIAN_POINT('',(0.20064308681672,0.0899517684887457,0.2));
#4220=CARTESIAN_POINT('',(0.20064308681672,-0.0852893890675244,0.2));
#4221=CARTESIAN_POINT('',(0.20064308681672,-0.0852893890675244,0.2));
#4222=CARTESIAN_POINT('',(0.171061093247589,-0.0852893890675244,0.2));
#4223=CARTESIAN_POINT('',(0.171061093247589,-0.0852893890675244,0.2));
#4224=CARTESIAN_POINT('',(0.171061093247589,-0.0852893890675244,0.2));
#4225=CARTESIAN_POINT('',(0.171061093247589,0.0899517684887457,0.2));
#4226=CARTESIAN_POINT('',(0.171061093247589,0.0899517684887457,0.2));
#4227=CARTESIAN_POINT('',(0.171061093247589,0.0899517684887457,0.2));
#4228=CARTESIAN_POINT('',(0.20064308681672,0.0899517684887457,0.2));
#4229=CARTESIAN_POINT('',(0.358199356913183,-0.0852893890675244,0.2));
#4230=CARTESIAN_POINT('',(0.358199356913183,-0.0497052518756701,0.2));
#4231=CARTESIAN_POINT('',(0.358199356913183,-0.0141211146838159,0.2));
#4232=CARTESIAN_POINT('',(0.358199356913183,0.0214630225080383,0.2));
#4233=CARTESIAN_POINT('',(0.358199356913183,0.0335209003215432,0.2));
#4234=CARTESIAN_POINT('',(0.357073954983923,0.0425241157556268,0.2));
#4235=CARTESIAN_POINT('',(0.354823151125402,0.0486334405144692,0.2));
#4236=CARTESIAN_POINT('',(0.352605285859933,0.0546533605207432,0.2));
#4237=CARTESIAN_POINT('',(0.3483922829582,0.0594051446945335,0.2));
#4238=CARTESIAN_POINT('',(0.336495176848875,0.0664790996784563,0.2));
#4239=CARTESIAN_POINT('',(0.329581993569132,0.0682475884244371,0.2));
#4240=CARTESIAN_POINT('',(0.321543408360129,0.0684083601286171,0.2));
#4241=CARTESIAN_POINT('',(0.308850736232838,0.0686622135711629,0.2));
#4242=CARTESIAN_POINT('',(0.297909967845659,0.0642282958199354,0.2));
#4243=CARTESIAN_POINT('',(0.279581993569132,0.048151125401929,0.2));
#4244=CARTESIAN_POINT('',(0.27491961414791,0.0328778135048229,0.2));
#4245=CARTESIAN_POINT('',(0.27491961414791,0.010530546623794,0.2));
#4246=CARTESIAN_POINT('',(0.27491961414791,-0.0214094319399788,0.2));
#4247=CARTESIAN_POINT('',(0.27491961414791,-0.0533494105037516,0.2));
#4248=CARTESIAN_POINT('',(0.27491961414791,-0.0852893890675244,0.2));
#4249=CARTESIAN_POINT('',(0.358199356913183,-0.0852893890675244,0.2));
#4250=CARTESIAN_POINT('',(0.27491961414791,-0.0852893890675244,0.2));
#4251=CARTESIAN_POINT('',(0.27491961414791,-0.0852893890675244,0.2));
#4252=CARTESIAN_POINT('',(0.265058949624866,-0.0852893890675244,0.2));
#4253=CARTESIAN_POINT('',(0.255198285101822,-0.0852893890675244,0.2));
#4254=CARTESIAN_POINT('',(0.245337620578778,-0.0852893890675244,0.2));
#4255=CARTESIAN_POINT('',(0.245337620578778,-0.0852893890675244,0.2));
#4256=CARTESIAN_POINT('',(0.245337620578778,-0.0852893890675244,0.2));
#4257=CARTESIAN_POINT('',(0.245337620578778,-0.026875669882101,0.2));
#4258=CARTESIAN_POINT('',(0.245337620578779,0.0315380493033224,0.2));
#4259=CARTESIAN_POINT('',(0.245337620578778,0.0899517684887457,0.2));
#4260=CARTESIAN_POINT('',(0.245337620578778,0.0899517684887457,0.2));
#4261=CARTESIAN_POINT('',(0.245337620578778,0.0899517684887457,0.2));
#4262=CARTESIAN_POINT('',(0.254233654876742,0.0899517684887457,0.2));
#4263=CARTESIAN_POINT('',(0.263129689174705,0.0899517684887457,0.2));
#4264=CARTESIAN_POINT('',(0.272025723472669,0.0899517684887457,0.2));
#4265=CARTESIAN_POINT('',(0.272025723472669,0.0899517684887457,0.2));
#4266=CARTESIAN_POINT('',(0.272025723472669,0.0899517684887457,0.2));
#4267=CARTESIAN_POINT('',(0.272025723472669,0.0816452304394424,0.2));
#4268=CARTESIAN_POINT('',(0.272025723472669,0.0733386923901391,0.2));
#4269=CARTESIAN_POINT('',(0.272025723472669,0.0650321543408358,0.2));
#4270=CARTESIAN_POINT('',(0.272025723472669,0.0650321543408358,0.2));
#4271=CARTESIAN_POINT('',(0.272025723472669,0.0650321543408358,0.2));
#4272=CARTESIAN_POINT('',(0.284887459807074,0.0841639871382634,0.2));
#4273=CARTESIAN_POINT('',(0.303536977491962,0.0938102893890673,0.2));
#4274=CARTESIAN_POINT('',(0.338424437299035,0.0938102893890673,0.2));
#4275=CARTESIAN_POINT('',(0.34807073954984,0.0918810289389065,0.2));
#4276=CARTESIAN_POINT('',(0.356913183279743,0.0881832797427651,0.2));
#4277=CARTESIAN_POINT('',(0.365812851603284,0.0844616002620114,0.2));
#4278=CARTESIAN_POINT('',(0.372508038585209,0.0793408360128615,0.2));
#4279=CARTESIAN_POINT('',(0.376848874598071,0.073231511254019,0.2));
#4280=CARTESIAN_POINT('',(0.38126562030651,0.0670153506273276,0.2));
#4281=CARTESIAN_POINT('',(0.384405144694534,0.0597266881028936,0.2));
#4282=CARTESIAN_POINT('',(0.386012861736334,0.0512057877813502,0.2));
#4283=CARTESIAN_POINT('',(0.387047459983928,0.0457224170691022,0.2));
#4284=CARTESIAN_POINT('',(0.387781350482315,0.0360932475884242,0.2));
#4285=CARTESIAN_POINT('',(0.387781350482315,0.0224276527331187,0.2));
#4286=CARTESIAN_POINT('',(0.387781350482315,-0.0134780278670957,0.2));
#4287=CARTESIAN_POINT('',(0.387781350482315,-0.04938370846731,0.2));
#4288=CARTESIAN_POINT('',(0.387781350482315,-0.0852893890675244,0.2));
#4289=CARTESIAN_POINT('',(0.387781350482315,-0.0852893890675244,0.2));
#4290=CARTESIAN_POINT('',(0.387781350482315,-0.0852893890675244,0.2));
#4291=CARTESIAN_POINT('',(0.377920685959271,-0.0852893890675244,0.2));
#4292=CARTESIAN_POINT('',(0.368060021436227,-0.0852893890675244,0.2));
#4293=CARTESIAN_POINT('',(0.358199356913183,-0.0852893890675244,0.2));
#4294=CARTESIAN_POINT('',(0.54967845659164,0.0899517684887457,0.2));
#4295=CARTESIAN_POINT('',(0.558574490889604,0.0899517684887457,0.2));
#4296=CARTESIAN_POINT('',(0.567470525187567,0.0899517684887457,0.2));
#4297=CARTESIAN_POINT('',(0.576366559485531,0.0899517684887457,0.2));
#4298=CARTESIAN_POINT('',(0.54967845659164,0.0899517684887457,0.2));
#4299=CARTESIAN_POINT('',(0.576366559485531,0.0899517684887457,0.2));
#4300=CARTESIAN_POINT('',(0.576366559485531,0.0899517684887457,0.2));
#4301=CARTESIAN_POINT('',(0.576366559485531,0.0394694533762055,0.2));
#4302=CARTESIAN_POINT('',(0.576366559485531,-0.0110128617363347,0.2));
#4303=CARTESIAN_POINT('',(0.576366559485531,-0.0614951768488749,0.2));
#4304=CARTESIAN_POINT('',(0.576366559485531,-0.0886655948553057,0.2));
#4305=CARTESIAN_POINT('',(0.57363344051447,-0.107958199356913,0.2));
#4306=CARTESIAN_POINT('',(0.568006430868167,-0.119372990353698,0.2));
#4307=CARTESIAN_POINT('',(0.562410852013059,-0.130724021745489,0.2));
#4308=CARTESIAN_POINT('',(0.553697749196142,-0.139790996784566,0.2));
#4309=CARTESIAN_POINT('',(0.529581993569132,-0.152974276527331,0.2));
#4310=CARTESIAN_POINT('',(0.514790996784566,-0.156189710610933,0.2));
#4311=CARTESIAN_POINT('',(0.476205787781351,-0.156189710610933,0.2));
#4312=CARTESIAN_POINT('',(0.459324758842444,-0.151527331189711,0.2));
#4313=CARTESIAN_POINT('',(0.446463022508039,-0.142202572347267,0.2));
#4314=CARTESIAN_POINT('',(0.433524885036047,-0.132822422680073,0.2));
#4315=CARTESIAN_POINT('',(0.427331189710611,-0.118569131832798,0.2));
#4316=CARTESIAN_POINT('',(0.427813504823151,-0.0995980707395501,0.2));
#4317=CARTESIAN_POINT('',(0.427813504823151,-0.0995980707395501,0.2));
#4318=CARTESIAN_POINT('',(0.427813504823151,-0.0995980707395501,0.2));
#4319=CARTESIAN_POINT('',(0.437459807073955,-0.100884244372991,0.2));
#4320=CARTESIAN_POINT('',(0.447106109324759,-0.102170418006431,0.2));
#4321=CARTESIAN_POINT('',(0.456752411575563,-0.103456591639872,0.2));
#4322=CARTESIAN_POINT('',(0.456752411575563,-0.103456591639872,0.2));
#4323=CARTESIAN_POINT('',(0.456752411575563,-0.103456591639872,0.2));
#4324=CARTESIAN_POINT('',(0.457877813504823,-0.112620578778135,0.2));
#4325=CARTESIAN_POINT('',(0.461254019292605,-0.119212218649518,0.2));
#4326=CARTESIAN_POINT('',(0.466881028938907,-0.1233922829582,0.2));
#4327=CARTESIAN_POINT('',(0.474340294750944,-0.128933451847141,0.2));
#4328=CARTESIAN_POINT('',(0.484405144694534,-0.131913183279743,0.2));
#4329=CARTESIAN_POINT('',(0.511254019292605,-0.131913183279743,0.2));
#4330=CARTESIAN_POINT('',(0.521864951768489,-0.129180064308682,0.2));
#4331=CARTESIAN_POINT('',(0.536977491961415,-0.118247588424438,0.2));
#4332=CARTESIAN_POINT('',(0.542122186495177,-0.110530546623794,0.2));
#4333=CARTESIAN_POINT('',(0.544694533762058,-0.10056270096463,0.2));
#4334=CARTESIAN_POINT('',(0.546234177711552,-0.0945965806603406,0.2));
#4335=CARTESIAN_POINT('',(0.546945337620579,-0.081913183279743,0.2));
#4336=CARTESIAN_POINT('',(0.546945337620579,-0.0626205787781353,0.2));
#4337=CARTESIAN_POINT('',(0.546945337620579,-0.0626205787781353,0.2));
#4338=CARTESIAN_POINT('',(0.546945337620579,-0.0626205787781353,0.2));
#4339=CARTESIAN_POINT('',(0.533762057877814,-0.0778938906752414,0.2));
#4340=CARTESIAN_POINT('',(0.517524115755627,-0.0852893890675244,0.2));
#4341=CARTESIAN_POINT('',(0.47395498392283,-0.0852893890675244,0.2));
#4342=CARTESIAN_POINT('',(0.455305466237942,-0.076768488745981,0.2));
#4343=CARTESIAN_POINT('',(0.441961414790997,-0.059244372990354,0.2));
#4344=CARTESIAN_POINT('',(0.428753860833546,-0.0418995129739427,0.2));
#4345=CARTESIAN_POINT('',(0.422186495176849,-0.0211414790996787,0.2));
#4346=CARTESIAN_POINT('',(0.422186495176849,0.0198553054662377,0.2));
#4347=CARTESIAN_POINT('',(0.42508038585209,0.0352893890675239,0.2));
#4348=CARTESIAN_POINT('',(0.431189710610933,0.0495980707395496,0.2));
#4349=CARTESIAN_POINT('',(0.437182915796142,0.0636347881470136,0.2));
#4350=CARTESIAN_POINT('',(0.446141479099678,0.0745176848874596,0.2));
#4351=CARTESIAN_POINT('',(0.469292604501608,0.0899517684887457,0.2));
#4352=CARTESIAN_POINT('',(0.482797427652733,0.0938102893890673,0.2));
#4353=CARTESIAN_POINT('',(0.519131832797428,0.0938102893890673,0.2));
#4354=CARTESIAN_POINT('',(0.536173633440514,0.0852893890675239,0.2));
#4355=CARTESIAN_POINT('',(0.54967845659164,0.0684083601286171,0.2));
#4356=CARTESIAN_POINT('',(0.54967845659164,0.0684083601286171,0.2));
#4357=CARTESIAN_POINT('',(0.54967845659164,0.0684083601286171,0.2));
#4358=CARTESIAN_POINT('',(0.54967845659164,0.07558949624866,0.2));
#4359=CARTESIAN_POINT('',(0.54967845659164,0.0827706323687029,0.2));
#4360=CARTESIAN_POINT('',(0.54967845659164,0.0899517684887457,0.2));
#4361=CARTESIAN_POINT('',(-0.8,0.5,0.15));
#4362=CARTESIAN_POINT('',(-0.8,0.5,0.15));
#4363=CARTESIAN_POINT('',(-0.79,0.390455488498966,0.15));
#4364=CARTESIAN_POINT('',(-0.690455488498967,0.49,0.15));
#4365=CARTESIAN_POINT('',(-0.79,-0.390455488498967,0.15));
#4366=CARTESIAN_POINT('',(-0.79,-0.390455488498967,0.15));
#4367=CARTESIAN_POINT('',(-0.8,-0.5,0.15));
#4368=CARTESIAN_POINT('',(-0.690455488498967,-0.49,0.15));
#4369=CARTESIAN_POINT('',(0.690455488498967,-0.49,0.15));
#4370=CARTESIAN_POINT('',(0.690455488498967,-0.49,0.15));
#4371=CARTESIAN_POINT('',(0.8,-0.5,0.15));
#4372=CARTESIAN_POINT('',(0.79,-0.390455488498967,0.15));
#4373=CARTESIAN_POINT('',(0.79,0.390455488498967,0.15));
#4374=CARTESIAN_POINT('',(0.79,0.390455488498967,0.15));
#4375=CARTESIAN_POINT('',(0.8,0.5,0.15));
#4376=CARTESIAN_POINT('',(0.690455488498967,0.49,0.15));
#4377=CARTESIAN_POINT('',(-0.690455488498967,0.49,0.15));
#4378=CARTESIAN_POINT('',(-0.55,-0.45,0.15));
#4379=CARTESIAN_POINT('',(-0.55,-0.45,0.15));
#4380=CARTESIAN_POINT('',(0.549999999999999,-0.45,0.15));
#4381=CARTESIAN_POINT('',(-0.55,-0.25,0.15));
#4382=CARTESIAN_POINT('',(-0.75,-0.25,0.15));
#4383=CARTESIAN_POINT('',(-0.75,0.25,0.15));
#4384=CARTESIAN_POINT('',(-0.75,0.25,0.15));
#4385=CARTESIAN_POINT('',(-0.55,0.25,0.15));
#4386=CARTESIAN_POINT('',(-0.55,0.45,0.15));
#4387=CARTESIAN_POINT('',(0.549999999999999,0.45,0.15));
#4388=CARTESIAN_POINT('',(0.549999999999999,0.45,0.15));
#4389=CARTESIAN_POINT('',(0.549999999999999,0.25,0.15));
#4390=CARTESIAN_POINT('',(0.749999999999999,0.25,0.15));
#4391=CARTESIAN_POINT('',(0.749999999999999,-0.25,0.15));
#4392=CARTESIAN_POINT('',(0.75,-0.25,0.15));
#4393=CARTESIAN_POINT('',(0.55,-0.25,0.15));
#4394=CARTESIAN_POINT('',(-0.8,0.5,0.15));
#4395=CARTESIAN_POINT('',(-0.8,0.5,0.));
#4396=CARTESIAN_POINT('',(-0.79,0.390455488498966,0.));
#4397=CARTESIAN_POINT('',(-0.690455488498967,0.49,0.));
#4398=CARTESIAN_POINT('',(-0.79,0.390455488498966,0.15));
#4399=CARTESIAN_POINT('',(-0.690455488498967,0.49,0.15));
#4400=CARTESIAN_POINT('',(-0.690455488498967,0.49,0.15));
#4401=CARTESIAN_POINT('',(-0.690455488498967,0.49,0.));
#4402=CARTESIAN_POINT('',(0.690455488498967,0.49,0.));
#4403=CARTESIAN_POINT('',(0.690455488498967,0.49,0.15));
#4404=CARTESIAN_POINT('',(0.8,0.5,0.15));
#4405=CARTESIAN_POINT('',(0.8,0.5,0.));
#4406=CARTESIAN_POINT('',(0.79,0.390455488498967,0.));
#4407=CARTESIAN_POINT('',(0.79,0.390455488498967,0.15));
#4408=CARTESIAN_POINT('',(0.79,0.390455488498967,0.15));
#4409=CARTESIAN_POINT('',(0.79,0.390455488498967,0.));
#4410=CARTESIAN_POINT('',(0.79,-0.390455488498967,0.));
#4411=CARTESIAN_POINT('',(0.79,-0.390455488498967,0.15));
#4412=CARTESIAN_POINT('',(0.8,-0.5,0.15));
#4413=CARTESIAN_POINT('',(0.8,-0.5,0.));
#4414=CARTESIAN_POINT('',(0.690455488498967,-0.49,0.));
#4415=CARTESIAN_POINT('',(0.690455488498967,-0.49,0.15));
#4416=CARTESIAN_POINT('',(0.690455488498967,-0.49,0.15));
#4417=CARTESIAN_POINT('',(0.690455488498967,-0.49,0.));
#4418=CARTESIAN_POINT('',(-0.690455488498967,-0.49,0.));
#4419=CARTESIAN_POINT('',(-0.690455488498967,-0.49,0.15));
#4420=CARTESIAN_POINT('',(-0.8,-0.5,0.15));
#4421=CARTESIAN_POINT('',(-0.8,-0.5,0.));
#4422=CARTESIAN_POINT('',(-0.79,-0.390455488498967,0.));
#4423=CARTESIAN_POINT('',(-0.79,-0.390455488498967,0.15));
#4424=CARTESIAN_POINT('',(-0.79,-0.390455488498967,0.15));
#4425=CARTESIAN_POINT('',(-0.79,-0.390455488498967,0.));
#4426=CARTESIAN_POINT('',(-0.8,0.5,0.));
#4427=CARTESIAN_POINT('',(-0.55,-0.25,0.2));
#4428=CARTESIAN_POINT('',(-0.55,-0.45,0.2));
#4429=CARTESIAN_POINT('',(-0.75,-0.25,0.2));
#4430=CARTESIAN_POINT('',(-0.55,-0.45,0.2));
#4431=CARTESIAN_POINT('',(0.549999999999999,-0.45,0.2));
#4432=CARTESIAN_POINT('',(0.55,-0.25,0.2));
#4433=CARTESIAN_POINT('',(0.75,-0.25,0.2));
#4434=CARTESIAN_POINT('',(0.749999999999999,-0.25,0.2));
#4435=CARTESIAN_POINT('',(0.749999999999999,0.25,0.2));
#4436=CARTESIAN_POINT('',(0.549999999999999,0.25,0.2));
#4437=CARTESIAN_POINT('',(0.549999999999999,0.45,0.2));
#4438=CARTESIAN_POINT('',(0.549999999999999,0.45,0.2));
#4439=CARTESIAN_POINT('',(-0.55,0.45,0.2));
#4440=CARTESIAN_POINT('',(-0.55,0.25,0.2));
#4441=CARTESIAN_POINT('',(-0.75,0.25,0.2));
#4442=CARTESIAN_POINT('',(-0.75,0.25,0.2));
#4443=CARTESIAN_POINT('',(-0.545819935691318,-0.0852893890675244,0.19));
#4444=CARTESIAN_POINT('',(-0.545819935691318,-0.0852893890675244,0.19));
#4445=CARTESIAN_POINT('',(-0.545819935691318,-0.0852893890675244,0.19));
#4446=CARTESIAN_POINT('',(-0.545819935691318,-0.0852893890675244,0.19));
#4447=CARTESIAN_POINT('',(-0.556002143622722,-0.0852893890675244,0.19));
#4448=CARTESIAN_POINT('',(-0.566184351554126,-0.0852893890675244,0.19));
#4449=CARTESIAN_POINT('',(-0.57636655948553,-0.0852893890675244,0.19));
#4450=CARTESIAN_POINT('',(-0.57636655948553,-0.0852893890675244,0.19));
#4451=CARTESIAN_POINT('',(-0.57636655948553,-0.0852893890675244,0.19));
#4452=CARTESIAN_POINT('',(-0.57636655948553,-0.0852893890675244,0.19));
#4453=CARTESIAN_POINT('',(-0.57636655948553,-0.0852893890675244,0.19));
#4454=CARTESIAN_POINT('',(-0.57636655948553,-0.00479635584137216,0.19));
#4455=CARTESIAN_POINT('',(-0.57636655948553,0.07569667738478,0.19));
#4456=CARTESIAN_POINT('',(-0.57636655948553,0.156189710610932,0.19));
#4457=CARTESIAN_POINT('',(-0.57636655948553,0.156189710610932,0.19));
#4458=CARTESIAN_POINT('',(-0.57636655948553,0.156189710610932,0.19));
#4459=CARTESIAN_POINT('',(-0.57636655948553,0.156189710610932,0.19));
#4460=CARTESIAN_POINT('',(-0.57636655948553,0.156189710610932,0.19));
#4461=CARTESIAN_POINT('',(-0.560503751339764,0.156189710610932,0.19));
#4462=CARTESIAN_POINT('',(-0.544640943193998,0.156189710610932,0.19));
#4463=CARTESIAN_POINT('',(-0.528778135048231,0.156189710610932,0.19));
#4464=CARTESIAN_POINT('',(-0.528778135048231,0.156189710610932,0.19));
#4465=CARTESIAN_POINT('',(-0.528778135048231,0.156189710610932,0.19));
#4466=CARTESIAN_POINT('',(-0.528778135048231,0.156189710610932,0.19));
#4467=CARTESIAN_POINT('',(-0.528778135048231,0.156189710610932,0.2));
#4468=CARTESIAN_POINT('',(-0.517213107962365,0.121753789624166,0.19));
#4469=CARTESIAN_POINT('',(-0.517213107962365,0.121753789624166,0.2));
#4470=CARTESIAN_POINT('',(-0.496168223665267,0.0587748939775705,0.19));
#4471=CARTESIAN_POINT('',(-0.496168223665267,0.0587748939775705,0.2));
#4472=CARTESIAN_POINT('',(-0.466782659869634,-0.027775786976775,0.19));
#4473=CARTESIAN_POINT('',(-0.466782659869634,-0.027775786976775,0.2));
#4474=CARTESIAN_POINT('',(-0.459807073954984,-0.0505627009646305,0.19));
#4475=CARTESIAN_POINT('',(-0.459807073954984,-0.0505627009646305,0.2));
#4476=CARTESIAN_POINT('',(-0.528778135048231,0.156189710610932,0.19));
#4477=CARTESIAN_POINT('',(-0.509646302250804,0.0992229367631295,0.19));
#4478=CARTESIAN_POINT('',(-0.490514469453376,0.0422561629153267,0.19));
#4479=CARTESIAN_POINT('',(-0.471382636655948,-0.0147106109324761,0.19));
#4480=CARTESIAN_POINT('',(-0.465992768015879,-0.0307594354825997,0.19));
#4481=CARTESIAN_POINT('',(-0.462218649517685,-0.0426848874598073,0.19));
#4482=CARTESIAN_POINT('',(-0.459807073954984,-0.0505627009646305,0.19));
#4483=CARTESIAN_POINT('',(-0.459807073954984,-0.0505627009646305,0.19));
#4484=CARTESIAN_POINT('',(-0.459807073954984,-0.0505627009646305,0.19));
#4485=CARTESIAN_POINT('',(-0.459807073954984,-0.0505627009646305,0.19));
#4486=CARTESIAN_POINT('',(-0.459807073954984,-0.0505627009646305,0.2));
#4487=CARTESIAN_POINT('',(-0.452487225869783,-0.0268808395125104,0.19));
#4488=CARTESIAN_POINT('',(-0.452487225869783,-0.0268808395125104,0.2));
#4489=CARTESIAN_POINT('',(-0.422750760556048,0.0584828875195272,0.19));
#4490=CARTESIAN_POINT('',(-0.422750760556048,0.0584828875195272,0.2));
#4491=CARTESIAN_POINT('',(-0.40054462909403,0.121761077016163,0.19));
#4492=CARTESIAN_POINT('',(-0.40054462909403,0.121761077016163,0.2));
#4493=CARTESIAN_POINT('',(-0.388585209003215,0.156189710610932,0.19));
#4494=CARTESIAN_POINT('',(-0.388585209003215,0.156189710610932,0.2));
#4495=CARTESIAN_POINT('',(-0.459807073954984,-0.0505627009646305,0.19));
#4496=CARTESIAN_POINT('',(-0.457073954983923,-0.0417202572347269,0.19));
#4497=CARTESIAN_POINT('',(-0.452733118971061,-0.0288585209003218,0.19));
#4498=CARTESIAN_POINT('',(-0.446945337620579,-0.011816720257235,0.19));
#4499=CARTESIAN_POINT('',(-0.427880882176355,0.0443175096618678,0.19));
#4500=CARTESIAN_POINT('',(-0.408038585209003,0.10018756698821,0.19));
#4501=CARTESIAN_POINT('',(-0.388585209003215,0.156189710610932,0.19));
#4502=CARTESIAN_POINT('',(-0.388585209003215,0.156189710610932,0.19));
#4503=CARTESIAN_POINT('',(-0.388585209003215,0.156189710610932,0.19));
#4504=CARTESIAN_POINT('',(-0.388585209003215,0.156189710610932,0.19));
#4505=CARTESIAN_POINT('',(-0.388585209003215,0.156189710610932,0.19));
#4506=CARTESIAN_POINT('',(-0.37443729903537,0.156189710610932,0.19));
#4507=CARTESIAN_POINT('',(-0.360289389067524,0.156189710610932,0.19));
#4508=CARTESIAN_POINT('',(-0.346141479099678,0.156189710610932,0.19));
#4509=CARTESIAN_POINT('',(-0.346141479099678,0.156189710610932,0.19));
#4510=CARTESIAN_POINT('',(-0.346141479099678,0.156189710610932,0.19));
#4511=CARTESIAN_POINT('',(-0.346141479099678,0.156189710610932,0.19));
#4512=CARTESIAN_POINT('',(-0.346141479099678,0.156189710610932,0.19));
#4513=CARTESIAN_POINT('',(-0.346141479099678,0.07569667738478,0.19));
#4514=CARTESIAN_POINT('',(-0.346141479099678,-0.00479635584137216,0.19));
#4515=CARTESIAN_POINT('',(-0.346141479099678,-0.0852893890675244,0.19));
#4516=CARTESIAN_POINT('',(-0.346141479099678,-0.0852893890675244,0.19));
#4517=CARTESIAN_POINT('',(-0.346141479099678,-0.0852893890675244,0.19));
#4518=CARTESIAN_POINT('',(-0.346141479099678,-0.0852893890675244,0.19));
#4519=CARTESIAN_POINT('',(-0.346141479099678,-0.0852893890675244,0.19));
#4520=CARTESIAN_POINT('',(-0.356377277599142,-0.0852893890675244,0.19));
#4521=CARTESIAN_POINT('',(-0.366613076098606,-0.0852893890675244,0.19));
#4522=CARTESIAN_POINT('',(-0.376848874598071,-0.0852893890675244,0.19));
#4523=CARTESIAN_POINT('',(-0.376848874598071,-0.0852893890675244,0.19));
#4524=CARTESIAN_POINT('',(-0.376848874598071,-0.0852893890675244,0.19));
#4525=CARTESIAN_POINT('',(-0.376848874598071,-0.0852893890675244,0.19));
#4526=CARTESIAN_POINT('',(-0.376848874598071,-0.0852893890675244,0.19));
#4527=CARTESIAN_POINT('',(-0.376848874598071,-0.0178188638799574,0.19));
#4528=CARTESIAN_POINT('',(-0.376848874598071,0.0496516613076096,0.19));
#4529=CARTESIAN_POINT('',(-0.376848874598071,0.117122186495177,0.19));
#4530=CARTESIAN_POINT('',(-0.376848874598071,0.117122186495177,0.19));
#4531=CARTESIAN_POINT('',(-0.376848874598071,0.117122186495177,0.19));
#4532=CARTESIAN_POINT('',(-0.376848874598071,0.117122186495177,0.19));
#4533=CARTESIAN_POINT('',(-0.376848874598071,0.117122186495177,0.19));
#4534=CARTESIAN_POINT('',(-0.40048231511254,0.0496516613076096,0.19));
#4535=CARTESIAN_POINT('',(-0.424115755627009,-0.0178188638799574,0.19));
#4536=CARTESIAN_POINT('',(-0.447749196141479,-0.0852893890675244,0.19));
#4537=CARTESIAN_POINT('',(-0.447749196141479,-0.0852893890675244,0.19));
#4538=CARTESIAN_POINT('',(-0.447749196141479,-0.0852893890675244,0.19));
#4539=CARTESIAN_POINT('',(-0.447749196141479,-0.0852893890675244,0.19));
#4540=CARTESIAN_POINT('',(-0.447749196141479,-0.0852893890675244,0.19));
#4541=CARTESIAN_POINT('',(-0.457181136120043,-0.0852893890675244,0.19));
#4542=CARTESIAN_POINT('',(-0.466613076098607,-0.0852893890675244,0.19));
#4543=CARTESIAN_POINT('',(-0.47604501607717,-0.0852893890675244,0.19));
#4544=CARTESIAN_POINT('',(-0.47604501607717,-0.0852893890675244,0.19));
#4545=CARTESIAN_POINT('',(-0.47604501607717,-0.0852893890675244,0.19));
#4546=CARTESIAN_POINT('',(-0.47604501607717,-0.0852893890675244,0.19));
#4547=CARTESIAN_POINT('',(-0.47604501607717,-0.0852893890675244,0.19));
#4548=CARTESIAN_POINT('',(-0.49930332261522,-0.0166934619506969,0.19));
#4549=CARTESIAN_POINT('',(-0.522561629153269,0.0519024651661305,0.19));
#4550=CARTESIAN_POINT('',(-0.545819935691318,0.120498392282958,0.19));
#4551=CARTESIAN_POINT('',(-0.545819935691318,0.120498392282958,0.19));
#4552=CARTESIAN_POINT('',(-0.545819935691318,0.120498392282958,0.19));
#4553=CARTESIAN_POINT('',(-0.545819935691318,0.120498392282958,0.19));
#4554=CARTESIAN_POINT('',(-0.545819935691318,0.120498392282958,0.19));
#4555=CARTESIAN_POINT('',(-0.545819935691318,0.0519024651661305,0.19));
#4556=CARTESIAN_POINT('',(-0.545819935691318,-0.0166934619506969,0.19));
#4557=CARTESIAN_POINT('',(-0.545819935691318,-0.0852893890675244,0.19));
#4558=CARTESIAN_POINT('',(-0.494083053790633,0.052881947650633,0.19));
#4559=CARTESIAN_POINT('',(-0.177652733118971,-0.0852893890675244,0.19));
#4560=CARTESIAN_POINT('',(-0.177652733118971,-0.0852893890675244,0.2));
#4561=CARTESIAN_POINT('',(-0.180868167202572,-0.0791800643086819,0.19));
#4562=CARTESIAN_POINT('',(-0.180868167202572,-0.0791800643086819,0.2));
#4563=CARTESIAN_POINT('',(-0.182958199356913,-0.071784565916399,0.19));
#4564=CARTESIAN_POINT('',(-0.182958199356913,-0.071784565916399,0.2));
#4565=CARTESIAN_POINT('',(-0.183922829581993,-0.0632636655948556,0.19));
#4566=CARTESIAN_POINT('',(-0.183922829581993,-0.0632636655948556,0.2));
#4567=CARTESIAN_POINT('',(-0.177652733118971,-0.0852893890675244,0.19));
#4568=CARTESIAN_POINT('',(-0.177652733118971,-0.0852893890675244,0.19));
#4569=CARTESIAN_POINT('',(-0.177652733118971,-0.0852893890675244,0.19));
#4570=CARTESIAN_POINT('',(-0.180868167202572,-0.0791800643086819,0.19));
#4571=CARTESIAN_POINT('',(-0.182958199356913,-0.071784565916399,0.19));
#4572=CARTESIAN_POINT('',(-0.183922829581993,-0.0632636655948556,0.19));
#4573=CARTESIAN_POINT('',(-0.183922829581993,-0.0632636655948556,0.19));
#4574=CARTESIAN_POINT('',(-0.183922829581993,-0.0632636655948556,0.19));
#4575=CARTESIAN_POINT('',(-0.183922829581993,-0.0632636655948556,0.19));
#4576=CARTESIAN_POINT('',(-0.183922829581993,-0.0632636655948556,0.2));
#4577=CARTESIAN_POINT('',(-0.205958440134277,-0.0829621659370479,0.19));
#4578=CARTESIAN_POINT('',(-0.205958440134277,-0.0829621659370479,0.2));
#4579=CARTESIAN_POINT('',(-0.261038524503135,-0.1037480848729,0.19));
#4580=CARTESIAN_POINT('',(-0.261038524503135,-0.1037480848729,0.2));
#4581=CARTESIAN_POINT('',(-0.329122345076565,-0.0452332292575789,0.19));
#4582=CARTESIAN_POINT('',(-0.329122345076565,-0.0452332292575789,0.2));
#4583=CARTESIAN_POINT('',(-0.270769731401743,0.0244498596351931,0.19));
#4584=CARTESIAN_POINT('',(-0.270769731401743,0.0244498596351931,0.2));
#4585=CARTESIAN_POINT('',(-0.202051169575395,0.0200184729697426,0.19));
#4586=CARTESIAN_POINT('',(-0.202051169575395,0.0200184729697426,0.2));
#4587=CARTESIAN_POINT('',(-0.185852090032154,0.0258038585209001,0.19));
#4588=CARTESIAN_POINT('',(-0.185852090032154,0.0258038585209001,0.2));
#4589=CARTESIAN_POINT('',(-0.183922829581993,-0.0632636655948556,0.19));
#4590=CARTESIAN_POINT('',(-0.194533762057878,-0.0727491961414793,0.19));
#4591=CARTESIAN_POINT('',(-0.204983922829582,-0.0795016077170421,0.19));
#4592=CARTESIAN_POINT('',(-0.215273311897106,-0.0835209003215437,0.19));
#4593=CARTESIAN_POINT('',(-0.225368726038341,-0.0874644214704637,0.19));
#4594=CARTESIAN_POINT('',(-0.236334405144694,-0.089308681672026,0.19));
#4595=CARTESIAN_POINT('',(-0.267363344051447,-0.089308681672026,0.19));
#4596=CARTESIAN_POINT('',(-0.282154340836013,-0.0846463022508041,0.19));
#4597=CARTESIAN_POINT('',(-0.292604501607717,-0.0751607717041803,0.19));
#4598=CARTESIAN_POINT('',(-0.302886505107725,-0.0658278762195577,0.19));
#4599=CARTESIAN_POINT('',(-0.308199356913183,-0.0539389067524118,0.19));
#4600=CARTESIAN_POINT('',(-0.308199356913183,-0.0306270096463025,0.19));
#4601=CARTESIAN_POINT('',(-0.306109324758842,-0.0227491961414794,0.19));
#4602=CARTESIAN_POINT('',(-0.298392282958199,-0.00860128617363368,0.19));
#4603=CARTESIAN_POINT('',(-0.293247588424437,-0.00297427652733143,0.19));
#4604=CARTESIAN_POINT('',(-0.286816720257235,0.00136655948553029,0.19));
#4605=CARTESIAN_POINT('',(-0.28057085344993,0.00558251958046084,0.19));
#4606=CARTESIAN_POINT('',(-0.273311897106109,0.00892282958199332,0.19));
#4607=CARTESIAN_POINT('',(-0.265434083601286,0.0111736334405142,0.19));
#4608=CARTESIAN_POINT('',(-0.259700903961657,0.0128116847661224,0.19));
#4609=CARTESIAN_POINT('',(-0.2508038585209,0.0140675241157554,0.19));
#4610=CARTESIAN_POINT('',(-0.238906752411575,0.015514469453376,0.19));
#4611=CARTESIAN_POINT('',(-0.214954111930898,0.0184276284307557,0.19));
#4612=CARTESIAN_POINT('',(-0.197106109324759,0.0217845659163985,0.19));
#4613=CARTESIAN_POINT('',(-0.185852090032154,0.0258038585209001,0.19));
#4614=CARTESIAN_POINT('',(-0.185852090032154,0.0258038585209001,0.19));
#4615=CARTESIAN_POINT('',(-0.185852090032154,0.0258038585209001,0.19));
#4616=CARTESIAN_POINT('',(-0.185852090032154,0.0258038585209001,0.19));
#4617=CARTESIAN_POINT('',(-0.185852090032154,0.0258038585209001,0.2));
#4618=CARTESIAN_POINT('',(-0.184964259822911,0.0479996137519879,0.19));
#4619=CARTESIAN_POINT('',(-0.184964259822911,0.0479996137519879,0.2));
#4620=CARTESIAN_POINT('',(-0.18684895704164,0.0430089964134628,0.19));
#4621=CARTESIAN_POINT('',(-0.18684895704164,0.0430089964134628,0.2));
#4622=CARTESIAN_POINT('',(-0.193139873319497,0.0655287572690158,0.19));
#4623=CARTESIAN_POINT('',(-0.193139873319497,0.0655287572690158,0.2));
#4624=CARTESIAN_POINT('',(-0.234873241666889,0.0734811495196872,0.19));
#4625=CARTESIAN_POINT('',(-0.234873241666889,0.0734811495196872,0.2));
#4626=CARTESIAN_POINT('',(-0.266543372657924,0.0633900088361226,0.19));
#4627=CARTESIAN_POINT('',(-0.266543372657924,0.0633900088361226,0.2));
#4628=CARTESIAN_POINT('',(-0.273633440514469,0.0360932475884242,0.19));
#4629=CARTESIAN_POINT('',(-0.273633440514469,0.0360932475884242,0.2));
#4630=CARTESIAN_POINT('',(-0.185852090032154,0.0258038585209001,0.19));
#4631=CARTESIAN_POINT('',(-0.185691318327974,0.0298231511254017,0.19));
#4632=CARTESIAN_POINT('',(-0.185691318327974,0.0325562700964628,0.19));
#4633=CARTESIAN_POINT('',(-0.185691318327974,0.045739549839228,0.19));
#4634=CARTESIAN_POINT('',(-0.188424437299035,0.0542604501607715,0.19));
#4635=CARTESIAN_POINT('',(-0.194051446945338,0.0594051446945335,0.19));
#4636=CARTESIAN_POINT('',(-0.201529940423682,0.066242624446163,0.19));
#4637=CARTESIAN_POINT('',(-0.213022508038585,0.0693729903536975,0.19));
#4638=CARTESIAN_POINT('',(-0.227974276527331,0.0695337620578776,0.19));
#4639=CARTESIAN_POINT('',(-0.241797316134788,0.0696823968923663,0.19));
#4640=CARTESIAN_POINT('',(-0.252090032154341,0.0669614147909965,0.19));
#4641=CARTESIAN_POINT('',(-0.258842443729903,0.0621382636655946,0.19));
#4642=CARTESIAN_POINT('',(-0.265564439037108,0.0573368384461629,0.19));
#4643=CARTESIAN_POINT('',(-0.270418006430868,0.0484726688102891,0.19));
#4644=CARTESIAN_POINT('',(-0.273633440514469,0.0360932475884242,0.19));
#4645=CARTESIAN_POINT('',(-0.273633440514469,0.0360932475884242,0.19));
#4646=CARTESIAN_POINT('',(-0.273633440514469,0.0360932475884242,0.19));
#4647=CARTESIAN_POINT('',(-0.273633440514469,0.0360932475884242,0.19));
#4648=CARTESIAN_POINT('',(-0.273633440514469,0.0360932475884242,0.19));
#4649=CARTESIAN_POINT('',(-0.283440514469453,0.0373794212218647,0.19));
#4650=CARTESIAN_POINT('',(-0.293247588424437,0.0386655948553052,0.19));
#4651=CARTESIAN_POINT('',(-0.303054662379421,0.0399517684887457,0.19));
#4652=CARTESIAN_POINT('',(-0.303054662379421,0.0399517684887457,0.19));
#4653=CARTESIAN_POINT('',(-0.303054662379421,0.0399517684887457,0.19));
#4654=CARTESIAN_POINT('',(-0.303054662379421,0.0399517684887457,0.19));
#4655=CARTESIAN_POINT('',(-0.303054662379421,0.0399517684887457,0.2));
#4656=CARTESIAN_POINT('',(-0.290151010856888,0.102050591440934,0.19));
#4657=CARTESIAN_POINT('',(-0.290151010856888,0.102050591440934,0.2));
#4658=CARTESIAN_POINT('',(-0.102334001308544,0.118148517316976,0.19));
#4659=CARTESIAN_POINT('',(-0.102334001308544,0.118148517316976,0.2));
#4660=CARTESIAN_POINT('',(-0.173499695383888,-0.0361013423209653,0.19));
#4661=CARTESIAN_POINT('',(-0.173499695383888,-0.0361013423209653,0.2));
#4662=CARTESIAN_POINT('',(-0.147106109324759,-0.0852893890675244,0.19));
#4663=CARTESIAN_POINT('',(-0.147106109324759,-0.0852893890675244,0.2));
#4664=CARTESIAN_POINT('',(-0.303054662379421,0.0399517684887457,0.19));
#4665=CARTESIAN_POINT('',(-0.30048231511254,0.0523311897106107,0.19));
#4666=CARTESIAN_POINT('',(-0.296141479099678,0.0622990353697747,0.19));
#4667=CARTESIAN_POINT('',(-0.290032154340836,0.0700160771704178,0.19));
#4668=CARTESIAN_POINT('',(-0.284001070667486,0.0776342881262287,0.19));
#4669=CARTESIAN_POINT('',(-0.27524115755627,0.0835209003215432,0.19));
#4670=CARTESIAN_POINT('',(-0.263826366559485,0.0877009646302248,0.19));
#4671=CARTESIAN_POINT('',(-0.252321726761782,0.0919139313167079,0.19));
#4672=CARTESIAN_POINT('',(-0.239067524115756,0.0938102893890673,0.19));
#4673=CARTESIAN_POINT('',(-0.209003215434084,0.0938102893890673,0.19));
#4674=CARTESIAN_POINT('',(-0.196945337620579,0.0920418006430866,0.19));
#4675=CARTESIAN_POINT('',(-0.187459807073955,0.0885048231511252,0.19));
#4676=CARTESIAN_POINT('',(-0.178115423135717,0.085020476597884,0.19));
#4677=CARTESIAN_POINT('',(-0.171221864951768,0.080627009646302,0.19));
#4678=CARTESIAN_POINT('',(-0.162540192926045,0.0700160771704178,0.19));
#4679=CARTESIAN_POINT('',(-0.159485530546624,0.0632636655948551,0.19));
#4680=CARTESIAN_POINT('',(-0.157717041800643,0.0552250803858518,0.19));
#4681=CARTESIAN_POINT('',(-0.156585505888011,0.0500817353284316,0.19));
#4682=CARTESIAN_POINT('',(-0.156109324758842,0.0409163987138261,0.19));
#4683=CARTESIAN_POINT('',(-0.156109324758842,0.0277331189710608,0.19));
#4684=CARTESIAN_POINT('',(-0.156109324758842,0.0144962486602355,0.19));
#4685=CARTESIAN_POINT('',(-0.156109324758842,0.00125937834941027,0.19));
#4686=CARTESIAN_POINT('',(-0.156109324758842,-0.011977491961415,0.19));
#4687=CARTESIAN_POINT('',(-0.156109324758842,-0.0396302250803861,0.19));
#4688=CARTESIAN_POINT('',(-0.155466237942122,-0.0569935691318331,0.19));
#4689=CARTESIAN_POINT('',(-0.154340836012862,-0.064389067524116,0.19));
#4690=CARTESIAN_POINT('',(-0.153235706912812,-0.0716513444673001,0.19));
#4691=CARTESIAN_POINT('',(-0.15064308681672,-0.0786977491961417,0.19));
#4692=CARTESIAN_POINT('',(-0.147106109324759,-0.0852893890675244,0.19));
#4693=CARTESIAN_POINT('',(-0.147106109324759,-0.0852893890675244,0.19));
#4694=CARTESIAN_POINT('',(-0.147106109324759,-0.0852893890675244,0.19));
#4695=CARTESIAN_POINT('',(-0.267363344051447,-0.0581189710610935,0.19));
#4696=CARTESIAN_POINT('',(-0.267363344051447,-0.0581189710610935,0.2));
#4697=CARTESIAN_POINT('',(-0.253218996495483,-0.0703519202986836,0.19));
#4698=CARTESIAN_POINT('',(-0.253218996495483,-0.0703519202986836,0.2));
#4699=CARTESIAN_POINT('',(-0.192184995915341,-0.0669789905817807,0.19));
#4700=CARTESIAN_POINT('',(-0.192184995915341,-0.0669789905817807,0.2));
#4701=CARTESIAN_POINT('',(-0.186014887088888,-0.01918714556641,0.19));
#4702=CARTESIAN_POINT('',(-0.186014887088888,-0.01918714556641,0.2));
#4703=CARTESIAN_POINT('',(-0.185691318327974,0.00249196141479074,0.19));
#4704=CARTESIAN_POINT('',(-0.185691318327974,0.00249196141479074,0.2));
#4705=CARTESIAN_POINT('',(-0.267363344051447,-0.0581189710610935,0.2));
#4706=CARTESIAN_POINT('',(-0.261243269826383,-0.0634120082287166,0.2));
#4707=CARTESIAN_POINT('',(-0.252572347266881,-0.0661575562700967,0.2));
#4708=CARTESIAN_POINT('',(-0.240996784565916,-0.0659967845659166,0.2));
#4709=CARTESIAN_POINT('',(-0.229425686884316,-0.0658360748758944,0.2));
#4710=CARTESIAN_POINT('',(-0.219292604501608,-0.0635852090032157,0.2));
#4711=CARTESIAN_POINT('',(-0.210289389067524,-0.0586012861736337,0.2));
#4712=CARTESIAN_POINT('',(-0.201409234425315,-0.0536854862824106,0.2));
#4713=CARTESIAN_POINT('',(-0.194855305466238,-0.046704180064309,0.2));
#4714=CARTESIAN_POINT('',(-0.190675241157556,-0.0380225080385855,0.2));
#4715=CARTESIAN_POINT('',(-0.187493644325726,-0.031414576157091,0.2));
#4716=CARTESIAN_POINT('',(-0.185852090032154,-0.0214630225080388,0.2));
#4717=CARTESIAN_POINT('',(-0.185852090032154,-0.00827974276527356,0.2));
#4718=CARTESIAN_POINT('',(-0.185852090032154,-0.00468917470525213,0.2));
#4719=CARTESIAN_POINT('',(-0.185744908896034,-0.00109860664523068,0.2));
#4720=CARTESIAN_POINT('',(-0.185691318327974,0.00249196141479074,0.2));
#4721=CARTESIAN_POINT('',(-0.267363344051447,-0.0581189710610935,0.2));
#4722=CARTESIAN_POINT('',(-0.185691318327974,0.00249196141479074,0.2));
#4723=CARTESIAN_POINT('',(-0.267363344051447,-0.0581189710610935,0.19));
#4724=CARTESIAN_POINT('',(-0.267363344051447,-0.0581189710610935,0.19));
#4725=CARTESIAN_POINT('',(-0.267363344051447,-0.0581189710610935,0.19));
#4726=CARTESIAN_POINT('',(-0.261243269826383,-0.0634120082287166,0.19));
#4727=CARTESIAN_POINT('',(-0.252572347266881,-0.0661575562700967,0.19));
#4728=CARTESIAN_POINT('',(-0.240996784565916,-0.0659967845659166,0.19));
#4729=CARTESIAN_POINT('',(-0.229425686884316,-0.0658360748758944,0.19));
#4730=CARTESIAN_POINT('',(-0.219292604501608,-0.0635852090032157,0.19));
#4731=CARTESIAN_POINT('',(-0.210289389067524,-0.0586012861736337,0.19));
#4732=CARTESIAN_POINT('',(-0.201409234425315,-0.0536854862824106,0.19));
#4733=CARTESIAN_POINT('',(-0.194855305466238,-0.046704180064309,0.19));
#4734=CARTESIAN_POINT('',(-0.190675241157556,-0.0380225080385855,0.19));
#4735=CARTESIAN_POINT('',(-0.187493644325726,-0.031414576157091,0.19));
#4736=CARTESIAN_POINT('',(-0.185852090032154,-0.0214630225080388,0.19));
#4737=CARTESIAN_POINT('',(-0.185852090032154,-0.00827974276527356,0.19));
#4738=CARTESIAN_POINT('',(-0.185852090032154,-0.00468917470525213,0.19));
#4739=CARTESIAN_POINT('',(-0.185744908896034,-0.00109860664523068,0.19));
#4740=CARTESIAN_POINT('',(-0.185691318327974,0.00249196141479074,0.19));
#4741=CARTESIAN_POINT('',(-0.185691318327974,0.00249196141479074,0.19));
#4742=CARTESIAN_POINT('',(-0.185691318327974,0.00249196141479074,0.19));
#4743=CARTESIAN_POINT('',(-0.185691318327974,0.00249196141479074,0.19));
#4744=CARTESIAN_POINT('',(-0.185691318327974,0.00249196141479074,0.2));
#4745=CARTESIAN_POINT('',(-0.199644019168513,-0.00313076877468002,0.19));
#4746=CARTESIAN_POINT('',(-0.199644019168513,-0.00313076877468002,0.2));
#4747=CARTESIAN_POINT('',(-0.260875808824573,-0.000195403044525577,0.19));
#4748=CARTESIAN_POINT('',(-0.260875808824573,-0.000195403044525577,0.2));
#4749=CARTESIAN_POINT('',(-0.284265721349693,-0.0435006988031504,0.19));
#4750=CARTESIAN_POINT('',(-0.284265721349693,-0.0435006988031504,0.2));
#4751=CARTESIAN_POINT('',(-0.267363344051447,-0.0581189710610935,0.19));
#4752=CARTESIAN_POINT('',(-0.267363344051447,-0.0581189710610935,0.2));
#4753=CARTESIAN_POINT('',(-0.185691318327974,0.00249196141479074,0.2));
#4754=CARTESIAN_POINT('',(-0.196463022508038,-0.00184887459807098,0.2));
#4755=CARTESIAN_POINT('',(-0.212700964630225,-0.00554662379421246,0.2));
#4756=CARTESIAN_POINT('',(-0.234405144694534,-0.00860128617363368,0.2));
#4757=CARTESIAN_POINT('',(-0.246630532679751,-0.0103218963345161,0.2));
#4758=CARTESIAN_POINT('',(-0.255305466237942,-0.0124598070739552,0.2));
#4759=CARTESIAN_POINT('',(-0.260450160771704,-0.0145498392282961,0.2));
#4760=CARTESIAN_POINT('',(-0.26565091652,-0.0166626462510413,0.2));
#4761=CARTESIAN_POINT('',(-0.269453376205788,-0.0200160771704183,0.2));
#4762=CARTESIAN_POINT('',(-0.272186495176849,-0.0241961414790999,0.2));
#4763=CARTESIAN_POINT('',(-0.275041400796361,-0.0285624677207073,0.2));
#4764=CARTESIAN_POINT('',(-0.27636655948553,-0.0331993569131836,0.2));
#4765=CARTESIAN_POINT('',(-0.27636655948553,-0.0463826366559488,0.2));
#4766=CARTESIAN_POINT('',(-0.273311897106109,-0.0529742765273314,0.2));
#4767=CARTESIAN_POINT('',(-0.267363344051447,-0.0581189710610935,0.2));
#4768=CARTESIAN_POINT('',(-0.185691318327974,0.00249196141479074,0.19));
#4769=CARTESIAN_POINT('',(-0.196463022508038,-0.00184887459807098,0.19));
#4770=CARTESIAN_POINT('',(-0.212700964630225,-0.00554662379421246,0.19));
#4771=CARTESIAN_POINT('',(-0.234405144694534,-0.00860128617363368,0.19));
#4772=CARTESIAN_POINT('',(-0.246630532679751,-0.0103218963345161,0.19));
#4773=CARTESIAN_POINT('',(-0.255305466237942,-0.0124598070739552,0.19));
#4774=CARTESIAN_POINT('',(-0.260450160771704,-0.0145498392282961,0.19));
#4775=CARTESIAN_POINT('',(-0.26565091652,-0.0166626462510413,0.19));
#4776=CARTESIAN_POINT('',(-0.269453376205788,-0.0200160771704183,0.19));
#4777=CARTESIAN_POINT('',(-0.272186495176849,-0.0241961414790999,0.19));
#4778=CARTESIAN_POINT('',(-0.275041400796361,-0.0285624677207073,0.19));
#4779=CARTESIAN_POINT('',(-0.27636655948553,-0.0331993569131836,0.19));
#4780=CARTESIAN_POINT('',(-0.27636655948553,-0.0463826366559488,0.19));
#4781=CARTESIAN_POINT('',(-0.273311897106109,-0.0529742765273314,0.19));
#4782=CARTESIAN_POINT('',(-0.267363344051447,-0.0581189710610935,0.19));
#4783=CARTESIAN_POINT('',(-0.147106109324759,-0.0852893890675244,0.19));
#4784=CARTESIAN_POINT('',(-0.147106109324759,-0.0852893890675244,0.19));
#4785=CARTESIAN_POINT('',(-0.157288317256163,-0.0852893890675244,0.19));
#4786=CARTESIAN_POINT('',(-0.167470525187567,-0.0852893890675244,0.19));
#4787=CARTESIAN_POINT('',(-0.177652733118971,-0.0852893890675244,0.19));
#4788=CARTESIAN_POINT('',(-0.181631832797427,-0.0751808681672027,0.19));
#4789=CARTESIAN_POINT('',(-0.55,-0.25,0.2));
#4790=CARTESIAN_POINT('',(-0.0813504823151124,-0.0852893890675244,0.19));
#4791=CARTESIAN_POINT('',(-0.0813504823151124,-0.0852893890675244,0.19));
#4792=CARTESIAN_POINT('',(-0.0813504823151124,-0.0852893890675244,0.19));
#4793=CARTESIAN_POINT('',(-0.0813504823151124,-0.0852893890675244,0.19));
#4794=CARTESIAN_POINT('',(-0.0911575562700963,-0.0852893890675244,0.19));
#4795=CARTESIAN_POINT('',(-0.10096463022508,-0.0852893890675244,0.19));
#4796=CARTESIAN_POINT('',(-0.110771704180064,-0.0852893890675244,0.19));
#4797=CARTESIAN_POINT('',(-0.110771704180064,-0.0852893890675244,0.19));
#4798=CARTESIAN_POINT('',(-0.110771704180064,-0.0852893890675244,0.19));
#4799=CARTESIAN_POINT('',(-0.110771704180064,-0.0852893890675244,0.19));
#4800=CARTESIAN_POINT('',(-0.110771704180064,-0.0852893890675244,0.19));
#4801=CARTESIAN_POINT('',(-0.110771704180064,-0.026875669882101,0.19));
#4802=CARTESIAN_POINT('',(-0.110771704180064,0.0315380493033224,0.19));
#4803=CARTESIAN_POINT('',(-0.110771704180064,0.0899517684887457,0.19));
#4804=CARTESIAN_POINT('',(-0.110771704180064,0.0899517684887457,0.19));
#4805=CARTESIAN_POINT('',(-0.110771704180064,0.0899517684887457,0.19));
#4806=CARTESIAN_POINT('',(-0.110771704180064,0.0899517684887457,0.19));
#4807=CARTESIAN_POINT('',(-0.110771704180064,0.0899517684887457,0.19));
#4808=CARTESIAN_POINT('',(-0.101875669882101,0.0899517684887457,0.19));
#4809=CARTESIAN_POINT('',(-0.0929796355841371,0.0899517684887457,0.19));
#4810=CARTESIAN_POINT('',(-0.0840836012861736,0.0899517684887457,0.19));
#4811=CARTESIAN_POINT('',(-0.0840836012861736,0.0899517684887457,0.19));
#4812=CARTESIAN_POINT('',(-0.0840836012861736,0.0899517684887457,0.19));
#4813=CARTESIAN_POINT('',(-0.0840836012861736,0.0899517684887457,0.19));
#4814=CARTESIAN_POINT('',(-0.0840836012861736,0.0899517684887457,0.19));
#4815=CARTESIAN_POINT('',(-0.0840836012861736,0.0811093247588422,0.19));
#4816=CARTESIAN_POINT('',(-0.0840836012861736,0.0722668810289387,0.19));
#4817=CARTESIAN_POINT('',(-0.0840836012861736,0.0634244372990351,0.19));
#4818=CARTESIAN_POINT('',(-0.0840836012861736,0.0634244372990351,0.19));
#4819=CARTESIAN_POINT('',(-0.0840836012861736,0.0634244372990351,0.19));
#4820=CARTESIAN_POINT('',(-0.0840836012861736,0.0634244372990351,0.19));
#4821=CARTESIAN_POINT('',(-0.0840836012861736,0.0634244372990351,0.2));
#4822=CARTESIAN_POINT('',(-0.0659653262684119,0.0966412748315982,0.19));
#4823=CARTESIAN_POINT('',(-0.0659653262684119,0.0966412748315982,0.2));
#4824=CARTESIAN_POINT('',(-0.0438038470854819,0.101090790654816,0.19));
#4825=CARTESIAN_POINT('',(-0.0438038470854819,0.101090790654816,0.2));
#4826=CARTESIAN_POINT('',(-0.0167202572347266,0.0843247588424435,0.19));
#4827=CARTESIAN_POINT('',(-0.0167202572347266,0.0843247588424435,0.2));
#4828=CARTESIAN_POINT('',(-0.0840836012861736,0.0634244372990351,0.19));
#4829=CARTESIAN_POINT('',(-0.0773311897106109,0.0758038585209001,0.19));
#4830=CARTESIAN_POINT('',(-0.0712218649517684,0.0840032154340834,0.19));
#4831=CARTESIAN_POINT('',(-0.0655948553054662,0.0878617363344049,0.19));
#4832=CARTESIAN_POINT('',(-0.0597835071976805,0.0918466607511723,0.19));
#4833=CARTESIAN_POINT('',(-0.0535369774919614,0.0938102893890673,0.19));
#4834=CARTESIAN_POINT('',(-0.0368167202572346,0.0938102893890673,0.19));
#4835=CARTESIAN_POINT('',(-0.0268488745980705,0.090594855305466,0.19));
#4836=CARTESIAN_POINT('',(-0.0167202572347266,0.0843247588424435,0.19));
#4837=CARTESIAN_POINT('',(-0.0167202572347266,0.0843247588424435,0.19));
#4838=CARTESIAN_POINT('',(-0.0167202572347266,0.0843247588424435,0.19));
#4839=CARTESIAN_POINT('',(-0.0167202572347266,0.0843247588424435,0.19));
#4840=CARTESIAN_POINT('',(-0.0167202572347266,0.0843247588424435,0.19));
#4841=CARTESIAN_POINT('',(-0.0201500535905679,0.0752679528402999,0.19));
#4842=CARTESIAN_POINT('',(-0.0235798499464093,0.0662111468381562,0.19));
#4843=CARTESIAN_POINT('',(-0.0270096463022506,0.0571543408360126,0.19));
#4844=CARTESIAN_POINT('',(-0.0270096463022506,0.0571543408360126,0.19));
#4845=CARTESIAN_POINT('',(-0.0270096463022506,0.0571543408360126,0.19));
#4846=CARTESIAN_POINT('',(-0.0270096463022506,0.0571543408360126,0.19));
#4847=CARTESIAN_POINT('',(-0.0270096463022506,0.0571543408360126,0.2));
#4848=CARTESIAN_POINT('',(-0.0576154181908958,0.0745439839545608,0.19));
#4849=CARTESIAN_POINT('',(-0.0576154181908958,0.0745439839545608,0.2));
#4850=CARTESIAN_POINT('',(-0.0931827082324051,0.00704224347538597,0.19));
#4851=CARTESIAN_POINT('',(-0.0931827082324051,0.00704224347538597,0.2));
#4852=CARTESIAN_POINT('',(-0.0813504823151124,-0.054021668434402,0.19));
#4853=CARTESIAN_POINT('',(-0.0813504823151124,-0.054021668434402,0.2));
#4854=CARTESIAN_POINT('',(-0.0813504823151124,-0.0852893890675244,0.19));
#4855=CARTESIAN_POINT('',(-0.0813504823151124,-0.0852893890675244,0.2));
#4856=CARTESIAN_POINT('',(-0.0270096463022506,0.0571543408360126,0.19));
#4857=CARTESIAN_POINT('',(-0.0340836012861735,0.0611736334405142,0.19));
#4858=CARTESIAN_POINT('',(-0.0413183279742765,0.0632636655948551,0.19));
#4859=CARTESIAN_POINT('',(-0.0546623794212217,0.0632636655948551,0.19));
#4860=CARTESIAN_POINT('',(-0.060450160771704,0.0613344051446943,0.19));
#4861=CARTESIAN_POINT('',(-0.0654340836012861,0.0573151125401927,0.19));
#4862=CARTESIAN_POINT('',(-0.0704368611200091,0.0532806145412227,0.19));
#4863=CARTESIAN_POINT('',(-0.0741157556270094,0.0479903536977489,0.19));
#4864=CARTESIAN_POINT('',(-0.0763665594855304,0.0410771704180062,0.19));
#4865=CARTESIAN_POINT('',(-0.0797983474712852,0.0305366787474743,0.19));
#4866=CARTESIAN_POINT('',(-0.0813504823151124,0.0188906752411573,0.19));
#4867=CARTESIAN_POINT('',(-0.0813504823151124,0.00635048231511229,0.19));
#4868=CARTESIAN_POINT('',(-0.0813504823151124,-0.0241961414790999,0.19));
#4869=CARTESIAN_POINT('',(-0.0813504823151124,-0.0547427652733121,0.19));
#4870=CARTESIAN_POINT('',(-0.0813504823151124,-0.0852893890675244,0.19));
#4871=CARTESIAN_POINT('',(-0.0564947152648618,0.092345441330671,0.19));
#4872=CARTESIAN_POINT('',(0.0313504823151126,-0.0852893890675244,0.19));
#4873=CARTESIAN_POINT('',(0.0313504823151126,-0.0852893890675244,0.19));
#4874=CARTESIAN_POINT('',(0.0313504823151126,-0.0852893890675244,0.19));
#4875=CARTESIAN_POINT('',(0.0313504823151126,-0.0852893890675244,0.19));
#4876=CARTESIAN_POINT('',(0.00176848874598081,-0.0852893890675244,0.19));
#4877=CARTESIAN_POINT('',(0.00176848874598081,-0.0852893890675244,0.19));
#4878=CARTESIAN_POINT('',(0.00176848874598081,-0.0852893890675244,0.19));
#4879=CARTESIAN_POINT('',(0.00176848874598081,-0.0852893890675244,0.19));
#4880=CARTESIAN_POINT('',(0.00176848874598081,-0.0852893890675244,0.19));
#4881=CARTESIAN_POINT('',(0.00176848874598081,0.156189710610932,0.19));
#4882=CARTESIAN_POINT('',(0.00176848874598081,0.156189710610932,0.19));
#4883=CARTESIAN_POINT('',(0.00176848874598081,0.156189710610932,0.19));
#4884=CARTESIAN_POINT('',(0.00176848874598081,0.156189710610932,0.19));
#4885=CARTESIAN_POINT('',(0.00176848874598081,0.156189710610932,0.19));
#4886=CARTESIAN_POINT('',(0.0313504823151126,0.156189710610932,0.19));
#4887=CARTESIAN_POINT('',(0.0313504823151126,0.156189710610932,0.19));
#4888=CARTESIAN_POINT('',(0.0313504823151126,0.156189710610932,0.19));
#4889=CARTESIAN_POINT('',(0.0313504823151126,0.156189710610932,0.19));
#4890=CARTESIAN_POINT('',(0.0313504823151126,0.156189710610932,0.19));
#4891=CARTESIAN_POINT('',(0.0313504823151126,0.0188906752411573,0.19));
#4892=CARTESIAN_POINT('',(0.0313504823151126,0.0188906752411573,0.19));
#4893=CARTESIAN_POINT('',(0.0313504823151126,0.0188906752411573,0.19));
#4894=CARTESIAN_POINT('',(0.0313504823151126,0.0188906752411573,0.19));
#4895=CARTESIAN_POINT('',(0.0313504823151126,0.0188906752411573,0.19));
#4896=CARTESIAN_POINT('',(0.101929260450161,0.0899517684887457,0.19));
#4897=CARTESIAN_POINT('',(0.101929260450161,0.0899517684887457,0.19));
#4898=CARTESIAN_POINT('',(0.101929260450161,0.0899517684887457,0.19));
#4899=CARTESIAN_POINT('',(0.101929260450161,0.0899517684887457,0.19));
#4900=CARTESIAN_POINT('',(0.101929260450161,0.0899517684887457,0.19));
#4901=CARTESIAN_POINT('',(0.140514469453376,0.0899517684887457,0.19));
#4902=CARTESIAN_POINT('',(0.140514469453376,0.0899517684887457,0.19));
#4903=CARTESIAN_POINT('',(0.140514469453376,0.0899517684887457,0.19));
#4904=CARTESIAN_POINT('',(0.140514469453376,0.0899517684887457,0.19));
#4905=CARTESIAN_POINT('',(0.140514469453376,0.0899517684887457,0.19));
#4906=CARTESIAN_POINT('',(0.0733118971061094,0.0246784565916396,0.19));
#4907=CARTESIAN_POINT('',(0.0733118971061094,0.0246784565916396,0.19));
#4908=CARTESIAN_POINT('',(0.0733118971061094,0.0246784565916396,0.19));
#4909=CARTESIAN_POINT('',(0.0733118971061094,0.0246784565916396,0.19));
#4910=CARTESIAN_POINT('',(0.0733118971061094,0.0246784565916396,0.19));
#4911=CARTESIAN_POINT('',(0.147266881028939,-0.0852893890675244,0.19));
#4912=CARTESIAN_POINT('',(0.147266881028939,-0.0852893890675244,0.19));
#4913=CARTESIAN_POINT('',(0.147266881028939,-0.0852893890675244,0.19));
#4914=CARTESIAN_POINT('',(0.147266881028939,-0.0852893890675244,0.19));
#4915=CARTESIAN_POINT('',(0.147266881028939,-0.0852893890675244,0.19));
#4916=CARTESIAN_POINT('',(0.110610932475884,-0.0852893890675244,0.19));
#4917=CARTESIAN_POINT('',(0.110610932475884,-0.0852893890675244,0.19));
#4918=CARTESIAN_POINT('',(0.110610932475884,-0.0852893890675244,0.19));
#4919=CARTESIAN_POINT('',(0.110610932475884,-0.0852893890675244,0.19));
#4920=CARTESIAN_POINT('',(0.110610932475884,-0.0852893890675244,0.19));
#4921=CARTESIAN_POINT('',(0.051929260450161,0.00393890675241132,0.19));
#4922=CARTESIAN_POINT('',(0.051929260450161,0.00393890675241132,0.19));
#4923=CARTESIAN_POINT('',(0.051929260450161,0.00393890675241132,0.19));
#4924=CARTESIAN_POINT('',(0.051929260450161,0.00393890675241132,0.19));
#4925=CARTESIAN_POINT('',(0.051929260450161,0.00393890675241132,0.19));
#4926=CARTESIAN_POINT('',(0.0313504823151126,-0.0159967845659167,0.19));
#4927=CARTESIAN_POINT('',(0.0313504823151126,-0.0159967845659167,0.19));
#4928=CARTESIAN_POINT('',(0.0313504823151126,-0.0159967845659167,0.19));
#4929=CARTESIAN_POINT('',(0.0313504823151126,-0.0159967845659167,0.19));
#4930=CARTESIAN_POINT('',(0.0313504823151126,-0.0159967845659167,0.19));
#4931=CARTESIAN_POINT('',(0.0313504823151126,-0.0852893890675244,0.19));
#4932=CARTESIAN_POINT('',(0.0165594855305467,-0.0852893890675244,0.19));
#4933=CARTESIAN_POINT('',(0.20064308681672,0.122266881028939,0.19));
#4934=CARTESIAN_POINT('',(0.20064308681672,0.122266881028939,0.19));
#4935=CARTESIAN_POINT('',(0.20064308681672,0.122266881028939,0.19));
#4936=CARTESIAN_POINT('',(0.20064308681672,0.122266881028939,0.19));
#4937=CARTESIAN_POINT('',(0.171061093247589,0.122266881028939,0.19));
#4938=CARTESIAN_POINT('',(0.171061093247589,0.122266881028939,0.19));
#4939=CARTESIAN_POINT('',(0.171061093247589,0.122266881028939,0.19));
#4940=CARTESIAN_POINT('',(0.171061093247589,0.122266881028939,0.19));
#4941=CARTESIAN_POINT('',(0.171061093247589,0.122266881028939,0.19));
#4942=CARTESIAN_POINT('',(0.171061093247589,0.156189710610932,0.19));
#4943=CARTESIAN_POINT('',(0.171061093247589,0.156189710610932,0.19));
#4944=CARTESIAN_POINT('',(0.171061093247589,0.156189710610932,0.19));
#4945=CARTESIAN_POINT('',(0.171061093247589,0.156189710610932,0.19));
#4946=CARTESIAN_POINT('',(0.171061093247589,0.156189710610932,0.19));
#4947=CARTESIAN_POINT('',(0.20064308681672,0.156189710610932,0.19));
#4948=CARTESIAN_POINT('',(0.20064308681672,0.156189710610932,0.19));
#4949=CARTESIAN_POINT('',(0.20064308681672,0.156189710610932,0.19));
#4950=CARTESIAN_POINT('',(0.20064308681672,0.156189710610932,0.19));
#4951=CARTESIAN_POINT('',(0.20064308681672,0.156189710610932,0.19));
#4952=CARTESIAN_POINT('',(0.20064308681672,0.122266881028939,0.19));
#4953=CARTESIAN_POINT('',(0.185852090032154,0.122266881028939,0.19));
#4954=CARTESIAN_POINT('',(0.20064308681672,-0.0852893890675244,0.19));
#4955=CARTESIAN_POINT('',(0.20064308681672,-0.0852893890675244,0.19));
#4956=CARTESIAN_POINT('',(0.20064308681672,-0.0852893890675244,0.19));
#4957=CARTESIAN_POINT('',(0.20064308681672,-0.0852893890675244,0.19));
#4958=CARTESIAN_POINT('',(0.171061093247589,-0.0852893890675244,0.19));
#4959=CARTESIAN_POINT('',(0.171061093247589,-0.0852893890675244,0.19));
#4960=CARTESIAN_POINT('',(0.171061093247589,-0.0852893890675244,0.19));
#4961=CARTESIAN_POINT('',(0.171061093247589,-0.0852893890675244,0.19));
#4962=CARTESIAN_POINT('',(0.171061093247589,-0.0852893890675244,0.19));
#4963=CARTESIAN_POINT('',(0.171061093247589,0.0899517684887457,0.19));
#4964=CARTESIAN_POINT('',(0.171061093247589,0.0899517684887457,0.19));
#4965=CARTESIAN_POINT('',(0.171061093247589,0.0899517684887457,0.19));
#4966=CARTESIAN_POINT('',(0.171061093247589,0.0899517684887457,0.19));
#4967=CARTESIAN_POINT('',(0.171061093247589,0.0899517684887457,0.19));
#4968=CARTESIAN_POINT('',(0.20064308681672,0.0899517684887457,0.19));
#4969=CARTESIAN_POINT('',(0.20064308681672,0.0899517684887457,0.19));
#4970=CARTESIAN_POINT('',(0.20064308681672,0.0899517684887457,0.19));
#4971=CARTESIAN_POINT('',(0.20064308681672,0.0899517684887457,0.19));
#4972=CARTESIAN_POINT('',(0.20064308681672,0.0899517684887457,0.19));
#4973=CARTESIAN_POINT('',(0.20064308681672,-0.0852893890675244,0.19));
#4974=CARTESIAN_POINT('',(0.185852090032154,-0.0852893890675244,0.19));
#4975=CARTESIAN_POINT('',(0.27491961414791,-0.0852893890675244,0.19));
#4976=CARTESIAN_POINT('',(0.27491961414791,-0.0852893890675244,0.19));
#4977=CARTESIAN_POINT('',(0.27491961414791,-0.0852893890675244,0.19));
#4978=CARTESIAN_POINT('',(0.27491961414791,-0.0852893890675244,0.19));
#4979=CARTESIAN_POINT('',(0.265058949624866,-0.0852893890675244,0.19));
#4980=CARTESIAN_POINT('',(0.255198285101822,-0.0852893890675244,0.19));
#4981=CARTESIAN_POINT('',(0.245337620578778,-0.0852893890675244,0.19));
#4982=CARTESIAN_POINT('',(0.245337620578778,-0.0852893890675244,0.19));
#4983=CARTESIAN_POINT('',(0.245337620578778,-0.0852893890675244,0.19));
#4984=CARTESIAN_POINT('',(0.245337620578778,-0.0852893890675244,0.19));
#4985=CARTESIAN_POINT('',(0.245337620578778,-0.0852893890675244,0.19));
#4986=CARTESIAN_POINT('',(0.245337620578778,-0.026875669882101,0.19));
#4987=CARTESIAN_POINT('',(0.245337620578779,0.0315380493033224,0.19));
#4988=CARTESIAN_POINT('',(0.245337620578778,0.0899517684887457,0.19));
#4989=CARTESIAN_POINT('',(0.245337620578778,0.0899517684887457,0.19));
#4990=CARTESIAN_POINT('',(0.245337620578778,0.0899517684887457,0.19));
#4991=CARTESIAN_POINT('',(0.245337620578778,0.0899517684887457,0.19));
#4992=CARTESIAN_POINT('',(0.245337620578778,0.0899517684887457,0.19));
#4993=CARTESIAN_POINT('',(0.254233654876742,0.0899517684887457,0.19));
#4994=CARTESIAN_POINT('',(0.263129689174705,0.0899517684887457,0.19));
#4995=CARTESIAN_POINT('',(0.272025723472669,0.0899517684887457,0.19));
#4996=CARTESIAN_POINT('',(0.272025723472669,0.0899517684887457,0.19));
#4997=CARTESIAN_POINT('',(0.272025723472669,0.0899517684887457,0.19));
#4998=CARTESIAN_POINT('',(0.272025723472669,0.0899517684887457,0.19));
#4999=CARTESIAN_POINT('',(0.272025723472669,0.0899517684887457,0.19));
#5000=CARTESIAN_POINT('',(0.272025723472669,0.0816452304394424,0.19));
#5001=CARTESIAN_POINT('',(0.272025723472669,0.0733386923901391,0.19));
#5002=CARTESIAN_POINT('',(0.272025723472669,0.0650321543408358,0.19));
#5003=CARTESIAN_POINT('',(0.272025723472669,0.0650321543408358,0.19));
#5004=CARTESIAN_POINT('',(0.272025723472669,0.0650321543408358,0.19));
#5005=CARTESIAN_POINT('',(0.272025723472669,0.0650321543408358,0.19));
#5006=CARTESIAN_POINT('',(0.272025723472669,0.0650321543408358,0.2));
#5007=CARTESIAN_POINT('',(0.299263582165182,0.105548469145949,0.19));
#5008=CARTESIAN_POINT('',(0.299263582165182,0.105548469145949,0.2));
#5009=CARTESIAN_POINT('',(0.426604544253825,0.0773003512505462,0.19));
#5010=CARTESIAN_POINT('',(0.426604544253825,0.0773003512505462,0.2));
#5011=CARTESIAN_POINT('',(0.387781350482315,-0.0384002494366572,0.19));
#5012=CARTESIAN_POINT('',(0.387781350482315,-0.0384002494366572,0.2));
#5013=CARTESIAN_POINT('',(0.387781350482315,-0.0852893890675244,0.19));
#5014=CARTESIAN_POINT('',(0.387781350482315,-0.0852893890675244,0.2));
#5015=CARTESIAN_POINT('',(0.272025723472669,0.0650321543408358,0.19));
#5016=CARTESIAN_POINT('',(0.284887459807074,0.0841639871382634,0.19));
#5017=CARTESIAN_POINT('',(0.303536977491962,0.0938102893890673,0.19));
#5018=CARTESIAN_POINT('',(0.338424437299035,0.0938102893890673,0.19));
#5019=CARTESIAN_POINT('',(0.34807073954984,0.0918810289389065,0.19));
#5020=CARTESIAN_POINT('',(0.356913183279743,0.0881832797427651,0.19));
#5021=CARTESIAN_POINT('',(0.365812851603284,0.0844616002620114,0.19));
#5022=CARTESIAN_POINT('',(0.372508038585209,0.0793408360128615,0.19));
#5023=CARTESIAN_POINT('',(0.376848874598071,0.073231511254019,0.19));
#5024=CARTESIAN_POINT('',(0.38126562030651,0.0670153506273276,0.19));
#5025=CARTESIAN_POINT('',(0.384405144694534,0.0597266881028936,0.19));
#5026=CARTESIAN_POINT('',(0.386012861736334,0.0512057877813502,0.19));
#5027=CARTESIAN_POINT('',(0.387047459983928,0.0457224170691022,0.19));
#5028=CARTESIAN_POINT('',(0.387781350482315,0.0360932475884242,0.19));
#5029=CARTESIAN_POINT('',(0.387781350482315,0.0224276527331187,0.19));
#5030=CARTESIAN_POINT('',(0.387781350482315,-0.0134780278670957,0.19));
#5031=CARTESIAN_POINT('',(0.387781350482315,-0.04938370846731,0.19));
#5032=CARTESIAN_POINT('',(0.387781350482315,-0.0852893890675244,0.19));
#5033=CARTESIAN_POINT('',(0.387781350482315,-0.0852893890675244,0.19));
#5034=CARTESIAN_POINT('',(0.387781350482315,-0.0852893890675244,0.19));
#5035=CARTESIAN_POINT('',(0.387781350482315,-0.0852893890675244,0.19));
#5036=CARTESIAN_POINT('',(0.387781350482315,-0.0852893890675244,0.19));
#5037=CARTESIAN_POINT('',(0.377920685959271,-0.0852893890675244,0.19));
#5038=CARTESIAN_POINT('',(0.368060021436227,-0.0852893890675244,0.19));
#5039=CARTESIAN_POINT('',(0.358199356913183,-0.0852893890675244,0.19));
#5040=CARTESIAN_POINT('',(0.358199356913183,-0.0852893890675244,0.19));
#5041=CARTESIAN_POINT('',(0.358199356913183,-0.0852893890675244,0.19));
#5042=CARTESIAN_POINT('',(0.358199356913184,-0.0852893890675244,0.19));
#5043=CARTESIAN_POINT('',(0.358199356913184,-0.0852893890675244,0.2));
#5044=CARTESIAN_POINT('',(0.358199356913184,-0.055609192888061,0.19));
#5045=CARTESIAN_POINT('',(0.358199356913184,-0.055609192888061,0.2));
#5046=CARTESIAN_POINT('',(0.354593243539958,-0.013530315734813,0.19));
#5047=CARTESIAN_POINT('',(0.354593243539958,-0.013530315734813,0.2));
#5048=CARTESIAN_POINT('',(0.36420954586856,0.0523405222666398,0.19));
#5049=CARTESIAN_POINT('',(0.36420954586856,0.0523405222666398,0.2));
#5050=CARTESIAN_POINT('',(0.300087935684211,0.0847896794299031,0.19));
#5051=CARTESIAN_POINT('',(0.300087935684211,0.0847896794299031,0.2));
#5052=CARTESIAN_POINT('',(0.265767497225619,0.0012055086956125,0.19));
#5053=CARTESIAN_POINT('',(0.265767497225619,0.0012055086956125,0.2));
#5054=CARTESIAN_POINT('',(0.27491961414791,-0.055621022715084,0.19));
#5055=CARTESIAN_POINT('',(0.27491961414791,-0.055621022715084,0.2));
#5056=CARTESIAN_POINT('',(0.27491961414791,-0.0852893890675244,0.19));
#5057=CARTESIAN_POINT('',(0.27491961414791,-0.0852893890675244,0.2));
#5058=CARTESIAN_POINT('',(0.358199356913183,-0.0852893890675244,0.19));
#5059=CARTESIAN_POINT('',(0.358199356913183,-0.0497052518756701,0.19));
#5060=CARTESIAN_POINT('',(0.358199356913183,-0.0141211146838159,0.19));
#5061=CARTESIAN_POINT('',(0.358199356913183,0.0214630225080383,0.19));
#5062=CARTESIAN_POINT('',(0.358199356913183,0.0335209003215432,0.19));
#5063=CARTESIAN_POINT('',(0.357073954983923,0.0425241157556268,0.19));
#5064=CARTESIAN_POINT('',(0.354823151125402,0.0486334405144692,0.19));
#5065=CARTESIAN_POINT('',(0.352605285859933,0.0546533605207432,0.19));
#5066=CARTESIAN_POINT('',(0.3483922829582,0.0594051446945335,0.19));
#5067=CARTESIAN_POINT('',(0.336495176848875,0.0664790996784563,0.19));
#5068=CARTESIAN_POINT('',(0.329581993569132,0.0682475884244371,0.19));
#5069=CARTESIAN_POINT('',(0.321543408360129,0.0684083601286171,0.19));
#5070=CARTESIAN_POINT('',(0.308850736232838,0.0686622135711629,0.19));
#5071=CARTESIAN_POINT('',(0.297909967845659,0.0642282958199354,0.19));
#5072=CARTESIAN_POINT('',(0.279581993569132,0.048151125401929,0.19));
#5073=CARTESIAN_POINT('',(0.27491961414791,0.0328778135048229,0.19));
#5074=CARTESIAN_POINT('',(0.27491961414791,0.010530546623794,0.19));
#5075=CARTESIAN_POINT('',(0.27491961414791,-0.0214094319399788,0.19));
#5076=CARTESIAN_POINT('',(0.27491961414791,-0.0533494105037516,0.19));
#5077=CARTESIAN_POINT('',(0.27491961414791,-0.0852893890675244,0.19));
#5078=CARTESIAN_POINT('',(0.385063505288786,0.0554372305525962,0.19));
#5079=CARTESIAN_POINT('',(0.576366559485531,0.0899517684887457,0.19));
#5080=CARTESIAN_POINT('',(0.576366559485531,0.0899517684887457,0.2));
#5081=CARTESIAN_POINT('',(0.576366559485531,0.0568882036031983,0.19));
#5082=CARTESIAN_POINT('',(0.576366559485531,0.0568882036031983,0.2));
#5083=CARTESIAN_POINT('',(0.572929879390198,-0.00522253972360331,0.19));
#5084=CARTESIAN_POINT('',(0.572929879390198,-0.00522253972360331,0.2));
#5085=CARTESIAN_POINT('',(0.588394939819195,-0.122486973379565,0.19));
#5086=CARTESIAN_POINT('',(0.588394939819195,-0.122486973379565,0.2));
#5087=CARTESIAN_POINT('',(0.499969247249963,-0.173456321396348,0.19));
#5088=CARTESIAN_POINT('',(0.499969247249963,-0.173456321396348,0.2));
#5089=CARTESIAN_POINT('',(0.42682796222543,-0.138362746249916,0.19));
#5090=CARTESIAN_POINT('',(0.42682796222543,-0.138362746249916,0.2));
#5091=CARTESIAN_POINT('',(0.427813504823151,-0.0995980707395501,0.19));
#5092=CARTESIAN_POINT('',(0.427813504823151,-0.0995980707395501,0.2));
#5093=CARTESIAN_POINT('',(0.576366559485531,0.0899517684887457,0.19));
#5094=CARTESIAN_POINT('',(0.576366559485531,0.0899517684887457,0.19));
#5095=CARTESIAN_POINT('',(0.576366559485531,0.0899517684887457,0.19));
#5096=CARTESIAN_POINT('',(0.576366559485531,0.0394694533762055,0.19));
#5097=CARTESIAN_POINT('',(0.576366559485531,-0.0110128617363347,0.19));
#5098=CARTESIAN_POINT('',(0.576366559485531,-0.0614951768488749,0.19));
#5099=CARTESIAN_POINT('',(0.576366559485531,-0.0886655948553057,0.19));
#5100=CARTESIAN_POINT('',(0.57363344051447,-0.107958199356913,0.19));
#5101=CARTESIAN_POINT('',(0.568006430868167,-0.119372990353698,0.19));
#5102=CARTESIAN_POINT('',(0.562410852013059,-0.130724021745489,0.19));
#5103=CARTESIAN_POINT('',(0.553697749196142,-0.139790996784566,0.19));
#5104=CARTESIAN_POINT('',(0.529581993569132,-0.152974276527331,0.19));
#5105=CARTESIAN_POINT('',(0.514790996784566,-0.156189710610933,0.19));
#5106=CARTESIAN_POINT('',(0.476205787781351,-0.156189710610933,0.19));
#5107=CARTESIAN_POINT('',(0.459324758842444,-0.151527331189711,0.19));
#5108=CARTESIAN_POINT('',(0.446463022508039,-0.142202572347267,0.19));
#5109=CARTESIAN_POINT('',(0.433524885036047,-0.132822422680073,0.19));
#5110=CARTESIAN_POINT('',(0.427331189710611,-0.118569131832798,0.19));
#5111=CARTESIAN_POINT('',(0.427813504823151,-0.0995980707395501,0.19));
#5112=CARTESIAN_POINT('',(0.427813504823151,-0.0995980707395501,0.19));
#5113=CARTESIAN_POINT('',(0.427813504823151,-0.0995980707395501,0.19));
#5114=CARTESIAN_POINT('',(0.427813504823151,-0.0995980707395501,0.19));
#5115=CARTESIAN_POINT('',(0.427813504823151,-0.0995980707395501,0.19));
#5116=CARTESIAN_POINT('',(0.437459807073955,-0.100884244372991,0.19));
#5117=CARTESIAN_POINT('',(0.447106109324759,-0.102170418006431,0.19));
#5118=CARTESIAN_POINT('',(0.456752411575563,-0.103456591639872,0.19));
#5119=CARTESIAN_POINT('',(0.456752411575563,-0.103456591639872,0.19));
#5120=CARTESIAN_POINT('',(0.456752411575563,-0.103456591639872,0.19));
#5121=CARTESIAN_POINT('',(0.456752411575563,-0.103456591639872,0.19));
#5122=CARTESIAN_POINT('',(0.456752411575563,-0.103456591639872,0.2));
#5123=CARTESIAN_POINT('',(0.460548386191229,-0.134366670653158,0.19));
#5124=CARTESIAN_POINT('',(0.460548386191229,-0.134366670653158,0.2));
#5125=CARTESIAN_POINT('',(0.543892360341813,-0.135849478640411,0.19));
#5126=CARTESIAN_POINT('',(0.543892360341813,-0.135849478640411,0.2));
#5127=CARTESIAN_POINT('',(0.546945337620579,-0.101951592092044,0.19));
#5128=CARTESIAN_POINT('',(0.546945337620579,-0.101951592092044,0.2));
#5129=CARTESIAN_POINT('',(0.546945337620579,-0.0626205787781353,0.19));
#5130=CARTESIAN_POINT('',(0.546945337620579,-0.0626205787781353,0.2));
#5131=CARTESIAN_POINT('',(0.456752411575563,-0.103456591639872,0.19));
#5132=CARTESIAN_POINT('',(0.457877813504823,-0.112620578778135,0.19));
#5133=CARTESIAN_POINT('',(0.461254019292605,-0.119212218649518,0.19));
#5134=CARTESIAN_POINT('',(0.466881028938907,-0.1233922829582,0.19));
#5135=CARTESIAN_POINT('',(0.474340294750944,-0.128933451847141,0.19));
#5136=CARTESIAN_POINT('',(0.484405144694534,-0.131913183279743,0.19));
#5137=CARTESIAN_POINT('',(0.511254019292605,-0.131913183279743,0.19));
#5138=CARTESIAN_POINT('',(0.521864951768489,-0.129180064308682,0.19));
#5139=CARTESIAN_POINT('',(0.536977491961415,-0.118247588424438,0.19));
#5140=CARTESIAN_POINT('',(0.542122186495177,-0.110530546623794,0.19));
#5141=CARTESIAN_POINT('',(0.544694533762058,-0.10056270096463,0.19));
#5142=CARTESIAN_POINT('',(0.546234177711552,-0.0945965806603406,0.19));
#5143=CARTESIAN_POINT('',(0.546945337620579,-0.081913183279743,0.19));
#5144=CARTESIAN_POINT('',(0.546945337620579,-0.0626205787781353,0.19));
#5145=CARTESIAN_POINT('',(0.546945337620579,-0.0626205787781353,0.19));
#5146=CARTESIAN_POINT('',(0.546945337620579,-0.0626205787781353,0.19));
#5147=CARTESIAN_POINT('',(0.546945337620579,-0.0626205787781353,0.19));
#5148=CARTESIAN_POINT('',(0.546945337620579,-0.0626205787781353,0.2));
#5149=CARTESIAN_POINT('',(0.499901240645025,-0.117122886249814,0.19));
#5150=CARTESIAN_POINT('',(0.499901240645025,-0.117122886249814,0.2));
#5151=CARTESIAN_POINT('',(0.341720054884387,0.00649617055545238,0.19));
#5152=CARTESIAN_POINT('',(0.341720054884387,0.00649617055545238,0.2));
#5153=CARTESIAN_POINT('',(0.505440759403044,0.123705481614362,0.19));
#5154=CARTESIAN_POINT('',(0.505440759403044,0.123705481614362,0.2));
#5155=CARTESIAN_POINT('',(0.54967845659164,0.0684083601286171,0.19));
#5156=CARTESIAN_POINT('',(0.54967845659164,0.0684083601286171,0.2));
#5157=CARTESIAN_POINT('',(0.546945337620579,-0.0626205787781353,0.19));
#5158=CARTESIAN_POINT('',(0.533762057877814,-0.0778938906752414,0.19));
#5159=CARTESIAN_POINT('',(0.517524115755627,-0.0852893890675244,0.19));
#5160=CARTESIAN_POINT('',(0.47395498392283,-0.0852893890675244,0.19));
#5161=CARTESIAN_POINT('',(0.455305466237942,-0.076768488745981,0.19));
#5162=CARTESIAN_POINT('',(0.441961414790997,-0.059244372990354,0.19));
#5163=CARTESIAN_POINT('',(0.428753860833546,-0.0418995129739427,0.19));
#5164=CARTESIAN_POINT('',(0.422186495176849,-0.0211414790996787,0.19));
#5165=CARTESIAN_POINT('',(0.422186495176849,0.0198553054662377,0.19));
#5166=CARTESIAN_POINT('',(0.42508038585209,0.0352893890675239,0.19));
#5167=CARTESIAN_POINT('',(0.431189710610933,0.0495980707395496,0.19));
#5168=CARTESIAN_POINT('',(0.437182915796142,0.0636347881470136,0.19));
#5169=CARTESIAN_POINT('',(0.446141479099678,0.0745176848874596,0.19));
#5170=CARTESIAN_POINT('',(0.469292604501608,0.0899517684887457,0.19));
#5171=CARTESIAN_POINT('',(0.482797427652733,0.0938102893890673,0.19));
#5172=CARTESIAN_POINT('',(0.519131832797428,0.0938102893890673,0.19));
#5173=CARTESIAN_POINT('',(0.536173633440514,0.0852893890675239,0.19));
#5174=CARTESIAN_POINT('',(0.54967845659164,0.0684083601286171,0.19));
#5175=CARTESIAN_POINT('',(0.54967845659164,0.0684083601286171,0.19));
#5176=CARTESIAN_POINT('',(0.54967845659164,0.0684083601286171,0.19));
#5177=CARTESIAN_POINT('',(0.54967845659164,0.0684083601286171,0.19));
#5178=CARTESIAN_POINT('',(0.54967845659164,0.0684083601286171,0.19));
#5179=CARTESIAN_POINT('',(0.54967845659164,0.07558949624866,0.19));
#5180=CARTESIAN_POINT('',(0.54967845659164,0.0827706323687029,0.19));
#5181=CARTESIAN_POINT('',(0.54967845659164,0.0899517684887457,0.19));
#5182=CARTESIAN_POINT('',(0.54967845659164,0.0899517684887457,0.19));
#5183=CARTESIAN_POINT('',(0.54967845659164,0.0899517684887457,0.19));
#5184=CARTESIAN_POINT('',(0.459149858138949,0.0557556358940163,0.19));
#5185=CARTESIAN_POINT('',(0.459149858138949,0.0557556358940163,0.2));
#5186=CARTESIAN_POINT('',(0.446121905594052,0.00448059208967729,0.19));
#5187=CARTESIAN_POINT('',(0.446121905594052,0.00448059208967729,0.2));
#5188=CARTESIAN_POINT('',(0.473647095243396,-0.0712537452713955,0.19));
#5189=CARTESIAN_POINT('',(0.473647095243396,-0.0712537452713955,0.2));
#5190=CARTESIAN_POINT('',(0.552862954189052,-0.0557554138351016,0.19));
#5191=CARTESIAN_POINT('',(0.552862954189052,-0.0557554138351016,0.2));
#5192=CARTESIAN_POINT('',(0.560803470278029,0.0406316489606604,0.19));
#5193=CARTESIAN_POINT('',(0.560803470278029,0.0406316489606604,0.2));
#5194=CARTESIAN_POINT('',(0.504615916516595,0.0764477348449188,0.19));
#5195=CARTESIAN_POINT('',(0.504615916516595,0.0764477348449188,0.2));
#5196=CARTESIAN_POINT('',(0.459149858138949,0.0557556358940163,0.19));
#5197=CARTESIAN_POINT('',(0.459149858138949,0.0557556358940163,0.2));
#5198=CARTESIAN_POINT('',(0.446121905594052,0.00448059208967729,0.19));
#5199=CARTESIAN_POINT('',(0.446121905594052,0.00448059208967729,0.2));
#5200=CARTESIAN_POINT('',(0.473647095243396,-0.0712537452713955,0.19));
#5201=CARTESIAN_POINT('',(0.473647095243396,-0.0712537452713955,0.2));
#5202=CARTESIAN_POINT('',(0.452733118971061,0.00538585209003192,0.19));
#5203=CARTESIAN_POINT('',(0.452733118971061,-0.0177652733118974,0.19));
#5204=CARTESIAN_POINT('',(0.457234726688103,-0.0344855305466241,0.19));
#5205=CARTESIAN_POINT('',(0.47556270096463,-0.0557073954983926,0.19));
#5206=CARTESIAN_POINT('',(0.487138263665595,-0.0610128617363347,0.19));
#5207=CARTESIAN_POINT('',(0.514630225080386,-0.0610128617363347,0.19));
#5208=CARTESIAN_POINT('',(0.526045016077171,-0.0557073954983926,0.19));
#5209=CARTESIAN_POINT('',(0.535209003215434,-0.0452572347266883,0.19));
#5210=CARTESIAN_POINT('',(0.544522576442923,-0.0346364933269207,0.19));
#5211=CARTESIAN_POINT('',(0.5491961414791,-0.0180868167202575,0.19));
#5212=CARTESIAN_POINT('',(0.5491961414791,0.0259646302250801,0.19));
#5213=CARTESIAN_POINT('',(0.544372990353698,0.0420418006430866,0.19));
#5214=CARTESIAN_POINT('',(0.534887459807074,0.053135048231511,0.19));
#5215=CARTESIAN_POINT('',(0.525481339792811,0.0641354258753104,0.19));
#5216=CARTESIAN_POINT('',(0.513826366559486,0.0693729903536975,0.19));
#5217=CARTESIAN_POINT('',(0.50032154340836,0.0695337620578776,0.19));
#5218=CARTESIAN_POINT('',(0.487142045457135,0.0696906608430112,0.19));
#5219=CARTESIAN_POINT('',(0.47588424437299,0.0640675241157554,0.19));
#5220=CARTESIAN_POINT('',(0.466559485530547,0.0532958199356911,0.19));
#5221=CARTESIAN_POINT('',(0.457303596675734,0.0426036724654757,0.19));
#5222=CARTESIAN_POINT('',(0.452733118971061,0.0266077170418004,0.19));
#5223=CARTESIAN_POINT('',(0.452733118971061,0.00538585209003192,0.19));
#5224=CARTESIAN_POINT('',(0.452733118971061,0.00538585209003192,0.19));
#5225=CARTESIAN_POINT('',(0.452733118971061,0.00538585209003192,0.2));
#5226=CARTESIAN_POINT('',(0.452733118971061,-0.0177652733118974,0.2));
#5227=CARTESIAN_POINT('',(0.457234726688103,-0.0344855305466241,0.2));
#5228=CARTESIAN_POINT('',(0.47556270096463,-0.0557073954983926,0.2));
#5229=CARTESIAN_POINT('',(0.487138263665595,-0.0610128617363347,0.2));
#5230=CARTESIAN_POINT('',(0.514630225080386,-0.0610128617363347,0.2));
#5231=CARTESIAN_POINT('',(0.526045016077171,-0.0557073954983926,0.2));
#5232=CARTESIAN_POINT('',(0.535209003215434,-0.0452572347266883,0.2));
#5233=CARTESIAN_POINT('',(0.544522576442923,-0.0346364933269207,0.2));
#5234=CARTESIAN_POINT('',(0.5491961414791,-0.0180868167202575,0.2));
#5235=CARTESIAN_POINT('',(0.5491961414791,0.0259646302250801,0.2));
#5236=CARTESIAN_POINT('',(0.544372990353698,0.0420418006430866,0.2));
#5237=CARTESIAN_POINT('',(0.534887459807074,0.053135048231511,0.2));
#5238=CARTESIAN_POINT('',(0.525481339792811,0.0641354258753104,0.2));
#5239=CARTESIAN_POINT('',(0.513826366559486,0.0693729903536975,0.2));
#5240=CARTESIAN_POINT('',(0.50032154340836,0.0695337620578776,0.2));
#5241=CARTESIAN_POINT('',(0.487142045457135,0.0696906608430112,0.2));
#5242=CARTESIAN_POINT('',(0.47588424437299,0.0640675241157554,0.2));
#5243=CARTESIAN_POINT('',(0.466559485530547,0.0532958199356911,0.2));
#5244=CARTESIAN_POINT('',(0.457303596675734,0.0426036724654757,0.2));
#5245=CARTESIAN_POINT('',(0.452733118971061,0.0266077170418004,0.2));
#5246=CARTESIAN_POINT('',(0.452733118971061,0.00538585209003192,0.2));
#5247=CARTESIAN_POINT('',(0.452733118971061,0.00538585209003192,0.2));
#5248=CARTESIAN_POINT('',(0.54967845659164,0.0899517684887457,0.19));
#5249=CARTESIAN_POINT('',(0.54967845659164,0.0899517684887457,0.19));
#5250=CARTESIAN_POINT('',(0.558574490889604,0.0899517684887457,0.19));
#5251=CARTESIAN_POINT('',(0.567470525187567,0.0899517684887457,0.19));
#5252=CARTESIAN_POINT('',(0.576366559485531,0.0899517684887457,0.19));
#5253=CARTESIAN_POINT('',(0.57107981431949,-0.111437792439701,0.19));
#5254=CARTESIAN_POINT('',(-0.55,-0.25,0.2));
#5255=CARTESIAN_POINT('',(0.,-2.71050543121376E-17,0.300000000000001));
#5256=MECHANICAL_DESIGN_GEOMETRIC_PRESENTATION_REPRESENTATION('',(#2377,
#2378,#2379,#2380,#2381,#2382,#2383,#2384,#2385,#2386,#2387,#2388,#2389,
#2390,#2391,#2392,#2393,#2394,#2395,#2396,#2397,#2398,#2399,#2400,#2401,
#2402,#2403,#2404,#2405,#2406,#2407,#2408,#2409,#2410,#2411,#2412,#2413,
#2414,#2415,#2416,#2417,#2418,#2419,#2420,#2421,#2422,#2423,#2424,#2425,
#2426,#2427,#2428,#2429,#2430,#2431,#2432,#2433,#2434,#2435,#2436,#2437,
#2438,#2439,#2440,#2441,#2442,#2443,#2444,#2445,#2446,#2447,#2448,#2449,
#2450,#2451,#2452,#2453,#2454,#2455,#2456,#2457,#2458,#2459,#2460,#2461,
#2462,#2463,#2464,#2465,#2466,#2467,#2468,#2469,#2470),#5257);
#5257=(
GEOMETRIC_REPRESENTATION_CONTEXT(3)
GLOBAL_UNCERTAINTY_ASSIGNED_CONTEXT((#5261))
GLOBAL_UNIT_ASSIGNED_CONTEXT((#5267,#5266,#5265))
REPRESENTATION_CONTEXT('IQXC-90','TOP_LEVEL_ASSEMBLY_PART')
);
#5258=(
GEOMETRIC_REPRESENTATION_CONTEXT(3)
GLOBAL_UNCERTAINTY_ASSIGNED_CONTEXT((#5262))
GLOBAL_UNIT_ASSIGNED_CONTEXT((#5267,#5266,#5265))
REPRESENTATION_CONTEXT('Body','COMPONENT_PART')
);
#5259=(
GEOMETRIC_REPRESENTATION_CONTEXT(3)
GLOBAL_UNCERTAINTY_ASSIGNED_CONTEXT((#5263))
GLOBAL_UNIT_ASSIGNED_CONTEXT((#5267,#5266,#5265))
REPRESENTATION_CONTEXT('Pins','COMPONENT_PART')
);
#5260=(
GEOMETRIC_REPRESENTATION_CONTEXT(3)
GLOBAL_UNCERTAINTY_ASSIGNED_CONTEXT((#5264))
GLOBAL_UNIT_ASSIGNED_CONTEXT((#5267,#5266,#5265))
REPRESENTATION_CONTEXT('Cover','COMPONENT_PART')
);
#5261=UNCERTAINTY_MEASURE_WITH_UNIT(LENGTH_MEASURE(0.005),#5267,
'DISTANCE_ACCURACY_VALUE','Maximum Tolerance applied to model');
#5262=UNCERTAINTY_MEASURE_WITH_UNIT(LENGTH_MEASURE(0.005),#5267,
'DISTANCE_ACCURACY_VALUE','Maximum Tolerance applied to model');
#5263=UNCERTAINTY_MEASURE_WITH_UNIT(LENGTH_MEASURE(0.005),#5267,
'DISTANCE_ACCURACY_VALUE','Maximum Tolerance applied to model');
#5264=UNCERTAINTY_MEASURE_WITH_UNIT(LENGTH_MEASURE(0.005),#5267,
'DISTANCE_ACCURACY_VALUE','Maximum Tolerance applied to model');
#5265=(
NAMED_UNIT(*)
SI_UNIT($,.STERADIAN.)
SOLID_ANGLE_UNIT()
);
#5266=(
NAMED_UNIT(*)
PLANE_ANGLE_UNIT()
SI_UNIT($,.RADIAN.)
);
#5267=(
LENGTH_UNIT()
NAMED_UNIT(*)
SI_UNIT(.MILLI.,.METRE.)
);
#5268=PRODUCT_DEFINITION_SHAPE('','',#5275);
#5269=PRODUCT_DEFINITION_SHAPE('','',#5276);
#5270=PRODUCT_DEFINITION_SHAPE(' ','NAUO PRDDFN',#161);
#5271=PRODUCT_DEFINITION_SHAPE('','',#5277);
#5272=PRODUCT_DEFINITION_SHAPE(' ','NAUO PRDDFN',#162);
#5273=PRODUCT_DEFINITION_SHAPE('','',#5278);
#5274=PRODUCT_DEFINITION_SHAPE(' ','NAUO PRDDFN',#163);
#5275=PRODUCT_DEFINITION('','',#5283,#5279);
#5276=PRODUCT_DEFINITION('','',#5284,#5280);
#5277=PRODUCT_DEFINITION('','',#5285,#5281);
#5278=PRODUCT_DEFINITION('','',#5286,#5282);
#5279=PRODUCT_DEFINITION_CONTEXT('',#5304,'design');
#5280=PRODUCT_DEFINITION_CONTEXT('',#5304,'design');
#5281=PRODUCT_DEFINITION_CONTEXT('',#5304,'design');
#5282=PRODUCT_DEFINITION_CONTEXT('',#5304,'design');
#5283=PRODUCT_DEFINITION_FORMATION_WITH_SPECIFIED_SOURCE('','',#5291,
 .NOT_KNOWN.);
#5284=PRODUCT_DEFINITION_FORMATION_WITH_SPECIFIED_SOURCE('','',#5292,
 .NOT_KNOWN.);
#5285=PRODUCT_DEFINITION_FORMATION_WITH_SPECIFIED_SOURCE('','',#5293,
 .NOT_KNOWN.);
#5286=PRODUCT_DEFINITION_FORMATION_WITH_SPECIFIED_SOURCE('','',#5294,
 .NOT_KNOWN.);
#5287=PRODUCT_RELATED_PRODUCT_CATEGORY('','',(#5291));
#5288=PRODUCT_RELATED_PRODUCT_CATEGORY('','',(#5292));
#5289=PRODUCT_RELATED_PRODUCT_CATEGORY('','',(#5293));
#5290=PRODUCT_RELATED_PRODUCT_CATEGORY('','',(#5294));
#5291=PRODUCT('IQXC-90','IQXC-90','IQXC-90',(#5299));
#5292=PRODUCT('Body','Body','Body',(#5300));
#5293=PRODUCT('Pins','Pins','Pins',(#5301));
#5294=PRODUCT('Cover','Cover','Cover',(#5302));
#5295=PRODUCT_CATEGORY('','');
#5296=PRODUCT_CATEGORY('','');
#5297=PRODUCT_CATEGORY('','');
#5298=PRODUCT_CATEGORY('','');
#5299=PRODUCT_CONTEXT('',#5304,'mechanical');
#5300=PRODUCT_CONTEXT('',#5304,'mechanical');
#5301=PRODUCT_CONTEXT('',#5304,'mechanical');
#5302=PRODUCT_CONTEXT('',#5304,'mechanical');
#5303=APPLICATION_PROTOCOL_DEFINITION('international standard',
'automotive_design',2010,#5304);
#5304=APPLICATION_CONTEXT(
'core data for automotive mechanical design processes');
ENDSEC;
END-ISO-10303-21;
